2026-06-15 23:10:57,790 - __main__ - INFO - 出力ディレクトリを作成: /workspace/data/XAUUSD/stratum_2_features/feature_value_a_vast_universeC
2026-06-15 23:10:57,790 - __main__ - INFO - DataEngine初期化: /workspace/data/XAUUSD/stratum_1_base/master_processed
2026-06-15 23:10:57,835 - __main__ - INFO - 検出されたタイムフレーム: 15個
2026-06-15 23:10:57,835 - __main__ - INFO - 並列処理スレッド数: 12
2026-06-15 23:10:57,836 - __main__ - INFO - === 通常処理開始: timeframe=M0.5 ===
2026-06-15 23:10:57,836 - __main__ - INFO - DataEngine初期化: /workspace/data/XAUUSD/stratum_1_base/master_processed
2026-06-15 23:10:57,837 - __main__ - INFO - 一時ディレクトリ作成: /tmp/features_e1c_s56m9kcz
2026-06-15 23:10:57,837 - __main__ - INFO - CalculationEngine初期化: e1c_
2026-06-15 23:10:57,842 - __main__ - INFO - OutputEngine初期化: /workspace/data/XAUUSD/stratum_2_features/feature_value_a_vast_universeC
2026-06-15 23:10:57,940 - __main__ - INFO - データサマリー: {'columns': ['timeframe', 'timestamp', 'open', 'high', 'low', 'close', 'volume', 'disc', 'log_return', 'rolling_volatility', 'rolling_avg_volume', 'price_direction', 'price_momentum', 'volume_ratio'], 'dtypes': {'timeframe': 'String', 'timestamp': "Datetime(time_unit='ns', time_zone=None)", 'open': 'Float64', 'high': 'Float64', 'low': 'Float64', 'close': 'Float64', 'volume': 'Int64', 'disc': 'Boolean', 'log_return': 'Float64', 'rolling_volatility': 'Float64', 'rolling_avg_volume': 'Float64', 'price_direction': 'Int8', 'price_momentum': 'Float64', 'volume_ratio': 'Float64'}, 'sample_rows': 1000, 'memory_usage_mb': 0.0850687026977539}
2026-06-15 23:10:58,019 - __main__ - INFO - グループ処理開始: group_1a_rsi_basic (4個の特徴量)
2026-06-15 23:10:58,019 - __main__ - INFO - グループ計算開始: group_1a_rsi_basic
2026-06-15 23:10:58,020 - __main__ - INFO - RSI特徴量計算開始
2026-06-15 23:10:58,020 - __main__ - INFO - RSI特徴量計算完了: 12個
2026-06-15 23:10:58,021 - __main__ - INFO - 品質保証システム適用開始 (EWMベース, timeframe=M0.5)
2026-06-15 23:10:58,021 - __main__ - INFO - 品質保証適用: 6個の特徴量 (timeframe=M0.5)
2026-06-15 23:10:58,022 - __main__ - INFO - 品質保証適用完了: 6列
2026-06-15 23:10:58,023 - __main__ - INFO - グループ計算完了: group_1a_rsi_basic - 6個の特徴量
2026-06-15 23:10:58,914 - __main__ - INFO - [Phase D-3] artifact 抽出完了 (engine_1_C): 6 features (group_1a_rsi_basic)
2026-06-15 23:10:58,988 - __main__ - INFO - グループ処理開始: group_1b_rsi_extended (4個の特徴量)
2026-06-15 23:10:58,989 - __main__ - INFO - グループ計算開始: group_1b_rsi_extended
2026-06-15 23:10:58,989 - __main__ - INFO - RSI特徴量計算開始
2026-06-15 23:10:58,990 - __main__ - INFO - RSI特徴量計算完了: 12個
2026-06-15 23:10:58,990 - __main__ - INFO - 品質保証システム適用開始 (EWMベース, timeframe=M0.5)
2026-06-15 23:10:58,991 - __main__ - INFO - 品質保証適用: 4個の特徴量 (timeframe=M0.5)
2026-06-15 23:10:58,991 - __main__ - INFO - 品質保証適用完了: 4列
2026-06-15 23:10:58,992 - __main__ - INFO - グループ計算完了: group_1b_rsi_extended - 4個の特徴量
2026-06-15 23:10:59,463 - __main__ - INFO - [Phase D-3] artifact 抽出完了 (engine_1_C): 4 features (group_1b_rsi_extended)
2026-06-15 23:10:59,532 - __main__ - INFO - グループ処理開始: group_1c_rsi_stochastic (2個の特徴量)
2026-06-15 23:10:59,533 - __main__ - INFO - グループ計算開始: group_1c_rsi_stochastic
2026-06-15 23:10:59,533 - __main__ - INFO - RSI特徴量計算開始
2026-06-15 23:10:59,534 - __main__ - INFO - RSI特徴量計算完了: 12個
2026-06-15 23:10:59,535 - __main__ - INFO - 品質保証システム適用開始 (EWMベース, timeframe=M0.5)
2026-06-15 23:10:59,535 - __main__ - INFO - 品質保証適用: 2個の特徴量 (timeframe=M0.5)
2026-06-15 23:10:59,536 - __main__ - INFO - 品質保証適用完了: 2列
2026-06-15 23:10:59,536 - __main__ - INFO - グループ計算完了: group_1c_rsi_stochastic - 2個の特徴量
2026-06-15 23:10:59,794 - __main__ - INFO - [Phase D-3] artifact 抽出完了 (engine_1_C): 2 features (group_1c_rsi_stochastic)
2026-06-15 23:10:59,863 - __main__ - INFO - グループ処理開始: group_1d_rsi_divergence (2個の特徴量)
2026-06-15 23:10:59,864 - __main__ - INFO - グループ計算開始: group_1d_rsi_divergence
2026-06-15 23:10:59,864 - __main__ - INFO - RSI特徴量計算開始
2026-06-15 23:10:59,865 - __main__ - INFO - RSI特徴量計算完了: 12個
2026-06-15 23:10:59,865 - __main__ - INFO - 品質保証システム適用開始 (EWMベース, timeframe=M0.5)
2026-06-15 23:10:59,866 - __main__ - INFO - 品質保証適用: 2個の特徴量 (timeframe=M0.5)
2026-06-15 23:10:59,867 - __main__ - INFO - 品質保証適用完了: 2列
2026-06-15 23:10:59,867 - __main__ - INFO - グループ計算完了: group_1d_rsi_divergence - 2個の特徴量
2026-06-15 23:11:00,116 - __main__ - INFO - [Phase D-3] artifact 抽出完了 (engine_1_C): 2 features (group_1d_rsi_divergence)
2026-06-15 23:11:00,180 - __main__ - INFO - グループ処理開始: group_2a_macd_standard (3個の特徴量)
2026-06-15 23:11:00,181 - __main__ - INFO - グループ計算開始: group_2a_macd_standard
2026-06-15 23:11:00,181 - __main__ - INFO - MACD特徴量計算開始
2026-06-15 23:11:00,182 - __main__ - INFO - MACD特徴量計算完了: 9個
2026-06-15 23:11:00,182 - __main__ - INFO - 品質保証システム適用開始 (EWMベース, timeframe=M0.5)
2026-06-15 23:11:00,183 - __main__ - INFO - 品質保証適用: 3個の特徴量 (timeframe=M0.5)
2026-06-15 23:11:00,183 - __main__ - INFO - 品質保証適用完了: 3列
2026-06-15 23:11:00,184 - __main__ - INFO - グループ計算完了: group_2a_macd_standard - 3個の特徴量
2026-06-15 23:11:00,544 - __main__ - INFO - [Phase D-3] artifact 抽出完了 (engine_1_C): 3 features (group_2a_macd_standard)
2026-06-15 23:11:00,609 - __main__ - INFO - グループ処理開始: group_2b_macd_variants (6個の特徴量)
2026-06-15 23:11:00,610 - __main__ - INFO - グループ計算開始: group_2b_macd_variants
2026-06-15 23:11:00,610 - __main__ - INFO - MACD特徴量計算開始
2026-06-15 23:11:00,611 - __main__ - INFO - MACD特徴量計算完了: 9個
2026-06-15 23:11:00,611 - __main__ - INFO - 品質保証システム適用開始 (EWMベース, timeframe=M0.5)
2026-06-15 23:11:00,612 - __main__ - INFO - 品質保証適用: 6個の特徴量 (timeframe=M0.5)
2026-06-15 23:11:00,613 - __main__ - INFO - 品質保証適用完了: 6列
2026-06-15 23:11:00,613 - __main__ - INFO - グループ計算完了: group_2b_macd_variants - 6個の特徴量
2026-06-15 23:11:01,237 - __main__ - INFO - [Phase D-3] artifact 抽出完了 (engine_1_C): 6 features (group_2b_macd_variants)
2026-06-15 23:11:01,304 - __main__ - INFO - グループ処理開始: group_3a_bb_20 (10個の特徴量)
2026-06-15 23:11:01,304 - __main__ - INFO - グループ計算開始: group_3a_bb_20
2026-06-15 23:11:01,305 - __main__ - INFO - ボリンジャーバンド特徴量計算開始
2026-06-15 23:11:01,306 - __main__ - INFO - ボリンジャーバンド特徴量計算完了: 54個
2026-06-15 23:11:01,308 - __main__ - INFO - 品質保証システム適用開始 (EWMベース, timeframe=M0.5)
2026-06-15 23:11:01,309 - __main__ - INFO - 品質保証適用: 14個の特徴量 (timeframe=M0.5)
2026-06-15 23:11:01,310 - __main__ - INFO - 品質保証適用完了: 14列
2026-06-15 23:11:01,311 - __main__ - INFO - グループ計算完了: group_3a_bb_20 - 16個の特徴量
2026-06-15 23:11:03,439 - __main__ - INFO - [Phase D-3] artifact 抽出完了 (engine_1_C): 14 features (group_3a_bb_20)
2026-06-15 23:11:03,517 - __main__ - INFO - グループ処理開始: group_3b_bb_30_50 (26個の特徴量)
2026-06-15 23:11:03,518 - __main__ - INFO - グループ計算開始: group_3b_bb_30_50
2026-06-15 23:11:03,518 - __main__ - INFO - ボリンジャーバンド特徴量計算開始
2026-06-15 23:11:03,519 - __main__ - INFO - ボリンジャーバンド特徴量計算完了: 54個
2026-06-15 23:11:03,521 - __main__ - INFO - 品質保証システム適用開始 (EWMベース, timeframe=M0.5)
2026-06-15 23:11:03,522 - __main__ - INFO - 品質保証適用: 30個の特徴量 (timeframe=M0.5)
2026-06-15 23:11:03,525 - __main__ - INFO - 品質保証適用完了: 30列
2026-06-15 23:11:03,525 - __main__ - INFO - グループ計算完了: group_3b_bb_30_50 - 38個の特徴量
2026-06-15 23:11:08,453 - __main__ - INFO - [Phase D-3] artifact 抽出完了 (engine_1_C): 30 features (group_3b_bb_30_50)
2026-06-15 23:11:08,576 - __main__ - INFO - グループ処理開始: group_3c_bb_variants (6個の特徴量)
2026-06-15 23:11:08,577 - __main__ - INFO - グループ計算開始: group_3c_bb_variants
2026-06-15 23:11:08,577 - __main__ - INFO - ボリンジャーバンド特徴量計算開始
2026-06-15 23:11:08,579 - __main__ - INFO - ボリンジャーバンド特徴量計算完了: 54個
2026-06-15 23:11:08,581 - __main__ - INFO - 品質保証システム適用開始 (EWMベース, timeframe=M0.5)
2026-06-15 23:11:08,582 - __main__ - INFO - 品質保証適用: 6個の特徴量 (timeframe=M0.5)
2026-06-15 23:11:08,583 - __main__ - INFO - 品質保証適用完了: 6列
2026-06-15 23:11:08,583 - __main__ - INFO - グループ計算完了: group_3c_bb_variants - 6個の特徴量
2026-06-15 23:11:09,474 - __main__ - INFO - [Phase D-3] artifact 抽出完了 (engine_1_C): 6 features (group_3c_bb_variants)
2026-06-15 23:11:09,558 - __main__ - INFO - グループ処理開始: group_4a_atr_basic (4個の特徴量)
2026-06-15 23:11:09,559 - __main__ - INFO - グループ計算開始: group_4a_atr_basic
2026-06-15 23:11:09,559 - __main__ - INFO - ATR特徴量計算開始
2026-06-15 23:11:09,560 - __main__ - INFO - ATR特徴量計算完了: 16個
2026-06-15 23:11:09,561 - __main__ - INFO - 品質保証システム適用開始 (EWMベース, timeframe=M0.5)
2026-06-15 23:11:09,561 - __main__ - INFO - 品質保証適用: 4個の特徴量 (timeframe=M0.5)
2026-06-15 23:11:09,562 - __main__ - INFO - 品質保証適用完了: 4列
2026-06-15 23:11:09,563 - __main__ - INFO - グループ計算完了: group_4a_atr_basic - 4個の特徴量
2026-06-15 23:11:10,001 - __main__ - INFO - [Phase D-3] artifact 抽出完了 (engine_1_C): 4 features (group_4a_atr_basic)
2026-06-15 23:11:10,080 - __main__ - INFO - グループ処理開始: group_4b_atr_extended (12個の特徴量)
2026-06-15 23:11:10,080 - __main__ - INFO - グループ計算開始: group_4b_atr_extended
2026-06-15 23:11:10,081 - __main__ - INFO - ATR特徴量計算開始
2026-06-15 23:11:10,082 - __main__ - INFO - ATR特徴量計算完了: 16個
2026-06-15 23:11:10,082 - __main__ - INFO - 品質保証システム適用開始 (EWMベース, timeframe=M0.5)
2026-06-15 23:11:10,083 - __main__ - INFO - 品質保証適用: 12個の特徴量 (timeframe=M0.5)
2026-06-15 23:11:10,084 - __main__ - INFO - 品質保証適用完了: 12列
2026-06-15 23:11:10,085 - __main__ - INFO - グループ計算完了: group_4b_atr_extended - 12個の特徴量
2026-06-15 23:11:11,686 - __main__ - INFO - [Phase D-3] artifact 抽出完了 (engine_1_C): 12 features (group_4b_atr_extended)
2026-06-15 23:11:11,785 - __main__ - INFO - グループ処理開始: group_5a_oscillators_basic (9個の特徴量)
2026-06-15 23:11:11,786 - __main__ - INFO - グループ計算開始: group_5a_oscillators_basic
2026-06-15 23:11:11,786 - __main__ - INFO - オシレーター特徴量計算開始
2026-06-15 23:11:11,787 - __main__ - INFO - オシレーター特徴量計算完了: 30個
2026-06-15 23:11:11,787 - __main__ - INFO - 品質保証システム適用開始 (EWMベース, timeframe=M0.5)
2026-06-15 23:11:11,788 - __main__ - INFO - 品質保証適用: 9個の特徴量 (timeframe=M0.5)
2026-06-15 23:11:11,789 - __main__ - INFO - 品質保証適用完了: 9列
2026-06-15 23:11:11,789 - __main__ - INFO - グループ計算完了: group_5a_oscillators_basic - 9個の特徴量
2026-06-15 23:11:13,117 - __main__ - INFO - [Phase D-3] artifact 抽出完了 (engine_1_C): 9 features (group_5a_oscillators_basic)
2026-06-15 23:11:13,217 - __main__ - INFO - グループ処理開始: group_5b_oscillators_extended (21個の特徴量)
2026-06-15 23:11:13,218 - __main__ - INFO - グループ計算開始: group_5b_oscillators_extended
2026-06-15 23:11:13,219 - __main__ - INFO - オシレーター特徴量計算開始
2026-06-15 23:11:13,221 - __main__ - INFO - オシレーター特徴量計算完了: 30個
2026-06-15 23:11:13,222 - __main__ - INFO - 品質保証システム適用開始 (EWMベース, timeframe=M0.5)
2026-06-15 23:11:13,223 - __main__ - INFO - 品質保証適用: 21個の特徴量 (timeframe=M0.5)
2026-06-15 23:11:13,226 - __main__ - INFO - 品質保証適用完了: 21列
2026-06-15 23:11:13,227 - __main__ - INFO - グループ計算完了: group_5b_oscillators_extended - 21個の特徴量
2026-06-15 23:11:15,906 - __main__ - INFO - [Phase D-3] artifact 抽出完了 (engine_1_C): 21 features (group_5b_oscillators_extended)
2026-06-15 23:11:16,004 - __main__ - INFO - グループ処理開始: group_6a_momentum_basic (8個の特徴量)
2026-06-15 23:11:16,005 - __main__ - INFO - グループ計算開始: group_6a_momentum_basic
2026-06-15 23:11:16,005 - __main__ - INFO - モメンタム特徴量計算開始
2026-06-15 23:11:16,006 - __main__ - INFO - モメンタム特徴量計算完了: 17個
2026-06-15 23:11:16,007 - __main__ - INFO - 品質保証システム適用開始 (EWMベース, timeframe=M0.5)
2026-06-15 23:11:16,007 - __main__ - INFO - 品質保証適用: 8個の特徴量 (timeframe=M0.5)
2026-06-15 23:11:16,008 - __main__ - INFO - 品質保証適用完了: 8列
2026-06-15 23:11:16,009 - __main__ - INFO - グループ計算完了: group_6a_momentum_basic - 8個の特徴量
2026-06-15 23:11:17,013 - __main__ - INFO - [Phase D-3] artifact 抽出完了 (engine_1_C): 8 features (group_6a_momentum_basic)
2026-06-15 23:11:17,094 - __main__ - INFO - グループ処理開始: group_6b_momentum_extended (9個の特徴量)
2026-06-15 23:11:17,094 - __main__ - INFO - グループ計算開始: group_6b_momentum_extended
2026-06-15 23:11:17,095 - __main__ - INFO - モメンタム特徴量計算開始
2026-06-15 23:11:17,095 - __main__ - INFO - モメンタム特徴量計算完了: 17個
2026-06-15 23:11:17,096 - __main__ - INFO - 品質保証システム適用開始 (EWMベース, timeframe=M0.5)
2026-06-15 23:11:17,097 - __main__ - INFO - 品質保証適用: 9個の特徴量 (timeframe=M0.5)
2026-06-15 23:11:17,098 - __main__ - INFO - 品質保証適用完了: 9列
2026-06-15 23:11:17,098 - __main__ - INFO - グループ計算完了: group_6b_momentum_extended - 9個の特徴量
2026-06-15 23:11:18,204 - __main__ - INFO - [Phase D-3] artifact 抽出完了 (engine_1_C): 9 features (group_6b_momentum_extended)
2026-06-15 23:11:18,286 - __main__ - INFO - グループ処理開始: group_7_moving_averages (15個の特徴量)
2026-06-15 23:11:18,286 - __main__ - INFO - グループ計算開始: group_7_moving_averages
2026-06-15 23:11:18,287 - __main__ - INFO - 移動平均線特徴量計算開始
2026-06-15 23:11:18,288 - __main__ - INFO - 移動平均線特徴量計算完了: 39個
2026-06-15 23:11:18,289 - __main__ - INFO - 品質保証システム適用開始 (EWMベース, timeframe=M0.5)
2026-06-15 23:11:18,290 - __main__ - INFO - 品質保証適用: 15個の特徴量 (timeframe=M0.5)
2026-06-15 23:11:18,291 - __main__ - INFO - 品質保証適用完了: 15列
2026-06-15 23:11:18,292 - __main__ - INFO - グループ計算完了: group_7_moving_averages - 19個の特徴量
2026-06-15 23:11:20,099 - __main__ - INFO - [Phase D-3] artifact 抽出完了 (engine_1_C): 15 features (group_7_moving_averages)
2026-06-15 23:11:20,182 - __main__ - INFO - グループ処理開始: group_8_advanced (14個の特徴量)
2026-06-15 23:11:20,183 - __main__ - INFO - グループ計算開始: group_8_advanced
2026-06-15 23:11:20,183 - __main__ - INFO - 高度な指標特徴量計算開始
2026-06-15 23:11:20,184 - __main__ - INFO - 高度な指標特徴量計算完了: 14個
2026-06-15 23:11:20,185 - __main__ - INFO - 品質保証システム適用開始 (EWMベース, timeframe=M0.5)
2026-06-15 23:11:20,187 - __main__ - INFO - 品質保証適用: 14個の特徴量 (timeframe=M0.5)
2026-06-15 23:11:20,188 - __main__ - INFO - 品質保証適用完了: 14列
2026-06-15 23:11:20,188 - __main__ - INFO - グループ計算完了: group_8_advanced - 15個の特徴量
2026-06-15 23:11:22,238 - __main__ - INFO - [Phase D-3] artifact 抽出完了 (engine_1_C): 14 features (group_8_advanced)
2026-06-15 23:11:22,322 - __main__ - INFO - グループ処理開始: group_9_moving_extended (24個の特徴量)
2026-06-15 23:11:22,322 - __main__ - INFO - グループ計算開始: group_9_moving_extended
2026-06-15 23:11:22,323 - __main__ - INFO - 移動平均線特徴量計算開始
2026-06-15 23:11:22,324 - __main__ - INFO - 移動平均線特徴量計算完了: 39個
2026-06-15 23:11:22,325 - __main__ - INFO - 品質保証システム適用開始 (EWMベース, timeframe=M0.5)
2026-06-15 23:11:22,326 - __main__ - INFO - 品質保証適用: 24個の特徴量 (timeframe=M0.5)
2026-06-15 23:11:22,328 - __main__ - INFO - 品質保証適用完了: 24列
2026-06-15 23:11:22,329 - __main__ - INFO - グループ計算完了: group_9_moving_extended - 30個の特徴量
2026-06-15 23:11:25,427 - __main__ - INFO - [Phase D-3] artifact 抽出完了 (engine_1_C): 24 features (group_9_moving_extended)
2026-06-15 23:11:25,530 - __main__ - INFO - 全グループ計算完了。ファイルの結合を開始します...
2026-06-15 23:11:26,676 - __main__ - INFO - NaN埋め処理完了: 184個の特徴量 (basic=7, ホワイトリスト方式)
2026-06-15 23:11:28,103 - __main__ - INFO - 保存完了: features_e1c_M0.5.parquet (200.18MB, 1.42秒)
2026-06-15 23:11:28,104 - __main__ - INFO - === 通常処理完了: M0.5 - 30.27秒 ===
2026-06-15 23:11:28,105 - __main__ - INFO - === 通常処理開始: timeframe=M1 ===
2026-06-15 23:11:28,105 - __main__ - INFO - DataEngine初期化: /workspace/data/XAUUSD/stratum_1_base/master_processed
2026-06-15 23:11:28,106 - __main__ - INFO - 一時ディレクトリ作成: /tmp/features_e1c_iazbrs_o
2026-06-15 23:11:28,107 - __main__ - INFO - CalculationEngine初期化: e1c_
2026-06-15 23:11:28,111 - __main__ - INFO - OutputEngine初期化: /workspace/data/XAUUSD/stratum_2_features/feature_value_a_vast_universeC
2026-06-15 23:11:28,176 - __main__ - INFO - データサマリー: {'columns': ['timeframe', 'timestamp', 'open', 'high', 'low', 'close', 'volume', 'disc', 'log_return', 'rolling_volatility', 'rolling_avg_volume', 'price_direction', 'price_momentum', 'volume_ratio'], 'dtypes': {'timeframe': 'String', 'timestamp': "Datetime(time_unit='ns', time_zone=None)", 'open': 'Float64', 'high': 'Float64', 'low': 'Float64', 'close': 'Float64', 'volume': 'Int64', 'disc': 'Boolean', 'log_return': 'Float64', 'rolling_volatility': 'Float64', 'rolling_avg_volume': 'Float64', 'price_direction': 'Int8', 'price_momentum': 'Float64', 'volume_ratio': 'Float64'}, 'sample_rows': 1000, 'memory_usage_mb': 0.08504581451416016}
2026-06-15 23:11:28,224 - __main__ - INFO - グループ処理開始: group_1a_rsi_basic (4個の特徴量)
2026-06-15 23:11:28,224 - __main__ - INFO - グループ計算開始: group_1a_rsi_basic
2026-06-15 23:11:28,224 - __main__ - INFO - RSI特徴量計算開始
2026-06-15 23:11:28,225 - __main__ - INFO - RSI特徴量計算完了: 12個
2026-06-15 23:11:28,226 - __main__ - INFO - 品質保証システム適用開始 (EWMベース, timeframe=M1)
2026-06-15 23:11:28,226 - __main__ - INFO - 品質保証適用: 6個の特徴量 (timeframe=M1)
2026-06-15 23:11:28,227 - __main__ - INFO - 品質保証適用完了: 6列
2026-06-15 23:11:28,227 - __main__ - INFO - グループ計算完了: group_1a_rsi_basic - 6個の特徴量
2026-06-15 23:11:28,646 - __main__ - INFO - [Phase D-3] artifact 抽出完了 (engine_1_C): 6 features (group_1a_rsi_basic)
2026-06-15 23:11:28,707 - __main__ - INFO - グループ処理開始: group_1b_rsi_extended (4個の特徴量)
2026-06-15 23:11:28,707 - __main__ - INFO - グループ計算開始: group_1b_rsi_extended
2026-06-15 23:11:28,708 - __main__ - INFO - RSI特徴量計算開始
2026-06-15 23:11:28,708 - __main__ - INFO - RSI特徴量計算完了: 12個
2026-06-15 23:11:28,709 - __main__ - INFO - 品質保証システム適用開始 (EWMベース, timeframe=M1)
2026-06-15 23:11:28,709 - __main__ - INFO - 品質保証適用: 4個の特徴量 (timeframe=M1)
2026-06-15 23:11:28,710 - __main__ - INFO - 品質保証適用完了: 4列
2026-06-15 23:11:28,711 - __main__ - INFO - グループ計算完了: group_1b_rsi_extended - 4個の特徴量
2026-06-15 23:11:28,977 - __main__ - INFO - [Phase D-3] artifact 抽出完了 (engine_1_C): 4 features (group_1b_rsi_extended)
2026-06-15 23:11:29,035 - __main__ - INFO - グループ処理開始: group_1c_rsi_stochastic (2個の特徴量)
2026-06-15 23:11:29,035 - __main__ - INFO - グループ計算開始: group_1c_rsi_stochastic
2026-06-15 23:11:29,036 - __main__ - INFO - RSI特徴量計算開始
2026-06-15 23:11:29,037 - __main__ - INFO - RSI特徴量計算完了: 12個
2026-06-15 23:11:29,037 - __main__ - INFO - 品質保証システム適用開始 (EWMベース, timeframe=M1)
2026-06-15 23:11:29,038 - __main__ - INFO - 品質保証適用: 2個の特徴量 (timeframe=M1)
2026-06-15 23:11:29,038 - __main__ - INFO - 品質保証適用完了: 2列
2026-06-15 23:11:29,039 - __main__ - INFO - グループ計算完了: group_1c_rsi_stochastic - 2個の特徴量
2026-06-15 23:11:29,184 - __main__ - INFO - [Phase D-3] artifact 抽出完了 (engine_1_C): 2 features (group_1c_rsi_stochastic)
2026-06-15 23:11:29,258 - __main__ - INFO - グループ処理開始: group_1d_rsi_divergence (2個の特徴量)
2026-06-15 23:11:29,259 - __main__ - INFO - グループ計算開始: group_1d_rsi_divergence
2026-06-15 23:11:29,259 - __main__ - INFO - RSI特徴量計算開始
2026-06-15 23:11:29,260 - __main__ - INFO - RSI特徴量計算完了: 12個
2026-06-15 23:11:29,260 - __main__ - INFO - 品質保証システム適用開始 (EWMベース, timeframe=M1)
2026-06-15 23:11:29,261 - __main__ - INFO - 品質保証適用: 2個の特徴量 (timeframe=M1)
2026-06-15 23:11:29,262 - __main__ - INFO - 品質保証適用完了: 2列
2026-06-15 23:11:29,262 - __main__ - INFO - グループ計算完了: group_1d_rsi_divergence - 2個の特徴量
2026-06-15 23:11:29,401 - __main__ - INFO - [Phase D-3] artifact 抽出完了 (engine_1_C): 2 features (group_1d_rsi_divergence)
2026-06-15 23:11:29,455 - __main__ - INFO - グループ処理開始: group_2a_macd_standard (3個の特徴量)
2026-06-15 23:11:29,455 - __main__ - INFO - グループ計算開始: group_2a_macd_standard
2026-06-15 23:11:29,456 - __main__ - INFO - MACD特徴量計算開始
2026-06-15 23:11:29,456 - __main__ - INFO - MACD特徴量計算完了: 9個
2026-06-15 23:11:29,457 - __main__ - INFO - 品質保証システム適用開始 (EWMベース, timeframe=M1)
2026-06-15 23:11:29,457 - __main__ - INFO - 品質保証適用: 3個の特徴量 (timeframe=M1)
2026-06-15 23:11:29,458 - __main__ - INFO - 品質保証適用完了: 3列
2026-06-15 23:11:29,458 - __main__ - INFO - グループ計算完了: group_2a_macd_standard - 3個の特徴量
2026-06-15 23:11:29,634 - __main__ - INFO - [Phase D-3] artifact 抽出完了 (engine_1_C): 3 features (group_2a_macd_standard)
2026-06-15 23:11:29,691 - __main__ - INFO - グループ処理開始: group_2b_macd_variants (6個の特徴量)
2026-06-15 23:11:29,692 - __main__ - INFO - グループ計算開始: group_2b_macd_variants
2026-06-15 23:11:29,692 - __main__ - INFO - MACD特徴量計算開始
2026-06-15 23:11:29,693 - __main__ - INFO - MACD特徴量計算完了: 9個
2026-06-15 23:11:29,693 - __main__ - INFO - 品質保証システム適用開始 (EWMベース, timeframe=M1)
2026-06-15 23:11:29,694 - __main__ - INFO - 品質保証適用: 6個の特徴量 (timeframe=M1)
2026-06-15 23:11:29,695 - __main__ - INFO - 品質保証適用完了: 6列
2026-06-15 23:11:29,695 - __main__ - INFO - グループ計算完了: group_2b_macd_variants - 6個の特徴量
2026-06-15 23:11:30,087 - __main__ - INFO - [Phase D-3] artifact 抽出完了 (engine_1_C): 6 features (group_2b_macd_variants)
2026-06-15 23:11:30,152 - __main__ - INFO - グループ処理開始: group_3a_bb_20 (10個の特徴量)
2026-06-15 23:11:30,153 - __main__ - INFO - グループ計算開始: group_3a_bb_20
2026-06-15 23:11:30,153 - __main__ - INFO - ボリンジャーバンド特徴量計算開始
2026-06-15 23:11:30,155 - __main__ - INFO - ボリンジャーバンド特徴量計算完了: 54個
2026-06-15 23:11:30,157 - __main__ - INFO - 品質保証システム適用開始 (EWMベース, timeframe=M1)
2026-06-15 23:11:30,158 - __main__ - INFO - 品質保証適用: 14個の特徴量 (timeframe=M1)
2026-06-15 23:11:30,160 - __main__ - INFO - 品質保証適用完了: 14列
2026-06-15 23:11:30,160 - __main__ - INFO - グループ計算完了: group_3a_bb_20 - 16個の特徴量
2026-06-15 23:11:31,179 - __main__ - INFO - [Phase D-3] artifact 抽出完了 (engine_1_C): 14 features (group_3a_bb_20)
2026-06-15 23:11:31,241 - __main__ - INFO - グループ処理開始: group_3b_bb_30_50 (26個の特徴量)
2026-06-15 23:11:31,241 - __main__ - INFO - グループ計算開始: group_3b_bb_30_50
2026-06-15 23:11:31,242 - __main__ - INFO - ボリンジャーバンド特徴量計算開始
2026-06-15 23:11:31,243 - __main__ - INFO - ボリンジャーバンド特徴量計算完了: 54個
2026-06-15 23:11:31,245 - __main__ - INFO - 品質保証システム適用開始 (EWMベース, timeframe=M1)
2026-06-15 23:11:31,247 - __main__ - INFO - 品質保証適用: 30個の特徴量 (timeframe=M1)
2026-06-15 23:11:31,250 - __main__ - INFO - 品質保証適用完了: 30列
2026-06-15 23:11:31,250 - __main__ - INFO - グループ計算完了: group_3b_bb_30_50 - 38個の特徴量
2026-06-15 23:11:33,768 - __main__ - INFO - [Phase D-3] artifact 抽出完了 (engine_1_C): 30 features (group_3b_bb_30_50)
2026-06-15 23:11:33,846 - __main__ - INFO - グループ処理開始: group_3c_bb_variants (6個の特徴量)
2026-06-15 23:11:33,846 - __main__ - INFO - グループ計算開始: group_3c_bb_variants
2026-06-15 23:11:33,847 - __main__ - INFO - ボリンジャーバンド特徴量計算開始
2026-06-15 23:11:33,848 - __main__ - INFO - ボリンジャーバンド特徴量計算完了: 54個
2026-06-15 23:11:33,850 - __main__ - INFO - 品質保証システム適用開始 (EWMベース, timeframe=M1)
2026-06-15 23:11:33,851 - __main__ - INFO - 品質保証適用: 6個の特徴量 (timeframe=M1)
2026-06-15 23:11:33,852 - __main__ - INFO - 品質保証適用完了: 6列
2026-06-15 23:11:33,852 - __main__ - INFO - グループ計算完了: group_3c_bb_variants - 6個の特徴量
2026-06-15 23:11:34,306 - __main__ - INFO - [Phase D-3] artifact 抽出完了 (engine_1_C): 6 features (group_3c_bb_variants)
2026-06-15 23:11:34,367 - __main__ - INFO - グループ処理開始: group_4a_atr_basic (4個の特徴量)
2026-06-15 23:11:34,367 - __main__ - INFO - グループ計算開始: group_4a_atr_basic
2026-06-15 23:11:34,368 - __main__ - INFO - ATR特徴量計算開始
2026-06-15 23:11:34,369 - __main__ - INFO - ATR特徴量計算完了: 16個
2026-06-15 23:11:34,369 - __main__ - INFO - 品質保証システム適用開始 (EWMベース, timeframe=M1)
2026-06-15 23:11:34,370 - __main__ - INFO - 品質保証適用: 4個の特徴量 (timeframe=M1)
2026-06-15 23:11:34,371 - __main__ - INFO - 品質保証適用完了: 4列
2026-06-15 23:11:34,371 - __main__ - INFO - グループ計算完了: group_4a_atr_basic - 4個の特徴量
2026-06-15 23:11:34,610 - __main__ - INFO - [Phase D-3] artifact 抽出完了 (engine_1_C): 4 features (group_4a_atr_basic)
2026-06-15 23:11:34,669 - __main__ - INFO - グループ処理開始: group_4b_atr_extended (12個の特徴量)
2026-06-15 23:11:34,670 - __main__ - INFO - グループ計算開始: group_4b_atr_extended
2026-06-15 23:11:34,670 - __main__ - INFO - ATR特徴量計算開始
2026-06-15 23:11:34,671 - __main__ - INFO - ATR特徴量計算完了: 16個
2026-06-15 23:11:34,672 - __main__ - INFO - 品質保証システム適用開始 (EWMベース, timeframe=M1)
2026-06-15 23:11:34,672 - __main__ - INFO - 品質保証適用: 12個の特徴量 (timeframe=M1)
2026-06-15 23:11:34,674 - __main__ - INFO - 品質保証適用完了: 12列
2026-06-15 23:11:34,674 - __main__ - INFO - グループ計算完了: group_4b_atr_extended - 12個の特徴量
2026-06-15 23:11:35,460 - __main__ - INFO - [Phase D-3] artifact 抽出完了 (engine_1_C): 12 features (group_4b_atr_extended)
2026-06-15 23:11:35,520 - __main__ - INFO - グループ処理開始: group_5a_oscillators_basic (9個の特徴量)
2026-06-15 23:11:35,520 - __main__ - INFO - グループ計算開始: group_5a_oscillators_basic
2026-06-15 23:11:35,521 - __main__ - INFO - オシレーター特徴量計算開始
2026-06-15 23:11:35,522 - __main__ - INFO - オシレーター特徴量計算完了: 30個
2026-06-15 23:11:35,522 - __main__ - INFO - 品質保証システム適用開始 (EWMベース, timeframe=M1)
2026-06-15 23:11:35,523 - __main__ - INFO - 品質保証適用: 9個の特徴量 (timeframe=M1)
2026-06-15 23:11:35,524 - __main__ - INFO - 品質保証適用完了: 9列
2026-06-15 23:11:35,524 - __main__ - INFO - グループ計算完了: group_5a_oscillators_basic - 9個の特徴量
2026-06-15 23:11:36,121 - __main__ - INFO - [Phase D-3] artifact 抽出完了 (engine_1_C): 9 features (group_5a_oscillators_basic)
2026-06-15 23:11:36,180 - __main__ - INFO - グループ処理開始: group_5b_oscillators_extended (21個の特徴量)
2026-06-15 23:11:36,181 - __main__ - INFO - グループ計算開始: group_5b_oscillators_extended
2026-06-15 23:11:36,181 - __main__ - INFO - オシレーター特徴量計算開始
2026-06-15 23:11:36,182 - __main__ - INFO - オシレーター特徴量計算完了: 30個
2026-06-15 23:11:36,183 - __main__ - INFO - 品質保証システム適用開始 (EWMベース, timeframe=M1)
2026-06-15 23:11:36,183 - __main__ - INFO - 品質保証適用: 21個の特徴量 (timeframe=M1)
2026-06-15 23:11:36,185 - __main__ - INFO - 品質保証適用完了: 21列
2026-06-15 23:11:36,186 - __main__ - INFO - グループ計算完了: group_5b_oscillators_extended - 21個の特徴量
2026-06-15 23:11:37,605 - __main__ - INFO - [Phase D-3] artifact 抽出完了 (engine_1_C): 21 features (group_5b_oscillators_extended)
2026-06-15 23:11:37,676 - __main__ - INFO - グループ処理開始: group_6a_momentum_basic (8個の特徴量)
2026-06-15 23:11:37,677 - __main__ - INFO - グループ計算開始: group_6a_momentum_basic
2026-06-15 23:11:37,677 - __main__ - INFO - モメンタム特徴量計算開始
2026-06-15 23:11:37,678 - __main__ - INFO - モメンタム特徴量計算完了: 17個
2026-06-15 23:11:37,679 - __main__ - INFO - 品質保証システム適用開始 (EWMベース, timeframe=M1)
2026-06-15 23:11:37,679 - __main__ - INFO - 品質保証適用: 8個の特徴量 (timeframe=M1)
2026-06-15 23:11:37,681 - __main__ - INFO - 品質保証適用完了: 8列
2026-06-15 23:11:37,681 - __main__ - INFO - グループ計算完了: group_6a_momentum_basic - 8個の特徴量
2026-06-15 23:11:38,212 - __main__ - INFO - [Phase D-3] artifact 抽出完了 (engine_1_C): 8 features (group_6a_momentum_basic)
2026-06-15 23:11:38,271 - __main__ - INFO - グループ処理開始: group_6b_momentum_extended (9個の特徴量)
2026-06-15 23:11:38,272 - __main__ - INFO - グループ計算開始: group_6b_momentum_extended
2026-06-15 23:11:38,272 - __main__ - INFO - モメンタム特徴量計算開始
2026-06-15 23:11:38,273 - __main__ - INFO - モメンタム特徴量計算完了: 17個
2026-06-15 23:11:38,273 - __main__ - INFO - 品質保証システム適用開始 (EWMベース, timeframe=M1)
2026-06-15 23:11:38,274 - __main__ - INFO - 品質保証適用: 9個の特徴量 (timeframe=M1)
2026-06-15 23:11:38,275 - __main__ - INFO - 品質保証適用完了: 9列
2026-06-15 23:11:38,275 - __main__ - INFO - グループ計算完了: group_6b_momentum_extended - 9個の特徴量
2026-06-15 23:11:38,912 - __main__ - INFO - [Phase D-3] artifact 抽出完了 (engine_1_C): 9 features (group_6b_momentum_extended)
2026-06-15 23:11:38,977 - __main__ - INFO - グループ処理開始: group_7_moving_averages (15個の特徴量)
2026-06-15 23:11:38,977 - __main__ - INFO - グループ計算開始: group_7_moving_averages
2026-06-15 23:11:38,978 - __main__ - INFO - 移動平均線特徴量計算開始
2026-06-15 23:11:38,979 - __main__ - INFO - 移動平均線特徴量計算完了: 39個
2026-06-15 23:11:38,980 - __main__ - INFO - 品質保証システム適用開始 (EWMベース, timeframe=M1)
2026-06-15 23:11:38,982 - __main__ - INFO - 品質保証適用: 15個の特徴量 (timeframe=M1)
2026-06-15 23:11:38,984 - __main__ - INFO - 品質保証適用完了: 15列
2026-06-15 23:11:38,985 - __main__ - INFO - グループ計算完了: group_7_moving_averages - 19個の特徴量
2026-06-15 23:11:39,980 - __main__ - INFO - [Phase D-3] artifact 抽出完了 (engine_1_C): 15 features (group_7_moving_averages)
2026-06-15 23:11:40,050 - __main__ - INFO - グループ処理開始: group_8_advanced (14個の特徴量)
2026-06-15 23:11:40,051 - __main__ - INFO - グループ計算開始: group_8_advanced
2026-06-15 23:11:40,051 - __main__ - INFO - 高度な指標特徴量計算開始
2026-06-15 23:11:40,052 - __main__ - INFO - 高度な指標特徴量計算完了: 14個
2026-06-15 23:11:40,053 - __main__ - INFO - 品質保証システム適用開始 (EWMベース, timeframe=M1)
2026-06-15 23:11:40,055 - __main__ - INFO - 品質保証適用: 14個の特徴量 (timeframe=M1)
2026-06-15 23:11:40,056 - __main__ - INFO - 品質保証適用完了: 14列
2026-06-15 23:11:40,056 - __main__ - INFO - グループ計算完了: group_8_advanced - 15個の特徴量
2026-06-15 23:11:41,039 - __main__ - INFO - [Phase D-3] artifact 抽出完了 (engine_1_C): 14 features (group_8_advanced)
2026-06-15 23:11:41,104 - __main__ - INFO - グループ処理開始: group_9_moving_extended (24個の特徴量)
2026-06-15 23:11:41,104 - __main__ - INFO - グループ計算開始: group_9_moving_extended
2026-06-15 23:11:41,105 - __main__ - INFO - 移動平均線特徴量計算開始
2026-06-15 23:11:41,106 - __main__ - INFO - 移動平均線特徴量計算完了: 39個
2026-06-15 23:11:41,107 - __main__ - INFO - 品質保証システム適用開始 (EWMベース, timeframe=M1)
2026-06-15 23:11:41,108 - __main__ - INFO - 品質保証適用: 24個の特徴量 (timeframe=M1)
2026-06-15 23:11:41,110 - __main__ - INFO - 品質保証適用完了: 24列
2026-06-15 23:11:41,110 - __main__ - INFO - グループ計算完了: group_9_moving_extended - 30個の特徴量
2026-06-15 23:11:42,793 - __main__ - INFO - [Phase D-3] artifact 抽出完了 (engine_1_C): 24 features (group_9_moving_extended)
2026-06-15 23:11:42,868 - __main__ - INFO - 全グループ計算完了。ファイルの結合を開始します...
2026-06-15 23:11:43,690 - __main__ - INFO - NaN埋め処理完了: 184個の特徴量 (basic=7, ホワイトリスト方式)
2026-06-15 23:11:44,282 - __main__ - INFO - 保存完了: features_e1c_M1.parquet (100.07MB, 0.59秒)
2026-06-15 23:11:44,282 - __main__ - INFO - === 通常処理完了: M1 - 16.18秒 ===
2026-06-15 23:11:44,283 - __main__ - INFO - === 通常処理開始: timeframe=M3 ===
2026-06-15 23:11:44,284 - __main__ - INFO - DataEngine初期化: /workspace/data/XAUUSD/stratum_1_base/master_processed
2026-06-15 23:11:44,285 - __main__ - INFO - 一時ディレクトリ作成: /tmp/features_e1c_ainq7jzd
2026-06-15 23:11:44,285 - __main__ - INFO - CalculationEngine初期化: e1c_
2026-06-15 23:11:44,289 - __main__ - INFO - OutputEngine初期化: /workspace/data/XAUUSD/stratum_2_features/feature_value_a_vast_universeC
2026-06-15 23:11:44,331 - __main__ - INFO - データサマリー: {'columns': ['timeframe', 'timestamp', 'open', 'high', 'low', 'close', 'volume', 'disc', 'log_return', 'rolling_volatility', 'rolling_avg_volume', 'price_direction', 'price_momentum', 'volume_ratio'], 'dtypes': {'timeframe': 'String', 'timestamp': "Datetime(time_unit='ns', time_zone=None)", 'open': 'Float64', 'high': 'Float64', 'low': 'Float64', 'close': 'Float64', 'volume': 'Int64', 'disc': 'Boolean', 'log_return': 'Float64', 'rolling_volatility': 'Float64', 'rolling_avg_volume': 'Float64', 'price_direction': 'Int8', 'price_momentum': 'Float64', 'volume_ratio': 'Float64'}, 'sample_rows': 1000, 'memory_usage_mb': 0.08504581451416016}
2026-06-15 23:11:44,349 - __main__ - INFO - グループ処理開始: group_1a_rsi_basic (4個の特徴量)
2026-06-15 23:11:44,349 - __main__ - INFO - グループ計算開始: group_1a_rsi_basic
2026-06-15 23:11:44,349 - __main__ - INFO - RSI特徴量計算開始
2026-06-15 23:11:44,350 - __main__ - INFO - RSI特徴量計算完了: 12個
2026-06-15 23:11:44,350 - __main__ - INFO - 品質保証システム適用開始 (EWMベース, timeframe=M3)
2026-06-15 23:11:44,351 - __main__ - INFO - 品質保証適用: 6個の特徴量 (timeframe=M3)
2026-06-15 23:11:44,352 - __main__ - INFO - 品質保証適用完了: 6列
2026-06-15 23:11:44,352 - __main__ - INFO - グループ計算完了: group_1a_rsi_basic - 6個の特徴量
2026-06-15 23:11:44,551 - __main__ - INFO - [Phase D-3] artifact 抽出完了 (engine_1_C): 6 features (group_1a_rsi_basic)
2026-06-15 23:11:44,604 - __main__ - INFO - グループ処理開始: group_1b_rsi_extended (4個の特徴量)
2026-06-15 23:11:44,604 - __main__ - INFO - グループ計算開始: group_1b_rsi_extended
2026-06-15 23:11:44,605 - __main__ - INFO - RSI特徴量計算開始
2026-06-15 23:11:44,605 - __main__ - INFO - RSI特徴量計算完了: 12個
2026-06-15 23:11:44,606 - __main__ - INFO - 品質保証システム適用開始 (EWMベース, timeframe=M3)
2026-06-15 23:11:44,606 - __main__ - INFO - 品質保証適用: 4個の特徴量 (timeframe=M3)
2026-06-15 23:11:44,607 - __main__ - INFO - 品質保証適用完了: 4列
2026-06-15 23:11:44,607 - __main__ - INFO - グループ計算完了: group_1b_rsi_extended - 4個の特徴量
2026-06-15 23:11:44,737 - __main__ - INFO - [Phase D-3] artifact 抽出完了 (engine_1_C): 4 features (group_1b_rsi_extended)
2026-06-15 23:11:44,784 - __main__ - INFO - グループ処理開始: group_1c_rsi_stochastic (2個の特徴量)
2026-06-15 23:11:44,785 - __main__ - INFO - グループ計算開始: group_1c_rsi_stochastic
2026-06-15 23:11:44,785 - __main__ - INFO - RSI特徴量計算開始
2026-06-15 23:11:44,786 - __main__ - INFO - RSI特徴量計算完了: 12個
2026-06-15 23:11:44,786 - __main__ - INFO - 品質保証システム適用開始 (EWMベース, timeframe=M3)
2026-06-15 23:11:44,787 - __main__ - INFO - 品質保証適用: 2個の特徴量 (timeframe=M3)
2026-06-15 23:11:44,788 - __main__ - INFO - 品質保証適用完了: 2列
2026-06-15 23:11:44,788 - __main__ - INFO - グループ計算完了: group_1c_rsi_stochastic - 2個の特徴量
2026-06-15 23:11:44,855 - __main__ - INFO - [Phase D-3] artifact 抽出完了 (engine_1_C): 2 features (group_1c_rsi_stochastic)
2026-06-15 23:11:44,901 - __main__ - INFO - グループ処理開始: group_1d_rsi_divergence (2個の特徴量)
2026-06-15 23:11:44,902 - __main__ - INFO - グループ計算開始: group_1d_rsi_divergence
2026-06-15 23:11:44,902 - __main__ - INFO - RSI特徴量計算開始
2026-06-15 23:11:44,903 - __main__ - INFO - RSI特徴量計算完了: 12個
2026-06-15 23:11:44,903 - __main__ - INFO - 品質保証システム適用開始 (EWMベース, timeframe=M3)
2026-06-15 23:11:44,904 - __main__ - INFO - 品質保証適用: 2個の特徴量 (timeframe=M3)
2026-06-15 23:11:44,904 - __main__ - INFO - 品質保証適用完了: 2列
2026-06-15 23:11:44,905 - __main__ - INFO - グループ計算完了: group_1d_rsi_divergence - 2個の特徴量
2026-06-15 23:11:44,977 - __main__ - INFO - [Phase D-3] artifact 抽出完了 (engine_1_C): 2 features (group_1d_rsi_divergence)
2026-06-15 23:11:45,024 - __main__ - INFO - グループ処理開始: group_2a_macd_standard (3個の特徴量)
2026-06-15 23:11:45,025 - __main__ - INFO - グループ計算開始: group_2a_macd_standard
2026-06-15 23:11:45,025 - __main__ - INFO - MACD特徴量計算開始
2026-06-15 23:11:45,026 - __main__ - INFO - MACD特徴量計算完了: 9個
2026-06-15 23:11:45,027 - __main__ - INFO - 品質保証システム適用開始 (EWMベース, timeframe=M3)
2026-06-15 23:11:45,027 - __main__ - INFO - 品質保証適用: 3個の特徴量 (timeframe=M3)
2026-06-15 23:11:45,028 - __main__ - INFO - 品質保証適用完了: 3列
2026-06-15 23:11:45,028 - __main__ - INFO - グループ計算完了: group_2a_macd_standard - 3個の特徴量
2026-06-15 23:11:45,113 - __main__ - INFO - [Phase D-3] artifact 抽出完了 (engine_1_C): 3 features (group_2a_macd_standard)
2026-06-15 23:11:45,159 - __main__ - INFO - グループ処理開始: group_2b_macd_variants (6個の特徴量)
2026-06-15 23:11:45,160 - __main__ - INFO - グループ計算開始: group_2b_macd_variants
2026-06-15 23:11:45,161 - __main__ - INFO - MACD特徴量計算開始
2026-06-15 23:11:45,161 - __main__ - INFO - MACD特徴量計算完了: 9個
2026-06-15 23:11:45,162 - __main__ - INFO - 品質保証システム適用開始 (EWMベース, timeframe=M3)
2026-06-15 23:11:45,163 - __main__ - INFO - 品質保証適用: 6個の特徴量 (timeframe=M3)
2026-06-15 23:11:45,164 - __main__ - INFO - 品質保証適用完了: 6列
2026-06-15 23:11:45,164 - __main__ - INFO - グループ計算完了: group_2b_macd_variants - 6個の特徴量
2026-06-15 23:11:45,335 - __main__ - INFO - [Phase D-3] artifact 抽出完了 (engine_1_C): 6 features (group_2b_macd_variants)
2026-06-15 23:11:45,381 - __main__ - INFO - グループ処理開始: group_3a_bb_20 (10個の特徴量)
2026-06-15 23:11:45,382 - __main__ - INFO - グループ計算開始: group_3a_bb_20
2026-06-15 23:11:45,382 - __main__ - INFO - ボリンジャーバンド特徴量計算開始
2026-06-15 23:11:45,384 - __main__ - INFO - ボリンジャーバンド特徴量計算完了: 54個
2026-06-15 23:11:45,385 - __main__ - INFO - 品質保証システム適用開始 (EWMベース, timeframe=M3)
2026-06-15 23:11:45,386 - __main__ - INFO - 品質保証適用: 14個の特徴量 (timeframe=M3)
2026-06-15 23:11:45,388 - __main__ - INFO - 品質保証適用完了: 14列
2026-06-15 23:11:45,388 - __main__ - INFO - グループ計算完了: group_3a_bb_20 - 16個の特徴量
2026-06-15 23:11:45,871 - __main__ - INFO - [Phase D-3] artifact 抽出完了 (engine_1_C): 14 features (group_3a_bb_20)
2026-06-15 23:11:45,926 - __main__ - INFO - グループ処理開始: group_3b_bb_30_50 (26個の特徴量)
2026-06-15 23:11:45,926 - __main__ - INFO - グループ計算開始: group_3b_bb_30_50
2026-06-15 23:11:45,927 - __main__ - INFO - ボリンジャーバンド特徴量計算開始
2026-06-15 23:11:45,928 - __main__ - INFO - ボリンジャーバンド特徴量計算完了: 54個
2026-06-15 23:11:45,930 - __main__ - INFO - 品質保証システム適用開始 (EWMベース, timeframe=M3)
2026-06-15 23:11:45,931 - __main__ - INFO - 品質保証適用: 30個の特徴量 (timeframe=M3)
2026-06-15 23:11:45,934 - __main__ - INFO - 品質保証適用完了: 30列
2026-06-15 23:11:45,934 - __main__ - INFO - グループ計算完了: group_3b_bb_30_50 - 38個の特徴量
2026-06-15 23:11:47,086 - __main__ - INFO - [Phase D-3] artifact 抽出完了 (engine_1_C): 30 features (group_3b_bb_30_50)
2026-06-15 23:11:47,139 - __main__ - INFO - グループ処理開始: group_3c_bb_variants (6個の特徴量)
2026-06-15 23:11:47,140 - __main__ - INFO - グループ計算開始: group_3c_bb_variants
2026-06-15 23:11:47,140 - __main__ - INFO - ボリンジャーバンド特徴量計算開始
2026-06-15 23:11:47,142 - __main__ - INFO - ボリンジャーバンド特徴量計算完了: 54個
2026-06-15 23:11:47,143 - __main__ - INFO - 品質保証システム適用開始 (EWMベース, timeframe=M3)
2026-06-15 23:11:47,144 - __main__ - INFO - 品質保証適用: 6個の特徴量 (timeframe=M3)
2026-06-15 23:11:47,145 - __main__ - INFO - 品質保証適用完了: 6列
2026-06-15 23:11:47,146 - __main__ - INFO - グループ計算完了: group_3c_bb_variants - 6個の特徴量
2026-06-15 23:11:47,348 - __main__ - INFO - [Phase D-3] artifact 抽出完了 (engine_1_C): 6 features (group_3c_bb_variants)
2026-06-15 23:11:47,394 - __main__ - INFO - グループ処理開始: group_4a_atr_basic (4個の特徴量)
2026-06-15 23:11:47,394 - __main__ - INFO - グループ計算開始: group_4a_atr_basic
2026-06-15 23:11:47,395 - __main__ - INFO - ATR特徴量計算開始
2026-06-15 23:11:47,395 - __main__ - INFO - ATR特徴量計算完了: 16個
2026-06-15 23:11:47,396 - __main__ - INFO - 品質保証システム適用開始 (EWMベース, timeframe=M3)
2026-06-15 23:11:47,397 - __main__ - INFO - 品質保証適用: 4個の特徴量 (timeframe=M3)
2026-06-15 23:11:47,398 - __main__ - INFO - 品質保証適用完了: 4列
2026-06-15 23:11:47,398 - __main__ - INFO - グループ計算完了: group_4a_atr_basic - 4個の特徴量
2026-06-15 23:11:47,507 - __main__ - INFO - [Phase D-3] artifact 抽出完了 (engine_1_C): 4 features (group_4a_atr_basic)
2026-06-15 23:11:47,556 - __main__ - INFO - グループ処理開始: group_4b_atr_extended (12個の特徴量)
2026-06-15 23:11:47,556 - __main__ - INFO - グループ計算開始: group_4b_atr_extended
2026-06-15 23:11:47,557 - __main__ - INFO - ATR特徴量計算開始
2026-06-15 23:11:47,558 - __main__ - INFO - ATR特徴量計算完了: 16個
2026-06-15 23:11:47,558 - __main__ - INFO - 品質保証システム適用開始 (EWMベース, timeframe=M3)
2026-06-15 23:11:47,559 - __main__ - INFO - 品質保証適用: 12個の特徴量 (timeframe=M3)
2026-06-15 23:11:47,560 - __main__ - INFO - 品質保証適用完了: 12列
2026-06-15 23:11:47,561 - __main__ - INFO - グループ計算完了: group_4b_atr_extended - 12個の特徴量
2026-06-15 23:11:47,929 - __main__ - INFO - [Phase D-3] artifact 抽出完了 (engine_1_C): 12 features (group_4b_atr_extended)
2026-06-15 23:11:47,979 - __main__ - INFO - グループ処理開始: group_5a_oscillators_basic (9個の特徴量)
2026-06-15 23:11:47,980 - __main__ - INFO - グループ計算開始: group_5a_oscillators_basic
2026-06-15 23:11:47,980 - __main__ - INFO - オシレーター特徴量計算開始
2026-06-15 23:11:47,981 - __main__ - INFO - オシレーター特徴量計算完了: 30個
2026-06-15 23:11:47,982 - __main__ - INFO - 品質保証システム適用開始 (EWMベース, timeframe=M3)
2026-06-15 23:11:47,982 - __main__ - INFO - 品質保証適用: 9個の特徴量 (timeframe=M3)
2026-06-15 23:11:47,983 - __main__ - INFO - 品質保証適用完了: 9列
2026-06-15 23:11:47,984 - __main__ - INFO - グループ計算完了: group_5a_oscillators_basic - 9個の特徴量
2026-06-15 23:11:48,258 - __main__ - INFO - [Phase D-3] artifact 抽出完了 (engine_1_C): 9 features (group_5a_oscillators_basic)
2026-06-15 23:11:48,308 - __main__ - INFO - グループ処理開始: group_5b_oscillators_extended (21個の特徴量)
2026-06-15 23:11:48,309 - __main__ - INFO - グループ計算開始: group_5b_oscillators_extended
2026-06-15 23:11:48,309 - __main__ - INFO - オシレーター特徴量計算開始
2026-06-15 23:11:48,310 - __main__ - INFO - オシレーター特徴量計算完了: 30個
2026-06-15 23:11:48,311 - __main__ - INFO - 品質保証システム適用開始 (EWMベース, timeframe=M3)
2026-06-15 23:11:48,311 - __main__ - INFO - 品質保証適用: 21個の特徴量 (timeframe=M3)
2026-06-15 23:11:48,313 - __main__ - INFO - 品質保証適用完了: 21列
2026-06-15 23:11:48,314 - __main__ - INFO - グループ計算完了: group_5b_oscillators_extended - 21個の特徴量
2026-06-15 23:11:48,990 - __main__ - INFO - [Phase D-3] artifact 抽出完了 (engine_1_C): 21 features (group_5b_oscillators_extended)
2026-06-15 23:11:49,039 - __main__ - INFO - グループ処理開始: group_6a_momentum_basic (8個の特徴量)
2026-06-15 23:11:49,040 - __main__ - INFO - グループ計算開始: group_6a_momentum_basic
2026-06-15 23:11:49,040 - __main__ - INFO - モメンタム特徴量計算開始
2026-06-15 23:11:49,041 - __main__ - INFO - モメンタム特徴量計算完了: 17個
2026-06-15 23:11:49,042 - __main__ - INFO - 品質保証システム適用開始 (EWMベース, timeframe=M3)
2026-06-15 23:11:49,042 - __main__ - INFO - 品質保証適用: 8個の特徴量 (timeframe=M3)
2026-06-15 23:11:49,043 - __main__ - INFO - 品質保証適用完了: 8列
2026-06-15 23:11:49,044 - __main__ - INFO - グループ計算完了: group_6a_momentum_basic - 8個の特徴量
2026-06-15 23:11:49,289 - __main__ - INFO - [Phase D-3] artifact 抽出完了 (engine_1_C): 8 features (group_6a_momentum_basic)
2026-06-15 23:11:49,340 - __main__ - INFO - グループ処理開始: group_6b_momentum_extended (9個の特徴量)
2026-06-15 23:11:49,341 - __main__ - INFO - グループ計算開始: group_6b_momentum_extended
2026-06-15 23:11:49,341 - __main__ - INFO - モメンタム特徴量計算開始
2026-06-15 23:11:49,342 - __main__ - INFO - モメンタム特徴量計算完了: 17個
2026-06-15 23:11:49,343 - __main__ - INFO - 品質保証システム適用開始 (EWMベース, timeframe=M3)
2026-06-15 23:11:49,343 - __main__ - INFO - 品質保証適用: 9個の特徴量 (timeframe=M3)
2026-06-15 23:11:49,344 - __main__ - INFO - 品質保証適用完了: 9列
2026-06-15 23:11:49,344 - __main__ - INFO - グループ計算完了: group_6b_momentum_extended - 9個の特徴量
2026-06-15 23:11:49,669 - __main__ - INFO - [Phase D-3] artifact 抽出完了 (engine_1_C): 9 features (group_6b_momentum_extended)
2026-06-15 23:11:49,721 - __main__ - INFO - グループ処理開始: group_7_moving_averages (15個の特徴量)
2026-06-15 23:11:49,722 - __main__ - INFO - グループ計算開始: group_7_moving_averages
2026-06-15 23:11:49,722 - __main__ - INFO - 移動平均線特徴量計算開始
2026-06-15 23:11:49,723 - __main__ - INFO - 移動平均線特徴量計算完了: 39個
2026-06-15 23:11:49,724 - __main__ - INFO - 品質保証システム適用開始 (EWMベース, timeframe=M3)
2026-06-15 23:11:49,725 - __main__ - INFO - 品質保証適用: 15個の特徴量 (timeframe=M3)
2026-06-15 23:11:49,726 - __main__ - INFO - 品質保証適用完了: 15列
2026-06-15 23:11:49,727 - __main__ - INFO - グループ計算完了: group_7_moving_averages - 19個の特徴量
2026-06-15 23:11:50,194 - __main__ - INFO - [Phase D-3] artifact 抽出完了 (engine_1_C): 15 features (group_7_moving_averages)
2026-06-15 23:11:50,245 - __main__ - INFO - グループ処理開始: group_8_advanced (14個の特徴量)
2026-06-15 23:11:50,245 - __main__ - INFO - グループ計算開始: group_8_advanced
2026-06-15 23:11:50,246 - __main__ - INFO - 高度な指標特徴量計算開始
2026-06-15 23:11:50,247 - __main__ - INFO - 高度な指標特徴量計算完了: 14個
2026-06-15 23:11:50,248 - __main__ - INFO - 品質保証システム適用開始 (EWMベース, timeframe=M3)
2026-06-15 23:11:50,249 - __main__ - INFO - 品質保証適用: 14個の特徴量 (timeframe=M3)
2026-06-15 23:11:50,251 - __main__ - INFO - 品質保証適用完了: 14列
2026-06-15 23:11:50,251 - __main__ - INFO - グループ計算完了: group_8_advanced - 15個の特徴量
2026-06-15 23:11:50,771 - __main__ - INFO - [Phase D-3] artifact 抽出完了 (engine_1_C): 14 features (group_8_advanced)
2026-06-15 23:11:50,828 - __main__ - INFO - グループ処理開始: group_9_moving_extended (24個の特徴量)
2026-06-15 23:11:50,829 - __main__ - INFO - グループ計算開始: group_9_moving_extended
2026-06-15 23:11:50,829 - __main__ - INFO - 移動平均線特徴量計算開始
2026-06-15 23:11:50,831 - __main__ - INFO - 移動平均線特徴量計算完了: 39個
2026-06-15 23:11:50,832 - __main__ - INFO - 品質保証システム適用開始 (EWMベース, timeframe=M3)
2026-06-15 23:11:50,832 - __main__ - INFO - 品質保証適用: 24個の特徴量 (timeframe=M3)
2026-06-15 23:11:50,834 - __main__ - INFO - 品質保証適用完了: 24列
2026-06-15 23:11:50,835 - __main__ - INFO - グループ計算完了: group_9_moving_extended - 30個の特徴量
2026-06-15 23:11:51,638 - __main__ - INFO - [Phase D-3] artifact 抽出完了 (engine_1_C): 24 features (group_9_moving_extended)
2026-06-15 23:11:51,693 - __main__ - INFO - 全グループ計算完了。ファイルの結合を開始します...
2026-06-15 23:11:52,451 - __main__ - INFO - NaN埋め処理完了: 184個の特徴量 (basic=7, ホワイトリスト方式)
2026-06-15 23:11:52,701 - __main__ - INFO - 保存完了: features_e1c_M3.parquet (33.46MB, 0.25秒)
2026-06-15 23:11:52,702 - __main__ - INFO - === 通常処理完了: M3 - 8.42秒 ===
2026-06-15 23:11:52,703 - __main__ - INFO - === 通常処理開始: timeframe=M5 ===
2026-06-15 23:11:52,703 - __main__ - INFO - DataEngine初期化: /workspace/data/XAUUSD/stratum_1_base/master_processed
2026-06-15 23:11:52,704 - __main__ - INFO - 一時ディレクトリ作成: /tmp/features_e1c_cqk1t7c3
2026-06-15 23:11:52,704 - __main__ - INFO - CalculationEngine初期化: e1c_
2026-06-15 23:11:52,707 - __main__ - INFO - OutputEngine初期化: /workspace/data/XAUUSD/stratum_2_features/feature_value_a_vast_universeC
2026-06-15 23:11:52,741 - __main__ - INFO - データサマリー: {'columns': ['timeframe', 'timestamp', 'open', 'high', 'low', 'close', 'volume', 'disc', 'log_return', 'rolling_volatility', 'rolling_avg_volume', 'price_direction', 'price_momentum', 'volume_ratio'], 'dtypes': {'timeframe': 'String', 'timestamp': "Datetime(time_unit='ns', time_zone=None)", 'open': 'Float64', 'high': 'Float64', 'low': 'Float64', 'close': 'Float64', 'volume': 'Int64', 'disc': 'Boolean', 'log_return': 'Float64', 'rolling_volatility': 'Float64', 'rolling_avg_volume': 'Float64', 'price_direction': 'Int8', 'price_momentum': 'Float64', 'volume_ratio': 'Float64'}, 'sample_rows': 1000, 'memory_usage_mb': 0.08504581451416016}
2026-06-15 23:11:52,756 - __main__ - INFO - グループ処理開始: group_1a_rsi_basic (4個の特徴量)
2026-06-15 23:11:52,756 - __main__ - INFO - グループ計算開始: group_1a_rsi_basic
2026-06-15 23:11:52,757 - __main__ - INFO - RSI特徴量計算開始
2026-06-15 23:11:52,757 - __main__ - INFO - RSI特徴量計算完了: 12個
2026-06-15 23:11:52,758 - __main__ - INFO - 品質保証システム適用開始 (EWMベース, timeframe=M5)
2026-06-15 23:11:52,758 - __main__ - INFO - 品質保証適用: 6個の特徴量 (timeframe=M5)
2026-06-15 23:11:52,759 - __main__ - INFO - 品質保証適用完了: 6列
2026-06-15 23:11:52,759 - __main__ - INFO - グループ計算完了: group_1a_rsi_basic - 6個の特徴量
2026-06-15 23:11:52,918 - __main__ - INFO - [Phase D-3] artifact 抽出完了 (engine_1_C): 6 features (group_1a_rsi_basic)
2026-06-15 23:11:52,966 - __main__ - INFO - グループ処理開始: group_1b_rsi_extended (4個の特徴量)
2026-06-15 23:11:52,966 - __main__ - INFO - グループ計算開始: group_1b_rsi_extended
2026-06-15 23:11:52,967 - __main__ - INFO - RSI特徴量計算開始
2026-06-15 23:11:52,968 - __main__ - INFO - RSI特徴量計算完了: 12個
2026-06-15 23:11:52,968 - __main__ - INFO - 品質保証システム適用開始 (EWMベース, timeframe=M5)
2026-06-15 23:11:52,969 - __main__ - INFO - 品質保証適用: 4個の特徴量 (timeframe=M5)
2026-06-15 23:11:52,970 - __main__ - INFO - 品質保証適用完了: 4列
2026-06-15 23:11:52,970 - __main__ - INFO - グループ計算完了: group_1b_rsi_extended - 4個の特徴量
2026-06-15 23:11:53,073 - __main__ - INFO - [Phase D-3] artifact 抽出完了 (engine_1_C): 4 features (group_1b_rsi_extended)
2026-06-15 23:11:53,120 - __main__ - INFO - グループ処理開始: group_1c_rsi_stochastic (2個の特徴量)
2026-06-15 23:11:53,120 - __main__ - INFO - グループ計算開始: group_1c_rsi_stochastic
2026-06-15 23:11:53,121 - __main__ - INFO - RSI特徴量計算開始
2026-06-15 23:11:53,122 - __main__ - INFO - RSI特徴量計算完了: 12個
2026-06-15 23:11:53,122 - __main__ - INFO - 品質保証システム適用開始 (EWMベース, timeframe=M5)
2026-06-15 23:11:53,123 - __main__ - INFO - 品質保証適用: 2個の特徴量 (timeframe=M5)
2026-06-15 23:11:53,123 - __main__ - INFO - 品質保証適用完了: 2列
2026-06-15 23:11:53,124 - __main__ - INFO - グループ計算完了: group_1c_rsi_stochastic - 2個の特徴量
2026-06-15 23:11:53,175 - __main__ - INFO - [Phase D-3] artifact 抽出完了 (engine_1_C): 2 features (group_1c_rsi_stochastic)
2026-06-15 23:11:53,222 - __main__ - INFO - グループ処理開始: group_1d_rsi_divergence (2個の特徴量)
2026-06-15 23:11:53,222 - __main__ - INFO - グループ計算開始: group_1d_rsi_divergence
2026-06-15 23:11:53,223 - __main__ - INFO - RSI特徴量計算開始
2026-06-15 23:11:53,224 - __main__ - INFO - RSI特徴量計算完了: 12個
2026-06-15 23:11:53,224 - __main__ - INFO - 品質保証システム適用開始 (EWMベース, timeframe=M5)
2026-06-15 23:11:53,225 - __main__ - INFO - 品質保証適用: 2個の特徴量 (timeframe=M5)
2026-06-15 23:11:53,225 - __main__ - INFO - 品質保証適用完了: 2列
2026-06-15 23:11:53,226 - __main__ - INFO - グループ計算完了: group_1d_rsi_divergence - 2個の特徴量
2026-06-15 23:11:53,285 - __main__ - INFO - [Phase D-3] artifact 抽出完了 (engine_1_C): 2 features (group_1d_rsi_divergence)
2026-06-15 23:11:53,328 - __main__ - INFO - グループ処理開始: group_2a_macd_standard (3個の特徴量)
2026-06-15 23:11:53,329 - __main__ - INFO - グループ計算開始: group_2a_macd_standard
2026-06-15 23:11:53,329 - __main__ - INFO - MACD特徴量計算開始
2026-06-15 23:11:53,330 - __main__ - INFO - MACD特徴量計算完了: 9個
2026-06-15 23:11:53,331 - __main__ - INFO - 品質保証システム適用開始 (EWMベース, timeframe=M5)
2026-06-15 23:11:53,331 - __main__ - INFO - 品質保証適用: 3個の特徴量 (timeframe=M5)
2026-06-15 23:11:53,332 - __main__ - INFO - 品質保証適用完了: 3列
2026-06-15 23:11:53,332 - __main__ - INFO - グループ計算完了: group_2a_macd_standard - 3個の特徴量
2026-06-15 23:11:53,398 - __main__ - INFO - [Phase D-3] artifact 抽出完了 (engine_1_C): 3 features (group_2a_macd_standard)
2026-06-15 23:11:53,441 - __main__ - INFO - グループ処理開始: group_2b_macd_variants (6個の特徴量)
2026-06-15 23:11:53,442 - __main__ - INFO - グループ計算開始: group_2b_macd_variants
2026-06-15 23:11:53,442 - __main__ - INFO - MACD特徴量計算開始
2026-06-15 23:11:53,443 - __main__ - INFO - MACD特徴量計算完了: 9個
2026-06-15 23:11:53,444 - __main__ - INFO - 品質保証システム適用開始 (EWMベース, timeframe=M5)
2026-06-15 23:11:53,444 - __main__ - INFO - 品質保証適用: 6個の特徴量 (timeframe=M5)
2026-06-15 23:11:53,445 - __main__ - INFO - 品質保証適用完了: 6列
2026-06-15 23:11:53,446 - __main__ - INFO - グループ計算完了: group_2b_macd_variants - 6個の特徴量
2026-06-15 23:11:53,576 - __main__ - INFO - [Phase D-3] artifact 抽出完了 (engine_1_C): 6 features (group_2b_macd_variants)
2026-06-15 23:11:53,622 - __main__ - INFO - グループ処理開始: group_3a_bb_20 (10個の特徴量)
2026-06-15 23:11:53,622 - __main__ - INFO - グループ計算開始: group_3a_bb_20
2026-06-15 23:11:53,623 - __main__ - INFO - ボリンジャーバンド特徴量計算開始
2026-06-15 23:11:53,624 - __main__ - INFO - ボリンジャーバンド特徴量計算完了: 54個
2026-06-15 23:11:53,625 - __main__ - INFO - 品質保証システム適用開始 (EWMベース, timeframe=M5)
2026-06-15 23:11:53,627 - __main__ - INFO - 品質保証適用: 14個の特徴量 (timeframe=M5)
2026-06-15 23:11:53,628 - __main__ - INFO - 品質保証適用完了: 14列
2026-06-15 23:11:53,628 - __main__ - INFO - グループ計算完了: group_3a_bb_20 - 16個の特徴量
2026-06-15 23:11:53,996 - __main__ - INFO - [Phase D-3] artifact 抽出完了 (engine_1_C): 14 features (group_3a_bb_20)
2026-06-15 23:11:54,043 - __main__ - INFO - グループ処理開始: group_3b_bb_30_50 (26個の特徴量)
2026-06-15 23:11:54,044 - __main__ - INFO - グループ計算開始: group_3b_bb_30_50
2026-06-15 23:11:54,044 - __main__ - INFO - ボリンジャーバンド特徴量計算開始
2026-06-15 23:11:54,046 - __main__ - INFO - ボリンジャーバンド特徴量計算完了: 54個
2026-06-15 23:11:54,047 - __main__ - INFO - 品質保証システム適用開始 (EWMベース, timeframe=M5)
2026-06-15 23:11:54,048 - __main__ - INFO - 品質保証適用: 30個の特徴量 (timeframe=M5)
2026-06-15 23:11:54,051 - __main__ - INFO - 品質保証適用完了: 30列
2026-06-15 23:11:54,052 - __main__ - INFO - グループ計算完了: group_3b_bb_30_50 - 38個の特徴量
2026-06-15 23:11:54,929 - __main__ - INFO - [Phase D-3] artifact 抽出完了 (engine_1_C): 30 features (group_3b_bb_30_50)
2026-06-15 23:11:54,978 - __main__ - INFO - グループ処理開始: group_3c_bb_variants (6個の特徴量)
2026-06-15 23:11:54,979 - __main__ - INFO - グループ計算開始: group_3c_bb_variants
2026-06-15 23:11:54,979 - __main__ - INFO - ボリンジャーバンド特徴量計算開始
2026-06-15 23:11:54,981 - __main__ - INFO - ボリンジャーバンド特徴量計算完了: 54個
2026-06-15 23:11:54,982 - __main__ - INFO - 品質保証システム適用開始 (EWMベース, timeframe=M5)
2026-06-15 23:11:54,983 - __main__ - INFO - 品質保証適用: 6個の特徴量 (timeframe=M5)
2026-06-15 23:11:54,984 - __main__ - INFO - 品質保証適用完了: 6列
2026-06-15 23:11:54,984 - __main__ - INFO - グループ計算完了: group_3c_bb_variants - 6個の特徴量
2026-06-15 23:11:55,138 - __main__ - INFO - [Phase D-3] artifact 抽出完了 (engine_1_C): 6 features (group_3c_bb_variants)
2026-06-15 23:11:55,183 - __main__ - INFO - グループ処理開始: group_4a_atr_basic (4個の特徴量)
2026-06-15 23:11:55,183 - __main__ - INFO - グループ計算開始: group_4a_atr_basic
2026-06-15 23:11:55,184 - __main__ - INFO - ATR特徴量計算開始
2026-06-15 23:11:55,184 - __main__ - INFO - ATR特徴量計算完了: 16個
2026-06-15 23:11:55,185 - __main__ - INFO - 品質保証システム適用開始 (EWMベース, timeframe=M5)
2026-06-15 23:11:55,186 - __main__ - INFO - 品質保証適用: 4個の特徴量 (timeframe=M5)
2026-06-15 23:11:55,186 - __main__ - INFO - 品質保証適用完了: 4列
2026-06-15 23:11:55,187 - __main__ - INFO - グループ計算完了: group_4a_atr_basic - 4個の特徴量
2026-06-15 23:11:55,276 - __main__ - INFO - [Phase D-3] artifact 抽出完了 (engine_1_C): 4 features (group_4a_atr_basic)
2026-06-15 23:11:55,323 - __main__ - INFO - グループ処理開始: group_4b_atr_extended (12個の特徴量)
2026-06-15 23:11:55,324 - __main__ - INFO - グループ計算開始: group_4b_atr_extended
2026-06-15 23:11:55,324 - __main__ - INFO - ATR特徴量計算開始
2026-06-15 23:11:55,325 - __main__ - INFO - ATR特徴量計算完了: 16個
2026-06-15 23:11:55,326 - __main__ - INFO - 品質保証システム適用開始 (EWMベース, timeframe=M5)
2026-06-15 23:11:55,326 - __main__ - INFO - 品質保証適用: 12個の特徴量 (timeframe=M5)
2026-06-15 23:11:55,327 - __main__ - INFO - 品質保証適用完了: 12列
2026-06-15 23:11:55,328 - __main__ - INFO - グループ計算完了: group_4b_atr_extended - 12個の特徴量
2026-06-15 23:11:55,620 - __main__ - INFO - [Phase D-3] artifact 抽出完了 (engine_1_C): 12 features (group_4b_atr_extended)
2026-06-15 23:11:55,668 - __main__ - INFO - グループ処理開始: group_5a_oscillators_basic (9個の特徴量)
2026-06-15 23:11:55,669 - __main__ - INFO - グループ計算開始: group_5a_oscillators_basic
2026-06-15 23:11:55,669 - __main__ - INFO - オシレーター特徴量計算開始
2026-06-15 23:11:55,670 - __main__ - INFO - オシレーター特徴量計算完了: 30個
2026-06-15 23:11:55,671 - __main__ - INFO - 品質保証システム適用開始 (EWMベース, timeframe=M5)
2026-06-15 23:11:55,672 - __main__ - INFO - 品質保証適用: 9個の特徴量 (timeframe=M5)
2026-06-15 23:11:55,673 - __main__ - INFO - 品質保証適用完了: 9列
2026-06-15 23:11:55,673 - __main__ - INFO - グループ計算完了: group_5a_oscillators_basic - 9個の特徴量
2026-06-15 23:11:55,888 - __main__ - INFO - [Phase D-3] artifact 抽出完了 (engine_1_C): 9 features (group_5a_oscillators_basic)
2026-06-15 23:11:55,940 - __main__ - INFO - グループ処理開始: group_5b_oscillators_extended (21個の特徴量)
2026-06-15 23:11:55,941 - __main__ - INFO - グループ計算開始: group_5b_oscillators_extended
2026-06-15 23:11:55,941 - __main__ - INFO - オシレーター特徴量計算開始
2026-06-15 23:11:55,942 - __main__ - INFO - オシレーター特徴量計算完了: 30個
2026-06-15 23:11:55,943 - __main__ - INFO - 品質保証システム適用開始 (EWMベース, timeframe=M5)
2026-06-15 23:11:55,943 - __main__ - INFO - 品質保証適用: 21個の特徴量 (timeframe=M5)
2026-06-15 23:11:55,945 - __main__ - INFO - 品質保証適用完了: 21列
2026-06-15 23:11:55,945 - __main__ - INFO - グループ計算完了: group_5b_oscillators_extended - 21個の特徴量
2026-06-15 23:11:56,477 - __main__ - INFO - [Phase D-3] artifact 抽出完了 (engine_1_C): 21 features (group_5b_oscillators_extended)
2026-06-15 23:11:56,526 - __main__ - INFO - グループ処理開始: group_6a_momentum_basic (8個の特徴量)
2026-06-15 23:11:56,527 - __main__ - INFO - グループ計算開始: group_6a_momentum_basic
2026-06-15 23:11:56,527 - __main__ - INFO - モメンタム特徴量計算開始
2026-06-15 23:11:56,528 - __main__ - INFO - モメンタム特徴量計算完了: 17個
2026-06-15 23:11:56,528 - __main__ - INFO - 品質保証システム適用開始 (EWMベース, timeframe=M5)
2026-06-15 23:11:56,529 - __main__ - INFO - 品質保証適用: 8個の特徴量 (timeframe=M5)
2026-06-15 23:11:56,530 - __main__ - INFO - 品質保証適用完了: 8列
2026-06-15 23:11:56,530 - __main__ - INFO - グループ計算完了: group_6a_momentum_basic - 8個の特徴量
2026-06-15 23:11:56,724 - __main__ - INFO - [Phase D-3] artifact 抽出完了 (engine_1_C): 8 features (group_6a_momentum_basic)
2026-06-15 23:11:56,769 - __main__ - INFO - グループ処理開始: group_6b_momentum_extended (9個の特徴量)
2026-06-15 23:11:56,769 - __main__ - INFO - グループ計算開始: group_6b_momentum_extended
2026-06-15 23:11:56,770 - __main__ - INFO - モメンタム特徴量計算開始
2026-06-15 23:11:56,771 - __main__ - INFO - モメンタム特徴量計算完了: 17個
2026-06-15 23:11:56,771 - __main__ - INFO - 品質保証システム適用開始 (EWMベース, timeframe=M5)
2026-06-15 23:11:56,772 - __main__ - INFO - 品質保証適用: 9個の特徴量 (timeframe=M5)
2026-06-15 23:11:56,773 - __main__ - INFO - 品質保証適用完了: 9列
2026-06-15 23:11:56,773 - __main__ - INFO - グループ計算完了: group_6b_momentum_extended - 9個の特徴量
2026-06-15 23:11:57,042 - __main__ - INFO - [Phase D-3] artifact 抽出完了 (engine_1_C): 9 features (group_6b_momentum_extended)
2026-06-15 23:11:57,093 - __main__ - INFO - グループ処理開始: group_7_moving_averages (15個の特徴量)
2026-06-15 23:11:57,093 - __main__ - INFO - グループ計算開始: group_7_moving_averages
2026-06-15 23:11:57,094 - __main__ - INFO - 移動平均線特徴量計算開始
2026-06-15 23:11:57,095 - __main__ - INFO - 移動平均線特徴量計算完了: 39個
2026-06-15 23:11:57,096 - __main__ - INFO - 品質保証システム適用開始 (EWMベース, timeframe=M5)
2026-06-15 23:11:57,097 - __main__ - INFO - 品質保証適用: 15個の特徴量 (timeframe=M5)
2026-06-15 23:11:57,098 - __main__ - INFO - 品質保証適用完了: 15列
2026-06-15 23:11:57,099 - __main__ - INFO - グループ計算完了: group_7_moving_averages - 19個の特徴量
2026-06-15 23:11:57,450 - __main__ - INFO - [Phase D-3] artifact 抽出完了 (engine_1_C): 15 features (group_7_moving_averages)
2026-06-15 23:11:57,497 - __main__ - INFO - グループ処理開始: group_8_advanced (14個の特徴量)
2026-06-15 23:11:57,498 - __main__ - INFO - グループ計算開始: group_8_advanced
2026-06-15 23:11:57,498 - __main__ - INFO - 高度な指標特徴量計算開始
2026-06-15 23:11:57,499 - __main__ - INFO - 高度な指標特徴量計算完了: 14個
2026-06-15 23:11:57,500 - __main__ - INFO - 品質保証システム適用開始 (EWMベース, timeframe=M5)
2026-06-15 23:11:57,501 - __main__ - INFO - 品質保証適用: 14個の特徴量 (timeframe=M5)
2026-06-15 23:11:57,503 - __main__ - INFO - 品質保証適用完了: 14列
2026-06-15 23:11:57,503 - __main__ - INFO - グループ計算完了: group_8_advanced - 15個の特徴量
2026-06-15 23:11:57,926 - __main__ - INFO - [Phase D-3] artifact 抽出完了 (engine_1_C): 14 features (group_8_advanced)
2026-06-15 23:11:57,981 - __main__ - INFO - グループ処理開始: group_9_moving_extended (24個の特徴量)
2026-06-15 23:11:57,981 - __main__ - INFO - グループ計算開始: group_9_moving_extended
2026-06-15 23:11:57,982 - __main__ - INFO - 移動平均線特徴量計算開始
2026-06-15 23:11:57,983 - __main__ - INFO - 移動平均線特徴量計算完了: 39個
2026-06-15 23:11:57,984 - __main__ - INFO - 品質保証システム適用開始 (EWMベース, timeframe=M5)
2026-06-15 23:11:57,985 - __main__ - INFO - 品質保証適用: 24個の特徴量 (timeframe=M5)
2026-06-15 23:11:57,987 - __main__ - INFO - 品質保証適用完了: 24列
2026-06-15 23:11:57,988 - __main__ - INFO - グループ計算完了: group_9_moving_extended - 30個の特徴量
2026-06-15 23:11:58,612 - __main__ - INFO - [Phase D-3] artifact 抽出完了 (engine_1_C): 24 features (group_9_moving_extended)
2026-06-15 23:11:58,661 - __main__ - INFO - 全グループ計算完了。ファイルの結合を開始します...
2026-06-15 23:11:59,383 - __main__ - INFO - NaN埋め処理完了: 184個の特徴量 (basic=7, ホワイトリスト方式)
2026-06-15 23:11:59,529 - __main__ - INFO - 保存完了: features_e1c_M5.parquet (20.10MB, 0.14秒)
2026-06-15 23:11:59,530 - __main__ - INFO - === 通常処理完了: M5 - 6.83秒 ===
2026-06-15 23:11:59,531 - __main__ - INFO - === 通常処理開始: timeframe=M8 ===
2026-06-15 23:11:59,531 - __main__ - INFO - DataEngine初期化: /workspace/data/XAUUSD/stratum_1_base/master_processed
2026-06-15 23:11:59,532 - __main__ - INFO - 一時ディレクトリ作成: /tmp/features_e1c_5novb0fa
2026-06-15 23:11:59,532 - __main__ - INFO - CalculationEngine初期化: e1c_
2026-06-15 23:11:59,538 - __main__ - INFO - OutputEngine初期化: /workspace/data/XAUUSD/stratum_2_features/feature_value_a_vast_universeC
2026-06-15 23:11:59,576 - __main__ - INFO - データサマリー: {'columns': ['timeframe', 'timestamp', 'open', 'high', 'low', 'close', 'volume', 'disc', 'log_return', 'rolling_volatility', 'rolling_avg_volume', 'price_direction', 'price_momentum', 'volume_ratio'], 'dtypes': {'timeframe': 'String', 'timestamp': "Datetime(time_unit='ns', time_zone=None)", 'open': 'Float64', 'high': 'Float64', 'low': 'Float64', 'close': 'Float64', 'volume': 'Int64', 'disc': 'Boolean', 'log_return': 'Float64', 'rolling_volatility': 'Float64', 'rolling_avg_volume': 'Float64', 'price_direction': 'Int8', 'price_momentum': 'Float64', 'volume_ratio': 'Float64'}, 'sample_rows': 1000, 'memory_usage_mb': 0.08504581451416016}
2026-06-15 23:11:59,590 - __main__ - INFO - グループ処理開始: group_1a_rsi_basic (4個の特徴量)
2026-06-15 23:11:59,591 - __main__ - INFO - グループ計算開始: group_1a_rsi_basic
2026-06-15 23:11:59,591 - __main__ - INFO - RSI特徴量計算開始
2026-06-15 23:11:59,592 - __main__ - INFO - RSI特徴量計算完了: 12個
2026-06-15 23:11:59,592 - __main__ - INFO - 品質保証システム適用開始 (EWMベース, timeframe=M8)
2026-06-15 23:11:59,592 - __main__ - INFO - 品質保証適用: 6個の特徴量 (timeframe=M8)
2026-06-15 23:11:59,593 - __main__ - INFO - 品質保証適用完了: 6列
2026-06-15 23:11:59,593 - __main__ - INFO - グループ計算完了: group_1a_rsi_basic - 6個の特徴量
2026-06-15 23:11:59,725 - __main__ - INFO - [Phase D-3] artifact 抽出完了 (engine_1_C): 6 features (group_1a_rsi_basic)
2026-06-15 23:11:59,772 - __main__ - INFO - グループ処理開始: group_1b_rsi_extended (4個の特徴量)
2026-06-15 23:11:59,773 - __main__ - INFO - グループ計算開始: group_1b_rsi_extended
2026-06-15 23:11:59,773 - __main__ - INFO - RSI特徴量計算開始
2026-06-15 23:11:59,774 - __main__ - INFO - RSI特徴量計算完了: 12個
2026-06-15 23:11:59,774 - __main__ - INFO - 品質保証システム適用開始 (EWMベース, timeframe=M8)
2026-06-15 23:11:59,775 - __main__ - INFO - 品質保証適用: 4個の特徴量 (timeframe=M8)
2026-06-15 23:11:59,776 - __main__ - INFO - 品質保証適用完了: 4列
2026-06-15 23:11:59,776 - __main__ - INFO - グループ計算完了: group_1b_rsi_extended - 4個の特徴量
2026-06-15 23:11:59,858 - __main__ - INFO - [Phase D-3] artifact 抽出完了 (engine_1_C): 4 features (group_1b_rsi_extended)
2026-06-15 23:11:59,906 - __main__ - INFO - グループ処理開始: group_1c_rsi_stochastic (2個の特徴量)
2026-06-15 23:11:59,906 - __main__ - INFO - グループ計算開始: group_1c_rsi_stochastic
2026-06-15 23:11:59,907 - __main__ - INFO - RSI特徴量計算開始
2026-06-15 23:11:59,907 - __main__ - INFO - RSI特徴量計算完了: 12個
2026-06-15 23:11:59,908 - __main__ - INFO - 品質保証システム適用開始 (EWMベース, timeframe=M8)
2026-06-15 23:11:59,908 - __main__ - INFO - 品質保証適用: 2個の特徴量 (timeframe=M8)
2026-06-15 23:11:59,909 - __main__ - INFO - 品質保証適用完了: 2列
2026-06-15 23:11:59,909 - __main__ - INFO - グループ計算完了: group_1c_rsi_stochastic - 2個の特徴量
2026-06-15 23:11:59,952 - __main__ - INFO - [Phase D-3] artifact 抽出完了 (engine_1_C): 2 features (group_1c_rsi_stochastic)
2026-06-15 23:11:59,999 - __main__ - INFO - グループ処理開始: group_1d_rsi_divergence (2個の特徴量)
2026-06-15 23:12:00,000 - __main__ - INFO - グループ計算開始: group_1d_rsi_divergence
2026-06-15 23:12:00,001 - __main__ - INFO - RSI特徴量計算開始
2026-06-15 23:12:00,002 - __main__ - INFO - RSI特徴量計算完了: 12個
2026-06-15 23:12:00,002 - __main__ - INFO - 品質保証システム適用開始 (EWMベース, timeframe=M8)
2026-06-15 23:12:00,003 - __main__ - INFO - 品質保証適用: 2個の特徴量 (timeframe=M8)
2026-06-15 23:12:00,004 - __main__ - INFO - 品質保証適用完了: 2列
2026-06-15 23:12:00,004 - __main__ - INFO - グループ計算完了: group_1d_rsi_divergence - 2個の特徴量
2026-06-15 23:12:00,058 - __main__ - INFO - [Phase D-3] artifact 抽出完了 (engine_1_C): 2 features (group_1d_rsi_divergence)
2026-06-15 23:12:00,103 - __main__ - INFO - グループ処理開始: group_2a_macd_standard (3個の特徴量)
2026-06-15 23:12:00,104 - __main__ - INFO - グループ計算開始: group_2a_macd_standard
2026-06-15 23:12:00,104 - __main__ - INFO - MACD特徴量計算開始
2026-06-15 23:12:00,105 - __main__ - INFO - MACD特徴量計算完了: 9個
2026-06-15 23:12:00,105 - __main__ - INFO - 品質保証システム適用開始 (EWMベース, timeframe=M8)
2026-06-15 23:12:00,106 - __main__ - INFO - 品質保証適用: 3個の特徴量 (timeframe=M8)
2026-06-15 23:12:00,107 - __main__ - INFO - 品質保証適用完了: 3列
2026-06-15 23:12:00,107 - __main__ - INFO - グループ計算完了: group_2a_macd_standard - 3個の特徴量
2026-06-15 23:12:00,164 - __main__ - INFO - [Phase D-3] artifact 抽出完了 (engine_1_C): 3 features (group_2a_macd_standard)
2026-06-15 23:12:00,210 - __main__ - INFO - グループ処理開始: group_2b_macd_variants (6個の特徴量)
2026-06-15 23:12:00,211 - __main__ - INFO - グループ計算開始: group_2b_macd_variants
2026-06-15 23:12:00,211 - __main__ - INFO - MACD特徴量計算開始
2026-06-15 23:12:00,212 - __main__ - INFO - MACD特徴量計算完了: 9個
2026-06-15 23:12:00,212 - __main__ - INFO - 品質保証システム適用開始 (EWMベース, timeframe=M8)
2026-06-15 23:12:00,213 - __main__ - INFO - 品質保証適用: 6個の特徴量 (timeframe=M8)
2026-06-15 23:12:00,214 - __main__ - INFO - 品質保証適用完了: 6列
2026-06-15 23:12:00,214 - __main__ - INFO - グループ計算完了: group_2b_macd_variants - 6個の特徴量
2026-06-15 23:12:00,327 - __main__ - INFO - [Phase D-3] artifact 抽出完了 (engine_1_C): 6 features (group_2b_macd_variants)
2026-06-15 23:12:00,372 - __main__ - INFO - グループ処理開始: group_3a_bb_20 (10個の特徴量)
2026-06-15 23:12:00,373 - __main__ - INFO - グループ計算開始: group_3a_bb_20
2026-06-15 23:12:00,373 - __main__ - INFO - ボリンジャーバンド特徴量計算開始
2026-06-15 23:12:00,375 - __main__ - INFO - ボリンジャーバンド特徴量計算完了: 54個
2026-06-15 23:12:00,376 - __main__ - INFO - 品質保証システム適用開始 (EWMベース, timeframe=M8)
2026-06-15 23:12:00,377 - __main__ - INFO - 品質保証適用: 14個の特徴量 (timeframe=M8)
2026-06-15 23:12:00,379 - __main__ - INFO - 品質保証適用完了: 14列
2026-06-15 23:12:00,379 - __main__ - INFO - グループ計算完了: group_3a_bb_20 - 16個の特徴量
2026-06-15 23:12:00,683 - __main__ - INFO - [Phase D-3] artifact 抽出完了 (engine_1_C): 14 features (group_3a_bb_20)
2026-06-15 23:12:00,734 - __main__ - INFO - グループ処理開始: group_3b_bb_30_50 (26個の特徴量)
2026-06-15 23:12:00,735 - __main__ - INFO - グループ計算開始: group_3b_bb_30_50
2026-06-15 23:12:00,735 - __main__ - INFO - ボリンジャーバンド特徴量計算開始
2026-06-15 23:12:00,737 - __main__ - INFO - ボリンジャーバンド特徴量計算完了: 54個
2026-06-15 23:12:00,738 - __main__ - INFO - 品質保証システム適用開始 (EWMベース, timeframe=M8)
2026-06-15 23:12:00,739 - __main__ - INFO - 品質保証適用: 30個の特徴量 (timeframe=M8)
2026-06-15 23:12:00,742 - __main__ - INFO - 品質保証適用完了: 30列
2026-06-15 23:12:00,742 - __main__ - INFO - グループ計算完了: group_3b_bb_30_50 - 38個の特徴量
2026-06-15 23:12:01,460 - __main__ - INFO - [Phase D-3] artifact 抽出完了 (engine_1_C): 30 features (group_3b_bb_30_50)
2026-06-15 23:12:01,509 - __main__ - INFO - グループ処理開始: group_3c_bb_variants (6個の特徴量)
2026-06-15 23:12:01,509 - __main__ - INFO - グループ計算開始: group_3c_bb_variants
2026-06-15 23:12:01,510 - __main__ - INFO - ボリンジャーバンド特徴量計算開始
2026-06-15 23:12:01,511 - __main__ - INFO - ボリンジャーバンド特徴量計算完了: 54個
2026-06-15 23:12:01,512 - __main__ - INFO - 品質保証システム適用開始 (EWMベース, timeframe=M8)
2026-06-15 23:12:01,514 - __main__ - INFO - 品質保証適用: 6個の特徴量 (timeframe=M8)
2026-06-15 23:12:01,514 - __main__ - INFO - 品質保証適用完了: 6列
2026-06-15 23:12:01,515 - __main__ - INFO - グループ計算完了: group_3c_bb_variants - 6個の特徴量
2026-06-15 23:12:01,640 - __main__ - INFO - [Phase D-3] artifact 抽出完了 (engine_1_C): 6 features (group_3c_bb_variants)
2026-06-15 23:12:01,685 - __main__ - INFO - グループ処理開始: group_4a_atr_basic (4個の特徴量)
2026-06-15 23:12:01,686 - __main__ - INFO - グループ計算開始: group_4a_atr_basic
2026-06-15 23:12:01,686 - __main__ - INFO - ATR特徴量計算開始
2026-06-15 23:12:01,687 - __main__ - INFO - ATR特徴量計算完了: 16個
2026-06-15 23:12:01,688 - __main__ - INFO - 品質保証システム適用開始 (EWMベース, timeframe=M8)
2026-06-15 23:12:01,688 - __main__ - INFO - 品質保証適用: 4個の特徴量 (timeframe=M8)
2026-06-15 23:12:01,689 - __main__ - INFO - 品質保証適用完了: 4列
2026-06-15 23:12:01,690 - __main__ - INFO - グループ計算完了: group_4a_atr_basic - 4個の特徴量
2026-06-15 23:12:01,765 - __main__ - INFO - [Phase D-3] artifact 抽出完了 (engine_1_C): 4 features (group_4a_atr_basic)
2026-06-15 23:12:01,810 - __main__ - INFO - グループ処理開始: group_4b_atr_extended (12個の特徴量)
2026-06-15 23:12:01,811 - __main__ - INFO - グループ計算開始: group_4b_atr_extended
2026-06-15 23:12:01,812 - __main__ - INFO - ATR特徴量計算開始
2026-06-15 23:12:01,813 - __main__ - INFO - ATR特徴量計算完了: 16個
2026-06-15 23:12:01,814 - __main__ - INFO - 品質保証システム適用開始 (EWMベース, timeframe=M8)
2026-06-15 23:12:01,814 - __main__ - INFO - 品質保証適用: 12個の特徴量 (timeframe=M8)
2026-06-15 23:12:01,816 - __main__ - INFO - 品質保証適用完了: 12列
2026-06-15 23:12:01,816 - __main__ - INFO - グループ計算完了: group_4b_atr_extended - 12個の特徴量
2026-06-15 23:12:02,052 - __main__ - INFO - [Phase D-3] artifact 抽出完了 (engine_1_C): 12 features (group_4b_atr_extended)
2026-06-15 23:12:02,107 - __main__ - INFO - グループ処理開始: group_5a_oscillators_basic (9個の特徴量)
2026-06-15 23:12:02,108 - __main__ - INFO - グループ計算開始: group_5a_oscillators_basic
2026-06-15 23:12:02,108 - __main__ - INFO - オシレーター特徴量計算開始
2026-06-15 23:12:02,109 - __main__ - INFO - オシレーター特徴量計算完了: 30個
2026-06-15 23:12:02,109 - __main__ - INFO - 品質保証システム適用開始 (EWMベース, timeframe=M8)
2026-06-15 23:12:02,110 - __main__ - INFO - 品質保証適用: 9個の特徴量 (timeframe=M8)
2026-06-15 23:12:02,111 - __main__ - INFO - 品質保証適用完了: 9列
2026-06-15 23:12:02,112 - __main__ - INFO - グループ計算完了: group_5a_oscillators_basic - 9個の特徴量
2026-06-15 23:12:02,284 - __main__ - INFO - [Phase D-3] artifact 抽出完了 (engine_1_C): 9 features (group_5a_oscillators_basic)
2026-06-15 23:12:02,329 - __main__ - INFO - グループ処理開始: group_5b_oscillators_extended (21個の特徴量)
2026-06-15 23:12:02,330 - __main__ - INFO - グループ計算開始: group_5b_oscillators_extended
2026-06-15 23:12:02,330 - __main__ - INFO - オシレーター特徴量計算開始
2026-06-15 23:12:02,331 - __main__ - INFO - オシレーター特徴量計算完了: 30個
2026-06-15 23:12:02,332 - __main__ - INFO - 品質保証システム適用開始 (EWMベース, timeframe=M8)
2026-06-15 23:12:02,333 - __main__ - INFO - 品質保証適用: 21個の特徴量 (timeframe=M8)
2026-06-15 23:12:02,334 - __main__ - INFO - 品質保証適用完了: 21列
2026-06-15 23:12:02,335 - __main__ - INFO - グループ計算完了: group_5b_oscillators_extended - 21個の特徴量
2026-06-15 23:12:02,771 - __main__ - INFO - [Phase D-3] artifact 抽出完了 (engine_1_C): 21 features (group_5b_oscillators_extended)
2026-06-15 23:12:02,820 - __main__ - INFO - グループ処理開始: group_6a_momentum_basic (8個の特徴量)
2026-06-15 23:12:02,821 - __main__ - INFO - グループ計算開始: group_6a_momentum_basic
2026-06-15 23:12:02,822 - __main__ - INFO - モメンタム特徴量計算開始
2026-06-15 23:12:02,822 - __main__ - INFO - モメンタム特徴量計算完了: 17個
2026-06-15 23:12:02,823 - __main__ - INFO - 品質保証システム適用開始 (EWMベース, timeframe=M8)
2026-06-15 23:12:02,823 - __main__ - INFO - 品質保証適用: 8個の特徴量 (timeframe=M8)
2026-06-15 23:12:02,824 - __main__ - INFO - 品質保証適用完了: 8列
2026-06-15 23:12:02,825 - __main__ - INFO - グループ計算完了: group_6a_momentum_basic - 8個の特徴量
2026-06-15 23:12:02,978 - __main__ - INFO - [Phase D-3] artifact 抽出完了 (engine_1_C): 8 features (group_6a_momentum_basic)
2026-06-15 23:12:03,025 - __main__ - INFO - グループ処理開始: group_6b_momentum_extended (9個の特徴量)
2026-06-15 23:12:03,026 - __main__ - INFO - グループ計算開始: group_6b_momentum_extended
2026-06-15 23:12:03,026 - __main__ - INFO - モメンタム特徴量計算開始
2026-06-15 23:12:03,027 - __main__ - INFO - モメンタム特徴量計算完了: 17個
2026-06-15 23:12:03,028 - __main__ - INFO - 品質保証システム適用開始 (EWMベース, timeframe=M8)
2026-06-15 23:12:03,028 - __main__ - INFO - 品質保証適用: 9個の特徴量 (timeframe=M8)
2026-06-15 23:12:03,030 - __main__ - INFO - 品質保証適用完了: 9列
2026-06-15 23:12:03,030 - __main__ - INFO - グループ計算完了: group_6b_momentum_extended - 9個の特徴量
2026-06-15 23:12:03,250 - __main__ - INFO - [Phase D-3] artifact 抽出完了 (engine_1_C): 9 features (group_6b_momentum_extended)
2026-06-15 23:12:03,301 - __main__ - INFO - グループ処理開始: group_7_moving_averages (15個の特徴量)
2026-06-15 23:12:03,301 - __main__ - INFO - グループ計算開始: group_7_moving_averages
2026-06-15 23:12:03,302 - __main__ - INFO - 移動平均線特徴量計算開始
2026-06-15 23:12:03,303 - __main__ - INFO - 移動平均線特徴量計算完了: 39個
2026-06-15 23:12:03,304 - __main__ - INFO - 品質保証システム適用開始 (EWMベース, timeframe=M8)
2026-06-15 23:12:03,305 - __main__ - INFO - 品質保証適用: 15個の特徴量 (timeframe=M8)
2026-06-15 23:12:03,306 - __main__ - INFO - 品質保証適用完了: 15列
2026-06-15 23:12:03,307 - __main__ - INFO - グループ計算完了: group_7_moving_averages - 19個の特徴量
2026-06-15 23:12:03,609 - __main__ - INFO - [Phase D-3] artifact 抽出完了 (engine_1_C): 15 features (group_7_moving_averages)
2026-06-15 23:12:03,661 - __main__ - INFO - グループ処理開始: group_8_advanced (14個の特徴量)
2026-06-15 23:12:03,662 - __main__ - INFO - グループ計算開始: group_8_advanced
2026-06-15 23:12:03,662 - __main__ - INFO - 高度な指標特徴量計算開始
2026-06-15 23:12:03,663 - __main__ - INFO - 高度な指標特徴量計算完了: 14個
2026-06-15 23:12:03,664 - __main__ - INFO - 品質保証システム適用開始 (EWMベース, timeframe=M8)
2026-06-15 23:12:03,665 - __main__ - INFO - 品質保証適用: 14個の特徴量 (timeframe=M8)
2026-06-15 23:12:03,666 - __main__ - INFO - 品質保証適用完了: 14列
2026-06-15 23:12:03,667 - __main__ - INFO - グループ計算完了: group_8_advanced - 15個の特徴量
2026-06-15 23:12:04,059 - __main__ - INFO - [Phase D-3] artifact 抽出完了 (engine_1_C): 14 features (group_8_advanced)
2026-06-15 23:12:04,109 - __main__ - INFO - グループ処理開始: group_9_moving_extended (24個の特徴量)
2026-06-15 23:12:04,110 - __main__ - INFO - グループ計算開始: group_9_moving_extended
2026-06-15 23:12:04,110 - __main__ - INFO - 移動平均線特徴量計算開始
2026-06-15 23:12:04,111 - __main__ - INFO - 移動平均線特徴量計算完了: 39個
2026-06-15 23:12:04,114 - __main__ - INFO - 品質保証システム適用開始 (EWMベース, timeframe=M8)
2026-06-15 23:12:04,115 - __main__ - INFO - 品質保証適用: 24個の特徴量 (timeframe=M8)
2026-06-15 23:12:04,117 - __main__ - INFO - 品質保証適用完了: 24列
2026-06-15 23:12:04,117 - __main__ - INFO - グループ計算完了: group_9_moving_extended - 30個の特徴量
2026-06-15 23:12:04,649 - __main__ - INFO - [Phase D-3] artifact 抽出完了 (engine_1_C): 24 features (group_9_moving_extended)
2026-06-15 23:12:04,698 - __main__ - INFO - 全グループ計算完了。ファイルの結合を開始します...
2026-06-15 23:12:05,430 - __main__ - INFO - NaN埋め処理完了: 184個の特徴量 (basic=7, ホワイトリスト方式)
2026-06-15 23:12:05,576 - __main__ - INFO - 保存完了: features_e1c_M8.parquet (12.62MB, 0.14秒)
2026-06-15 23:12:05,577 - __main__ - INFO - === 通常処理完了: M8 - 6.05秒 ===
2026-06-15 23:12:05,577 - __main__ - INFO - === 通常処理開始: timeframe=M15 ===
2026-06-15 23:12:05,578 - __main__ - INFO - DataEngine初期化: /workspace/data/XAUUSD/stratum_1_base/master_processed
2026-06-15 23:12:05,579 - __main__ - INFO - 一時ディレクトリ作成: /tmp/features_e1c_xqj195hx
2026-06-15 23:12:05,579 - __main__ - INFO - CalculationEngine初期化: e1c_
2026-06-15 23:12:05,584 - __main__ - INFO - OutputEngine初期化: /workspace/data/XAUUSD/stratum_2_features/feature_value_a_vast_universeC
2026-06-15 23:12:05,620 - __main__ - INFO - データサマリー: {'columns': ['timeframe', 'timestamp', 'open', 'high', 'low', 'close', 'volume', 'disc', 'log_return', 'rolling_volatility', 'rolling_avg_volume', 'price_direction', 'price_momentum', 'volume_ratio'], 'dtypes': {'timeframe': 'String', 'timestamp': "Datetime(time_unit='ns', time_zone=None)", 'open': 'Float64', 'high': 'Float64', 'low': 'Float64', 'close': 'Float64', 'volume': 'Int64', 'disc': 'Boolean', 'log_return': 'Float64', 'rolling_volatility': 'Float64', 'rolling_avg_volume': 'Float64', 'price_direction': 'Int8', 'price_momentum': 'Float64', 'volume_ratio': 'Float64'}, 'sample_rows': 1000, 'memory_usage_mb': 0.08505725860595703}
2026-06-15 23:12:05,631 - __main__ - INFO - グループ処理開始: group_1a_rsi_basic (4個の特徴量)
2026-06-15 23:12:05,631 - __main__ - INFO - グループ計算開始: group_1a_rsi_basic
2026-06-15 23:12:05,632 - __main__ - INFO - RSI特徴量計算開始
2026-06-15 23:12:05,632 - __main__ - INFO - RSI特徴量計算完了: 12個
2026-06-15 23:12:05,633 - __main__ - INFO - 品質保証システム適用開始 (EWMベース, timeframe=M15)
2026-06-15 23:12:05,633 - __main__ - INFO - 品質保証適用: 6個の特徴量 (timeframe=M15)
2026-06-15 23:12:05,634 - __main__ - INFO - 品質保証適用完了: 6列
2026-06-15 23:12:05,635 - __main__ - INFO - グループ計算完了: group_1a_rsi_basic - 6個の特徴量
2026-06-15 23:12:05,744 - __main__ - INFO - [Phase D-3] artifact 抽出完了 (engine_1_C): 6 features (group_1a_rsi_basic)
2026-06-15 23:12:05,796 - __main__ - INFO - グループ処理開始: group_1b_rsi_extended (4個の特徴量)
2026-06-15 23:12:05,797 - __main__ - INFO - グループ計算開始: group_1b_rsi_extended
2026-06-15 23:12:05,798 - __main__ - INFO - RSI特徴量計算開始
2026-06-15 23:12:05,798 - __main__ - INFO - RSI特徴量計算完了: 12個
2026-06-15 23:12:05,799 - __main__ - INFO - 品質保証システム適用開始 (EWMベース, timeframe=M15)
2026-06-15 23:12:05,799 - __main__ - INFO - 品質保証適用: 4個の特徴量 (timeframe=M15)
2026-06-15 23:12:05,800 - __main__ - INFO - 品質保証適用完了: 4列
2026-06-15 23:12:05,801 - __main__ - INFO - グループ計算完了: group_1b_rsi_extended - 4個の特徴量
2026-06-15 23:12:05,872 - __main__ - INFO - [Phase D-3] artifact 抽出完了 (engine_1_C): 4 features (group_1b_rsi_extended)
2026-06-15 23:12:05,915 - __main__ - INFO - グループ処理開始: group_1c_rsi_stochastic (2個の特徴量)
2026-06-15 23:12:05,916 - __main__ - INFO - グループ計算開始: group_1c_rsi_stochastic
2026-06-15 23:12:05,916 - __main__ - INFO - RSI特徴量計算開始
2026-06-15 23:12:05,917 - __main__ - INFO - RSI特徴量計算完了: 12個
2026-06-15 23:12:05,918 - __main__ - INFO - 品質保証システム適用開始 (EWMベース, timeframe=M15)
2026-06-15 23:12:05,918 - __main__ - INFO - 品質保証適用: 2個の特徴量 (timeframe=M15)
2026-06-15 23:12:05,919 - __main__ - INFO - 品質保証適用完了: 2列
2026-06-15 23:12:05,919 - __main__ - INFO - グループ計算完了: group_1c_rsi_stochastic - 2個の特徴量
2026-06-15 23:12:05,955 - __main__ - INFO - [Phase D-3] artifact 抽出完了 (engine_1_C): 2 features (group_1c_rsi_stochastic)
2026-06-15 23:12:05,998 - __main__ - INFO - グループ処理開始: group_1d_rsi_divergence (2個の特徴量)
2026-06-15 23:12:05,999 - __main__ - INFO - グループ計算開始: group_1d_rsi_divergence
2026-06-15 23:12:05,999 - __main__ - INFO - RSI特徴量計算開始
2026-06-15 23:12:06,000 - __main__ - INFO - RSI特徴量計算完了: 12個
2026-06-15 23:12:06,001 - __main__ - INFO - 品質保証システム適用開始 (EWMベース, timeframe=M15)
2026-06-15 23:12:06,001 - __main__ - INFO - 品質保証適用: 2個の特徴量 (timeframe=M15)
2026-06-15 23:12:06,002 - __main__ - INFO - 品質保証適用完了: 2列
2026-06-15 23:12:06,002 - __main__ - INFO - グループ計算完了: group_1d_rsi_divergence - 2個の特徴量
2026-06-15 23:12:06,046 - __main__ - INFO - [Phase D-3] artifact 抽出完了 (engine_1_C): 2 features (group_1d_rsi_divergence)
2026-06-15 23:12:06,091 - __main__ - INFO - グループ処理開始: group_2a_macd_standard (3個の特徴量)
2026-06-15 23:12:06,092 - __main__ - INFO - グループ計算開始: group_2a_macd_standard
2026-06-15 23:12:06,092 - __main__ - INFO - MACD特徴量計算開始
2026-06-15 23:12:06,093 - __main__ - INFO - MACD特徴量計算完了: 9個
2026-06-15 23:12:06,094 - __main__ - INFO - 品質保証システム適用開始 (EWMベース, timeframe=M15)
2026-06-15 23:12:06,094 - __main__ - INFO - 品質保証適用: 3個の特徴量 (timeframe=M15)
2026-06-15 23:12:06,095 - __main__ - INFO - 品質保証適用完了: 3列
2026-06-15 23:12:06,095 - __main__ - INFO - グループ計算完了: group_2a_macd_standard - 3個の特徴量
2026-06-15 23:12:06,141 - __main__ - INFO - [Phase D-3] artifact 抽出完了 (engine_1_C): 3 features (group_2a_macd_standard)
2026-06-15 23:12:06,188 - __main__ - INFO - グループ処理開始: group_2b_macd_variants (6個の特徴量)
2026-06-15 23:12:06,188 - __main__ - INFO - グループ計算開始: group_2b_macd_variants
2026-06-15 23:12:06,189 - __main__ - INFO - MACD特徴量計算開始
2026-06-15 23:12:06,189 - __main__ - INFO - MACD特徴量計算完了: 9個
2026-06-15 23:12:06,190 - __main__ - INFO - 品質保証システム適用開始 (EWMベース, timeframe=M15)
2026-06-15 23:12:06,191 - __main__ - INFO - 品質保証適用: 6個の特徴量 (timeframe=M15)
2026-06-15 23:12:06,191 - __main__ - INFO - 品質保証適用完了: 6列
2026-06-15 23:12:06,192 - __main__ - INFO - グループ計算完了: group_2b_macd_variants - 6個の特徴量
2026-06-15 23:12:06,284 - __main__ - INFO - [Phase D-3] artifact 抽出完了 (engine_1_C): 6 features (group_2b_macd_variants)
2026-06-15 23:12:06,328 - __main__ - INFO - グループ処理開始: group_3a_bb_20 (10個の特徴量)
2026-06-15 23:12:06,328 - __main__ - INFO - グループ計算開始: group_3a_bb_20
2026-06-15 23:12:06,329 - __main__ - INFO - ボリンジャーバンド特徴量計算開始
2026-06-15 23:12:06,330 - __main__ - INFO - ボリンジャーバンド特徴量計算完了: 54個
2026-06-15 23:12:06,332 - __main__ - INFO - 品質保証システム適用開始 (EWMベース, timeframe=M15)
2026-06-15 23:12:06,333 - __main__ - INFO - 品質保証適用: 14個の特徴量 (timeframe=M15)
2026-06-15 23:12:06,334 - __main__ - INFO - 品質保証適用完了: 14列
2026-06-15 23:12:06,335 - __main__ - INFO - グループ計算完了: group_3a_bb_20 - 16個の特徴量
2026-06-15 23:12:06,589 - __main__ - INFO - [Phase D-3] artifact 抽出完了 (engine_1_C): 14 features (group_3a_bb_20)
2026-06-15 23:12:06,638 - __main__ - INFO - グループ処理開始: group_3b_bb_30_50 (26個の特徴量)
2026-06-15 23:12:06,638 - __main__ - INFO - グループ計算開始: group_3b_bb_30_50
2026-06-15 23:12:06,639 - __main__ - INFO - ボリンジャーバンド特徴量計算開始
2026-06-15 23:12:06,640 - __main__ - INFO - ボリンジャーバンド特徴量計算完了: 54個
2026-06-15 23:12:06,642 - __main__ - INFO - 品質保証システム適用開始 (EWMベース, timeframe=M15)
2026-06-15 23:12:06,643 - __main__ - INFO - 品質保証適用: 30個の特徴量 (timeframe=M15)
2026-06-15 23:12:06,646 - __main__ - INFO - 品質保証適用完了: 30列
2026-06-15 23:12:06,646 - __main__ - INFO - グループ計算完了: group_3b_bb_30_50 - 38個の特徴量
2026-06-15 23:12:07,235 - __main__ - INFO - [Phase D-3] artifact 抽出完了 (engine_1_C): 30 features (group_3b_bb_30_50)
2026-06-15 23:12:07,282 - __main__ - INFO - グループ処理開始: group_3c_bb_variants (6個の特徴量)
2026-06-15 23:12:07,283 - __main__ - INFO - グループ計算開始: group_3c_bb_variants
2026-06-15 23:12:07,284 - __main__ - INFO - ボリンジャーバンド特徴量計算開始
2026-06-15 23:12:07,285 - __main__ - INFO - ボリンジャーバンド特徴量計算完了: 54個
2026-06-15 23:12:07,286 - __main__ - INFO - 品質保証システム適用開始 (EWMベース, timeframe=M15)
2026-06-15 23:12:07,287 - __main__ - INFO - 品質保証適用: 6個の特徴量 (timeframe=M15)
2026-06-15 23:12:07,288 - __main__ - INFO - 品質保証適用完了: 6列
2026-06-15 23:12:07,289 - __main__ - INFO - グループ計算完了: group_3c_bb_variants - 6個の特徴量
2026-06-15 23:12:07,396 - __main__ - INFO - [Phase D-3] artifact 抽出完了 (engine_1_C): 6 features (group_3c_bb_variants)
2026-06-15 23:12:07,440 - __main__ - INFO - グループ処理開始: group_4a_atr_basic (4個の特徴量)
2026-06-15 23:12:07,441 - __main__ - INFO - グループ計算開始: group_4a_atr_basic
2026-06-15 23:12:07,441 - __main__ - INFO - ATR特徴量計算開始
2026-06-15 23:12:07,442 - __main__ - INFO - ATR特徴量計算完了: 16個
2026-06-15 23:12:07,443 - __main__ - INFO - 品質保証システム適用開始 (EWMベース, timeframe=M15)
2026-06-15 23:12:07,443 - __main__ - INFO - 品質保証適用: 4個の特徴量 (timeframe=M15)
2026-06-15 23:12:07,444 - __main__ - INFO - 品質保証適用完了: 4列
2026-06-15 23:12:07,444 - __main__ - INFO - グループ計算完了: group_4a_atr_basic - 4個の特徴量
2026-06-15 23:12:07,506 - __main__ - INFO - [Phase D-3] artifact 抽出完了 (engine_1_C): 4 features (group_4a_atr_basic)
2026-06-15 23:12:07,550 - __main__ - INFO - グループ処理開始: group_4b_atr_extended (12個の特徴量)
2026-06-15 23:12:07,550 - __main__ - INFO - グループ計算開始: group_4b_atr_extended
2026-06-15 23:12:07,551 - __main__ - INFO - ATR特徴量計算開始
2026-06-15 23:12:07,552 - __main__ - INFO - ATR特徴量計算完了: 16個
2026-06-15 23:12:07,552 - __main__ - INFO - 品質保証システム適用開始 (EWMベース, timeframe=M15)
2026-06-15 23:12:07,553 - __main__ - INFO - 品質保証適用: 12個の特徴量 (timeframe=M15)
2026-06-15 23:12:07,554 - __main__ - INFO - 品質保証適用完了: 12列
2026-06-15 23:12:07,555 - __main__ - INFO - グループ計算完了: group_4b_atr_extended - 12個の特徴量
2026-06-15 23:12:07,754 - __main__ - INFO - [Phase D-3] artifact 抽出完了 (engine_1_C): 12 features (group_4b_atr_extended)
2026-06-15 23:12:07,807 - __main__ - INFO - グループ処理開始: group_5a_oscillators_basic (9個の特徴量)
2026-06-15 23:12:07,807 - __main__ - INFO - グループ計算開始: group_5a_oscillators_basic
2026-06-15 23:12:07,808 - __main__ - INFO - オシレーター特徴量計算開始
2026-06-15 23:12:07,808 - __main__ - INFO - オシレーター特徴量計算完了: 30個
2026-06-15 23:12:07,809 - __main__ - INFO - 品質保証システム適用開始 (EWMベース, timeframe=M15)
2026-06-15 23:12:07,810 - __main__ - INFO - 品質保証適用: 9個の特徴量 (timeframe=M15)
2026-06-15 23:12:07,811 - __main__ - INFO - 品質保証適用完了: 9列
2026-06-15 23:12:07,811 - __main__ - INFO - グループ計算完了: group_5a_oscillators_basic - 9個の特徴量
2026-06-15 23:12:07,952 - __main__ - INFO - [Phase D-3] artifact 抽出完了 (engine_1_C): 9 features (group_5a_oscillators_basic)
2026-06-15 23:12:07,995 - __main__ - INFO - グループ処理開始: group_5b_oscillators_extended (21個の特徴量)
2026-06-15 23:12:07,995 - __main__ - INFO - グループ計算開始: group_5b_oscillators_extended
2026-06-15 23:12:07,996 - __main__ - INFO - オシレーター特徴量計算開始
2026-06-15 23:12:07,997 - __main__ - INFO - オシレーター特徴量計算完了: 30個
2026-06-15 23:12:07,997 - __main__ - INFO - 品質保証システム適用開始 (EWMベース, timeframe=M15)
2026-06-15 23:12:07,998 - __main__ - INFO - 品質保証適用: 21個の特徴量 (timeframe=M15)
2026-06-15 23:12:08,000 - __main__ - INFO - 品質保証適用完了: 21列
2026-06-15 23:12:08,000 - __main__ - INFO - グループ計算完了: group_5b_oscillators_extended - 21個の特徴量
2026-06-15 23:12:08,356 - __main__ - INFO - [Phase D-3] artifact 抽出完了 (engine_1_C): 21 features (group_5b_oscillators_extended)
2026-06-15 23:12:08,404 - __main__ - INFO - グループ処理開始: group_6a_momentum_basic (8個の特徴量)
2026-06-15 23:12:08,405 - __main__ - INFO - グループ計算開始: group_6a_momentum_basic
2026-06-15 23:12:08,405 - __main__ - INFO - モメンタム特徴量計算開始
2026-06-15 23:12:08,406 - __main__ - INFO - モメンタム特徴量計算完了: 17個
2026-06-15 23:12:08,407 - __main__ - INFO - 品質保証システム適用開始 (EWMベース, timeframe=M15)
2026-06-15 23:12:08,407 - __main__ - INFO - 品質保証適用: 8個の特徴量 (timeframe=M15)
2026-06-15 23:12:08,408 - __main__ - INFO - 品質保証適用完了: 8列
2026-06-15 23:12:08,409 - __main__ - INFO - グループ計算完了: group_6a_momentum_basic - 8個の特徴量
2026-06-15 23:12:08,535 - __main__ - INFO - [Phase D-3] artifact 抽出完了 (engine_1_C): 8 features (group_6a_momentum_basic)
2026-06-15 23:12:08,582 - __main__ - INFO - グループ処理開始: group_6b_momentum_extended (9個の特徴量)
2026-06-15 23:12:08,582 - __main__ - INFO - グループ計算開始: group_6b_momentum_extended
2026-06-15 23:12:08,583 - __main__ - INFO - モメンタム特徴量計算開始
2026-06-15 23:12:08,584 - __main__ - INFO - モメンタム特徴量計算完了: 17個
2026-06-15 23:12:08,584 - __main__ - INFO - 品質保証システム適用開始 (EWMベース, timeframe=M15)
2026-06-15 23:12:08,585 - __main__ - INFO - 品質保証適用: 9個の特徴量 (timeframe=M15)
2026-06-15 23:12:08,586 - __main__ - INFO - 品質保証適用完了: 9列
2026-06-15 23:12:08,587 - __main__ - INFO - グループ計算完了: group_6b_momentum_extended - 9個の特徴量
2026-06-15 23:12:08,777 - __main__ - INFO - [Phase D-3] artifact 抽出完了 (engine_1_C): 9 features (group_6b_momentum_extended)
2026-06-15 23:12:08,825 - __main__ - INFO - グループ処理開始: group_7_moving_averages (15個の特徴量)
2026-06-15 23:12:08,826 - __main__ - INFO - グループ計算開始: group_7_moving_averages
2026-06-15 23:12:08,826 - __main__ - INFO - 移動平均線特徴量計算開始
2026-06-15 23:12:08,827 - __main__ - INFO - 移動平均線特徴量計算完了: 39個
2026-06-15 23:12:08,828 - __main__ - INFO - 品質保証システム適用開始 (EWMベース, timeframe=M15)
2026-06-15 23:12:08,829 - __main__ - INFO - 品質保証適用: 15個の特徴量 (timeframe=M15)
2026-06-15 23:12:08,831 - __main__ - INFO - 品質保証適用完了: 15列
2026-06-15 23:12:08,831 - __main__ - INFO - グループ計算完了: group_7_moving_averages - 19個の特徴量
2026-06-15 23:12:09,079 - __main__ - INFO - [Phase D-3] artifact 抽出完了 (engine_1_C): 15 features (group_7_moving_averages)
2026-06-15 23:12:09,125 - __main__ - INFO - グループ処理開始: group_8_advanced (14個の特徴量)
2026-06-15 23:12:09,125 - __main__ - INFO - グループ計算開始: group_8_advanced
2026-06-15 23:12:09,126 - __main__ - INFO - 高度な指標特徴量計算開始
2026-06-15 23:12:09,127 - __main__ - INFO - 高度な指標特徴量計算完了: 14個
2026-06-15 23:12:09,128 - __main__ - INFO - 品質保証システム適用開始 (EWMベース, timeframe=M15)
2026-06-15 23:12:09,129 - __main__ - INFO - 品質保証適用: 14個の特徴量 (timeframe=M15)
2026-06-15 23:12:09,131 - __main__ - INFO - 品質保証適用完了: 14列
2026-06-15 23:12:09,132 - __main__ - INFO - グループ計算完了: group_8_advanced - 15個の特徴量
2026-06-15 23:12:09,441 - __main__ - INFO - [Phase D-3] artifact 抽出完了 (engine_1_C): 14 features (group_8_advanced)
2026-06-15 23:12:09,494 - __main__ - INFO - グループ処理開始: group_9_moving_extended (24個の特徴量)
2026-06-15 23:12:09,494 - __main__ - INFO - グループ計算開始: group_9_moving_extended
2026-06-15 23:12:09,494 - __main__ - INFO - 移動平均線特徴量計算開始
2026-06-15 23:12:09,496 - __main__ - INFO - 移動平均線特徴量計算完了: 39個
2026-06-15 23:12:09,497 - __main__ - INFO - 品質保証システム適用開始 (EWMベース, timeframe=M15)
2026-06-15 23:12:09,498 - __main__ - INFO - 品質保証適用: 24個の特徴量 (timeframe=M15)
2026-06-15 23:12:09,500 - __main__ - INFO - 品質保証適用完了: 24列
2026-06-15 23:12:09,500 - __main__ - INFO - グループ計算完了: group_9_moving_extended - 30個の特徴量
2026-06-15 23:12:09,939 - __main__ - INFO - [Phase D-3] artifact 抽出完了 (engine_1_C): 24 features (group_9_moving_extended)
2026-06-15 23:12:09,989 - __main__ - INFO - 全グループ計算完了。ファイルの結合を開始します...
2026-06-15 23:12:10,724 - __main__ - INFO - NaN埋め処理完了: 184個の特徴量 (basic=7, ホワイトリスト方式)
2026-06-15 23:12:10,807 - __main__ - INFO - 保存完了: features_e1c_M15.parquet (6.73MB, 0.08秒)
2026-06-15 23:12:10,808 - __main__ - INFO - === 通常処理完了: M15 - 5.23秒 ===
2026-06-15 23:12:10,809 - __main__ - INFO - === 通常処理開始: timeframe=M30 ===
2026-06-15 23:12:10,809 - __main__ - INFO - DataEngine初期化: /workspace/data/XAUUSD/stratum_1_base/master_processed
2026-06-15 23:12:10,810 - __main__ - INFO - 一時ディレクトリ作成: /tmp/features_e1c_dsyc0uc5
2026-06-15 23:12:10,810 - __main__ - INFO - CalculationEngine初期化: e1c_
2026-06-15 23:12:10,815 - __main__ - INFO - OutputEngine初期化: /workspace/data/XAUUSD/stratum_2_features/feature_value_a_vast_universeC
2026-06-15 23:12:10,851 - __main__ - INFO - データサマリー: {'columns': ['timeframe', 'timestamp', 'open', 'high', 'low', 'close', 'volume', 'disc', 'log_return', 'rolling_volatility', 'rolling_avg_volume', 'price_direction', 'price_momentum', 'volume_ratio'], 'dtypes': {'timeframe': 'String', 'timestamp': "Datetime(time_unit='ns', time_zone=None)", 'open': 'Float64', 'high': 'Float64', 'low': 'Float64', 'close': 'Float64', 'volume': 'Int64', 'disc': 'Boolean', 'log_return': 'Float64', 'rolling_volatility': 'Float64', 'rolling_avg_volume': 'Float64', 'price_direction': 'Int8', 'price_momentum': 'Float64', 'volume_ratio': 'Float64'}, 'sample_rows': 1000, 'memory_usage_mb': 0.08505725860595703}
2026-06-15 23:12:10,859 - __main__ - INFO - グループ処理開始: group_1a_rsi_basic (4個の特徴量)
2026-06-15 23:12:10,860 - __main__ - INFO - グループ計算開始: group_1a_rsi_basic
2026-06-15 23:12:10,860 - __main__ - INFO - RSI特徴量計算開始
2026-06-15 23:12:10,861 - __main__ - INFO - RSI特徴量計算完了: 12個
2026-06-15 23:12:10,861 - __main__ - INFO - 品質保証システム適用開始 (EWMベース, timeframe=M30)
2026-06-15 23:12:10,861 - __main__ - INFO - 品質保証適用: 6個の特徴量 (timeframe=M30)
2026-06-15 23:12:10,862 - __main__ - INFO - 品質保証適用完了: 6列
2026-06-15 23:12:10,863 - __main__ - INFO - グループ計算完了: group_1a_rsi_basic - 6個の特徴量
2026-06-15 23:12:10,962 - __main__ - INFO - [Phase D-3] artifact 抽出完了 (engine_1_C): 6 features (group_1a_rsi_basic)
2026-06-15 23:12:11,009 - __main__ - INFO - グループ処理開始: group_1b_rsi_extended (4個の特徴量)
2026-06-15 23:12:11,010 - __main__ - INFO - グループ計算開始: group_1b_rsi_extended
2026-06-15 23:12:11,010 - __main__ - INFO - RSI特徴量計算開始
2026-06-15 23:12:11,011 - __main__ - INFO - RSI特徴量計算完了: 12個
2026-06-15 23:12:11,011 - __main__ - INFO - 品質保証システム適用開始 (EWMベース, timeframe=M30)
2026-06-15 23:12:11,012 - __main__ - INFO - 品質保証適用: 4個の特徴量 (timeframe=M30)
2026-06-15 23:12:11,013 - __main__ - INFO - 品質保証適用完了: 4列
2026-06-15 23:12:11,013 - __main__ - INFO - グループ計算完了: group_1b_rsi_extended - 4個の特徴量
2026-06-15 23:12:11,075 - __main__ - INFO - [Phase D-3] artifact 抽出完了 (engine_1_C): 4 features (group_1b_rsi_extended)
2026-06-15 23:12:11,118 - __main__ - INFO - グループ処理開始: group_1c_rsi_stochastic (2個の特徴量)
2026-06-15 23:12:11,119 - __main__ - INFO - グループ計算開始: group_1c_rsi_stochastic
2026-06-15 23:12:11,119 - __main__ - INFO - RSI特徴量計算開始
2026-06-15 23:12:11,120 - __main__ - INFO - RSI特徴量計算完了: 12個
2026-06-15 23:12:11,121 - __main__ - INFO - 品質保証システム適用開始 (EWMベース, timeframe=M30)
2026-06-15 23:12:11,121 - __main__ - INFO - 品質保証適用: 2個の特徴量 (timeframe=M30)
2026-06-15 23:12:11,122 - __main__ - INFO - 品質保証適用完了: 2列
2026-06-15 23:12:11,122 - __main__ - INFO - グループ計算完了: group_1c_rsi_stochastic - 2個の特徴量
2026-06-15 23:12:11,152 - __main__ - INFO - [Phase D-3] artifact 抽出完了 (engine_1_C): 2 features (group_1c_rsi_stochastic)
2026-06-15 23:12:11,200 - __main__ - INFO - グループ処理開始: group_1d_rsi_divergence (2個の特徴量)
2026-06-15 23:12:11,200 - __main__ - INFO - グループ計算開始: group_1d_rsi_divergence
2026-06-15 23:12:11,201 - __main__ - INFO - RSI特徴量計算開始
2026-06-15 23:12:11,201 - __main__ - INFO - RSI特徴量計算完了: 12個
2026-06-15 23:12:11,202 - __main__ - INFO - 品質保証システム適用開始 (EWMベース, timeframe=M30)
2026-06-15 23:12:11,203 - __main__ - INFO - 品質保証適用: 2個の特徴量 (timeframe=M30)
2026-06-15 23:12:11,203 - __main__ - INFO - 品質保証適用完了: 2列
2026-06-15 23:12:11,204 - __main__ - INFO - グループ計算完了: group_1d_rsi_divergence - 2個の特徴量
2026-06-15 23:12:11,246 - __main__ - INFO - [Phase D-3] artifact 抽出完了 (engine_1_C): 2 features (group_1d_rsi_divergence)
2026-06-15 23:12:11,293 - __main__ - INFO - グループ処理開始: group_2a_macd_standard (3個の特徴量)
2026-06-15 23:12:11,294 - __main__ - INFO - グループ計算開始: group_2a_macd_standard
2026-06-15 23:12:11,294 - __main__ - INFO - MACD特徴量計算開始
2026-06-15 23:12:11,295 - __main__ - INFO - MACD特徴量計算完了: 9個
2026-06-15 23:12:11,296 - __main__ - INFO - 品質保証システム適用開始 (EWMベース, timeframe=M30)
2026-06-15 23:12:11,296 - __main__ - INFO - 品質保証適用: 3個の特徴量 (timeframe=M30)
2026-06-15 23:12:11,297 - __main__ - INFO - 品質保証適用完了: 3列
2026-06-15 23:12:11,298 - __main__ - INFO - グループ計算完了: group_2a_macd_standard - 3個の特徴量
2026-06-15 23:12:11,340 - __main__ - INFO - [Phase D-3] artifact 抽出完了 (engine_1_C): 3 features (group_2a_macd_standard)
2026-06-15 23:12:11,382 - __main__ - INFO - グループ処理開始: group_2b_macd_variants (6個の特徴量)
2026-06-15 23:12:11,383 - __main__ - INFO - グループ計算開始: group_2b_macd_variants
2026-06-15 23:12:11,384 - __main__ - INFO - MACD特徴量計算開始
2026-06-15 23:12:11,384 - __main__ - INFO - MACD特徴量計算完了: 9個
2026-06-15 23:12:11,385 - __main__ - INFO - 品質保証システム適用開始 (EWMベース, timeframe=M30)
2026-06-15 23:12:11,385 - __main__ - INFO - 品質保証適用: 6個の特徴量 (timeframe=M30)
2026-06-15 23:12:11,386 - __main__ - INFO - 品質保証適用完了: 6列
2026-06-15 23:12:11,387 - __main__ - INFO - グループ計算完了: group_2b_macd_variants - 6個の特徴量
2026-06-15 23:12:11,470 - __main__ - INFO - [Phase D-3] artifact 抽出完了 (engine_1_C): 6 features (group_2b_macd_variants)
2026-06-15 23:12:11,514 - __main__ - INFO - グループ処理開始: group_3a_bb_20 (10個の特徴量)
2026-06-15 23:12:11,514 - __main__ - INFO - グループ計算開始: group_3a_bb_20
2026-06-15 23:12:11,515 - __main__ - INFO - ボリンジャーバンド特徴量計算開始
2026-06-15 23:12:11,516 - __main__ - INFO - ボリンジャーバンド特徴量計算完了: 54個
2026-06-15 23:12:11,518 - __main__ - INFO - 品質保証システム適用開始 (EWMベース, timeframe=M30)
2026-06-15 23:12:11,519 - __main__ - INFO - 品質保証適用: 14個の特徴量 (timeframe=M30)
2026-06-15 23:12:11,520 - __main__ - INFO - 品質保証適用完了: 14列
2026-06-15 23:12:11,521 - __main__ - INFO - グループ計算完了: group_3a_bb_20 - 16個の特徴量
2026-06-15 23:12:11,739 - __main__ - INFO - [Phase D-3] artifact 抽出完了 (engine_1_C): 14 features (group_3a_bb_20)
2026-06-15 23:12:11,782 - __main__ - INFO - グループ処理開始: group_3b_bb_30_50 (26個の特徴量)
2026-06-15 23:12:11,783 - __main__ - INFO - グループ計算開始: group_3b_bb_30_50
2026-06-15 23:12:11,783 - __main__ - INFO - ボリンジャーバンド特徴量計算開始
2026-06-15 23:12:11,784 - __main__ - INFO - ボリンジャーバンド特徴量計算完了: 54個
2026-06-15 23:12:11,786 - __main__ - INFO - 品質保証システム適用開始 (EWMベース, timeframe=M30)
2026-06-15 23:12:11,787 - __main__ - INFO - 品質保証適用: 30個の特徴量 (timeframe=M30)
2026-06-15 23:12:11,790 - __main__ - INFO - 品質保証適用完了: 30列
2026-06-15 23:12:11,790 - __main__ - INFO - グループ計算完了: group_3b_bb_30_50 - 38個の特徴量
2026-06-15 23:12:12,325 - __main__ - INFO - [Phase D-3] artifact 抽出完了 (engine_1_C): 30 features (group_3b_bb_30_50)
2026-06-15 23:12:12,373 - __main__ - INFO - グループ処理開始: group_3c_bb_variants (6個の特徴量)
2026-06-15 23:12:12,373 - __main__ - INFO - グループ計算開始: group_3c_bb_variants
2026-06-15 23:12:12,374 - __main__ - INFO - ボリンジャーバンド特徴量計算開始
2026-06-15 23:12:12,375 - __main__ - INFO - ボリンジャーバンド特徴量計算完了: 54個
2026-06-15 23:12:12,377 - __main__ - INFO - 品質保証システム適用開始 (EWMベース, timeframe=M30)
2026-06-15 23:12:12,378 - __main__ - INFO - 品質保証適用: 6個の特徴量 (timeframe=M30)
2026-06-15 23:12:12,379 - __main__ - INFO - 品質保証適用完了: 6列
2026-06-15 23:12:12,379 - __main__ - INFO - グループ計算完了: group_3c_bb_variants - 6個の特徴量
2026-06-15 23:12:12,466 - __main__ - INFO - [Phase D-3] artifact 抽出完了 (engine_1_C): 6 features (group_3c_bb_variants)
2026-06-15 23:12:12,510 - __main__ - INFO - グループ処理開始: group_4a_atr_basic (4個の特徴量)
2026-06-15 23:12:12,510 - __main__ - INFO - グループ計算開始: group_4a_atr_basic
2026-06-15 23:12:12,511 - __main__ - INFO - ATR特徴量計算開始
2026-06-15 23:12:12,512 - __main__ - INFO - ATR特徴量計算完了: 16個
2026-06-15 23:12:12,513 - __main__ - INFO - 品質保証システム適用開始 (EWMベース, timeframe=M30)
2026-06-15 23:12:12,513 - __main__ - INFO - 品質保証適用: 4個の特徴量 (timeframe=M30)
2026-06-15 23:12:12,514 - __main__ - INFO - 品質保証適用完了: 4列
2026-06-15 23:12:12,514 - __main__ - INFO - グループ計算完了: group_4a_atr_basic - 4個の特徴量
2026-06-15 23:12:12,571 - __main__ - INFO - [Phase D-3] artifact 抽出完了 (engine_1_C): 4 features (group_4a_atr_basic)
2026-06-15 23:12:12,616 - __main__ - INFO - グループ処理開始: group_4b_atr_extended (12個の特徴量)
2026-06-15 23:12:12,617 - __main__ - INFO - グループ計算開始: group_4b_atr_extended
2026-06-15 23:12:12,617 - __main__ - INFO - ATR特徴量計算開始
2026-06-15 23:12:12,618 - __main__ - INFO - ATR特徴量計算完了: 16個
2026-06-15 23:12:12,619 - __main__ - INFO - 品質保証システム適用開始 (EWMベース, timeframe=M30)
2026-06-15 23:12:12,620 - __main__ - INFO - 品質保証適用: 12個の特徴量 (timeframe=M30)
2026-06-15 23:12:12,621 - __main__ - INFO - 品質保証適用完了: 12列
2026-06-15 23:12:12,621 - __main__ - INFO - グループ計算完了: group_4b_atr_extended - 12個の特徴量
2026-06-15 23:12:12,793 - __main__ - INFO - [Phase D-3] artifact 抽出完了 (engine_1_C): 12 features (group_4b_atr_extended)
2026-06-15 23:12:12,838 - __main__ - INFO - グループ処理開始: group_5a_oscillators_basic (9個の特徴量)
2026-06-15 23:12:12,839 - __main__ - INFO - グループ計算開始: group_5a_oscillators_basic
2026-06-15 23:12:12,839 - __main__ - INFO - オシレーター特徴量計算開始
2026-06-15 23:12:12,840 - __main__ - INFO - オシレーター特徴量計算完了: 30個
2026-06-15 23:12:12,841 - __main__ - INFO - 品質保証システム適用開始 (EWMベース, timeframe=M30)
2026-06-15 23:12:12,841 - __main__ - INFO - 品質保証適用: 9個の特徴量 (timeframe=M30)
2026-06-15 23:12:12,842 - __main__ - INFO - 品質保証適用完了: 9列
2026-06-15 23:12:12,843 - __main__ - INFO - グループ計算完了: group_5a_oscillators_basic - 9個の特徴量
2026-06-15 23:12:12,964 - __main__ - INFO - [Phase D-3] artifact 抽出完了 (engine_1_C): 9 features (group_5a_oscillators_basic)
2026-06-15 23:12:13,008 - __main__ - INFO - グループ処理開始: group_5b_oscillators_extended (21個の特徴量)
2026-06-15 23:12:13,009 - __main__ - INFO - グループ計算開始: group_5b_oscillators_extended
2026-06-15 23:12:13,009 - __main__ - INFO - オシレーター特徴量計算開始
2026-06-15 23:12:13,010 - __main__ - INFO - オシレーター特徴量計算完了: 30個
2026-06-15 23:12:13,011 - __main__ - INFO - 品質保証システム適用開始 (EWMベース, timeframe=M30)
2026-06-15 23:12:13,011 - __main__ - INFO - 品質保証適用: 21個の特徴量 (timeframe=M30)
2026-06-15 23:12:13,014 - __main__ - INFO - 品質保証適用完了: 21列
2026-06-15 23:12:13,014 - __main__ - INFO - グループ計算完了: group_5b_oscillators_extended - 21個の特徴量
2026-06-15 23:12:13,331 - __main__ - INFO - [Phase D-3] artifact 抽出完了 (engine_1_C): 21 features (group_5b_oscillators_extended)
2026-06-15 23:12:13,376 - __main__ - INFO - グループ処理開始: group_6a_momentum_basic (8個の特徴量)
2026-06-15 23:12:13,376 - __main__ - INFO - グループ計算開始: group_6a_momentum_basic
2026-06-15 23:12:13,377 - __main__ - INFO - モメンタム特徴量計算開始
2026-06-15 23:12:13,377 - __main__ - INFO - モメンタム特徴量計算完了: 17個
2026-06-15 23:12:13,378 - __main__ - INFO - 品質保証システム適用開始 (EWMベース, timeframe=M30)
2026-06-15 23:12:13,379 - __main__ - INFO - 品質保証適用: 8個の特徴量 (timeframe=M30)
2026-06-15 23:12:13,380 - __main__ - INFO - 品質保証適用完了: 8列
2026-06-15 23:12:13,380 - __main__ - INFO - グループ計算完了: group_6a_momentum_basic - 8個の特徴量
2026-06-15 23:12:13,490 - __main__ - INFO - [Phase D-3] artifact 抽出完了 (engine_1_C): 8 features (group_6a_momentum_basic)
2026-06-15 23:12:13,536 - __main__ - INFO - グループ処理開始: group_6b_momentum_extended (9個の特徴量)
2026-06-15 23:12:13,536 - __main__ - INFO - グループ計算開始: group_6b_momentum_extended
2026-06-15 23:12:13,537 - __main__ - INFO - モメンタム特徴量計算開始
2026-06-15 23:12:13,538 - __main__ - INFO - モメンタム特徴量計算完了: 17個
2026-06-15 23:12:13,538 - __main__ - INFO - 品質保証システム適用開始 (EWMベース, timeframe=M30)
2026-06-15 23:12:13,539 - __main__ - INFO - 品質保証適用: 9個の特徴量 (timeframe=M30)
2026-06-15 23:12:13,540 - __main__ - INFO - 品質保証適用完了: 9列
2026-06-15 23:12:13,540 - __main__ - INFO - グループ計算完了: group_6b_momentum_extended - 9個の特徴量
2026-06-15 23:12:13,722 - __main__ - INFO - [Phase D-3] artifact 抽出完了 (engine_1_C): 9 features (group_6b_momentum_extended)
2026-06-15 23:12:13,771 - __main__ - INFO - グループ処理開始: group_7_moving_averages (15個の特徴量)
2026-06-15 23:12:13,772 - __main__ - INFO - グループ計算開始: group_7_moving_averages
2026-06-15 23:12:13,772 - __main__ - INFO - 移動平均線特徴量計算開始
2026-06-15 23:12:13,774 - __main__ - INFO - 移動平均線特徴量計算完了: 39個
2026-06-15 23:12:13,775 - __main__ - INFO - 品質保証システム適用開始 (EWMベース, timeframe=M30)
2026-06-15 23:12:13,775 - __main__ - INFO - 品質保証適用: 15個の特徴量 (timeframe=M30)
2026-06-15 23:12:13,777 - __main__ - INFO - 品質保証適用完了: 15列
2026-06-15 23:12:13,777 - __main__ - INFO - グループ計算完了: group_7_moving_averages - 19個の特徴量
2026-06-15 23:12:14,004 - __main__ - INFO - [Phase D-3] artifact 抽出完了 (engine_1_C): 15 features (group_7_moving_averages)
2026-06-15 23:12:14,050 - __main__ - INFO - グループ処理開始: group_8_advanced (14個の特徴量)
2026-06-15 23:12:14,051 - __main__ - INFO - グループ計算開始: group_8_advanced
2026-06-15 23:12:14,051 - __main__ - INFO - 高度な指標特徴量計算開始
2026-06-15 23:12:14,052 - __main__ - INFO - 高度な指標特徴量計算完了: 14個
2026-06-15 23:12:14,053 - __main__ - INFO - 品質保証システム適用開始 (EWMベース, timeframe=M30)
2026-06-15 23:12:14,055 - __main__ - INFO - 品質保証適用: 14個の特徴量 (timeframe=M30)
2026-06-15 23:12:14,056 - __main__ - INFO - 品質保証適用完了: 14列
2026-06-15 23:12:14,057 - __main__ - INFO - グループ計算完了: group_8_advanced - 15個の特徴量
2026-06-15 23:12:14,350 - __main__ - INFO - [Phase D-3] artifact 抽出完了 (engine_1_C): 14 features (group_8_advanced)
2026-06-15 23:12:14,401 - __main__ - INFO - グループ処理開始: group_9_moving_extended (24個の特徴量)
2026-06-15 23:12:14,401 - __main__ - INFO - グループ計算開始: group_9_moving_extended
2026-06-15 23:12:14,402 - __main__ - INFO - 移動平均線特徴量計算開始
2026-06-15 23:12:14,403 - __main__ - INFO - 移動平均線特徴量計算完了: 39個
2026-06-15 23:12:14,404 - __main__ - INFO - 品質保証システム適用開始 (EWMベース, timeframe=M30)
2026-06-15 23:12:14,405 - __main__ - INFO - 品質保証適用: 24個の特徴量 (timeframe=M30)
2026-06-15 23:12:14,407 - __main__ - INFO - 品質保証適用完了: 24列
2026-06-15 23:12:14,407 - __main__ - INFO - グループ計算完了: group_9_moving_extended - 30個の特徴量
2026-06-15 23:12:14,788 - __main__ - INFO - [Phase D-3] artifact 抽出完了 (engine_1_C): 24 features (group_9_moving_extended)
2026-06-15 23:12:14,834 - __main__ - INFO - 全グループ計算完了。ファイルの結合を開始します...
2026-06-15 23:12:15,547 - __main__ - INFO - NaN埋め処理完了: 184個の特徴量 (basic=7, ホワイトリスト方式)
2026-06-15 23:12:15,635 - __main__ - INFO - 保存完了: features_e1c_M30.parquet (3.38MB, 0.08秒)
2026-06-15 23:12:15,635 - __main__ - INFO - === 通常処理完了: M30 - 4.83秒 ===
2026-06-15 23:12:15,636 - __main__ - INFO - === 通常処理開始: timeframe=H1 ===
2026-06-15 23:12:15,636 - __main__ - INFO - DataEngine初期化: /workspace/data/XAUUSD/stratum_1_base/master_processed
2026-06-15 23:12:15,637 - __main__ - INFO - 一時ディレクトリ作成: /tmp/features_e1c_eo9zsttv
2026-06-15 23:12:15,638 - __main__ - INFO - CalculationEngine初期化: e1c_
2026-06-15 23:12:15,643 - __main__ - INFO - OutputEngine初期化: /workspace/data/XAUUSD/stratum_2_features/feature_value_a_vast_universeC
2026-06-15 23:12:15,675 - __main__ - INFO - データサマリー: {'columns': ['timeframe', 'timestamp', 'open', 'high', 'low', 'close', 'volume', 'disc', 'log_return', 'rolling_volatility', 'rolling_avg_volume', 'price_direction', 'price_momentum', 'volume_ratio'], 'dtypes': {'timeframe': 'String', 'timestamp': "Datetime(time_unit='ns', time_zone=None)", 'open': 'Float64', 'high': 'Float64', 'low': 'Float64', 'close': 'Float64', 'volume': 'Int64', 'disc': 'Boolean', 'log_return': 'Float64', 'rolling_volatility': 'Float64', 'rolling_avg_volume': 'Float64', 'price_direction': 'Int8', 'price_momentum': 'Float64', 'volume_ratio': 'Float64'}, 'sample_rows': 1000, 'memory_usage_mb': 0.08504581451416016}
2026-06-15 23:12:15,684 - __main__ - INFO - グループ処理開始: group_1a_rsi_basic (4個の特徴量)
2026-06-15 23:12:15,684 - __main__ - INFO - グループ計算開始: group_1a_rsi_basic
2026-06-15 23:12:15,684 - __main__ - INFO - RSI特徴量計算開始
2026-06-15 23:12:15,685 - __main__ - INFO - RSI特徴量計算完了: 12個
2026-06-15 23:12:15,685 - __main__ - INFO - 品質保証システム適用開始 (EWMベース, timeframe=H1)
2026-06-15 23:12:15,686 - __main__ - INFO - 品質保証適用: 6個の特徴量 (timeframe=H1)
2026-06-15 23:12:15,687 - __main__ - INFO - 品質保証適用完了: 6列
2026-06-15 23:12:15,687 - __main__ - INFO - グループ計算完了: group_1a_rsi_basic - 6個の特徴量
2026-06-15 23:12:15,773 - __main__ - INFO - [Phase D-3] artifact 抽出完了 (engine_1_C): 6 features (group_1a_rsi_basic)
2026-06-15 23:12:15,819 - __main__ - INFO - グループ処理開始: group_1b_rsi_extended (4個の特徴量)
2026-06-15 23:12:15,820 - __main__ - INFO - グループ計算開始: group_1b_rsi_extended
2026-06-15 23:12:15,820 - __main__ - INFO - RSI特徴量計算開始
2026-06-15 23:12:15,821 - __main__ - INFO - RSI特徴量計算完了: 12個
2026-06-15 23:12:15,822 - __main__ - INFO - 品質保証システム適用開始 (EWMベース, timeframe=H1)
2026-06-15 23:12:15,822 - __main__ - INFO - 品質保証適用: 4個の特徴量 (timeframe=H1)
2026-06-15 23:12:15,823 - __main__ - INFO - 品質保証適用完了: 4列
2026-06-15 23:12:15,823 - __main__ - INFO - グループ計算完了: group_1b_rsi_extended - 4個の特徴量
2026-06-15 23:12:15,880 - __main__ - INFO - [Phase D-3] artifact 抽出完了 (engine_1_C): 4 features (group_1b_rsi_extended)
2026-06-15 23:12:15,925 - __main__ - INFO - グループ処理開始: group_1c_rsi_stochastic (2個の特徴量)
2026-06-15 23:12:15,926 - __main__ - INFO - グループ計算開始: group_1c_rsi_stochastic
2026-06-15 23:12:15,926 - __main__ - INFO - RSI特徴量計算開始
2026-06-15 23:12:15,927 - __main__ - INFO - RSI特徴量計算完了: 12個
2026-06-15 23:12:15,928 - __main__ - INFO - 品質保証システム適用開始 (EWMベース, timeframe=H1)
2026-06-15 23:12:15,928 - __main__ - INFO - 品質保証適用: 2個の特徴量 (timeframe=H1)
2026-06-15 23:12:15,929 - __main__ - INFO - 品質保証適用完了: 2列
2026-06-15 23:12:15,929 - __main__ - INFO - グループ計算完了: group_1c_rsi_stochastic - 2個の特徴量
2026-06-15 23:12:15,958 - __main__ - INFO - [Phase D-3] artifact 抽出完了 (engine_1_C): 2 features (group_1c_rsi_stochastic)
2026-06-15 23:12:16,004 - __main__ - INFO - グループ処理開始: group_1d_rsi_divergence (2個の特徴量)
2026-06-15 23:12:16,005 - __main__ - INFO - グループ計算開始: group_1d_rsi_divergence
2026-06-15 23:12:16,005 - __main__ - INFO - RSI特徴量計算開始
2026-06-15 23:12:16,006 - __main__ - INFO - RSI特徴量計算完了: 12個
2026-06-15 23:12:16,006 - __main__ - INFO - 品質保証システム適用開始 (EWMベース, timeframe=H1)
2026-06-15 23:12:16,007 - __main__ - INFO - 品質保証適用: 2個の特徴量 (timeframe=H1)
2026-06-15 23:12:16,007 - __main__ - INFO - 品質保証適用完了: 2列
2026-06-15 23:12:16,008 - __main__ - INFO - グループ計算完了: group_1d_rsi_divergence - 2個の特徴量
2026-06-15 23:12:16,043 - __main__ - INFO - [Phase D-3] artifact 抽出完了 (engine_1_C): 2 features (group_1d_rsi_divergence)
2026-06-15 23:12:16,088 - __main__ - INFO - グループ処理開始: group_2a_macd_standard (3個の特徴量)
2026-06-15 23:12:16,088 - __main__ - INFO - グループ計算開始: group_2a_macd_standard
2026-06-15 23:12:16,089 - __main__ - INFO - MACD特徴量計算開始
2026-06-15 23:12:16,089 - __main__ - INFO - MACD特徴量計算完了: 9個
2026-06-15 23:12:16,090 - __main__ - INFO - 品質保証システム適用開始 (EWMベース, timeframe=H1)
2026-06-15 23:12:16,091 - __main__ - INFO - 品質保証適用: 3個の特徴量 (timeframe=H1)
2026-06-15 23:12:16,091 - __main__ - INFO - 品質保証適用完了: 3列
2026-06-15 23:12:16,092 - __main__ - INFO - グループ計算完了: group_2a_macd_standard - 3個の特徴量
2026-06-15 23:12:16,131 - __main__ - INFO - [Phase D-3] artifact 抽出完了 (engine_1_C): 3 features (group_2a_macd_standard)
2026-06-15 23:12:16,176 - __main__ - INFO - グループ処理開始: group_2b_macd_variants (6個の特徴量)
2026-06-15 23:12:16,176 - __main__ - INFO - グループ計算開始: group_2b_macd_variants
2026-06-15 23:12:16,177 - __main__ - INFO - MACD特徴量計算開始
2026-06-15 23:12:16,177 - __main__ - INFO - MACD特徴量計算完了: 9個
2026-06-15 23:12:16,178 - __main__ - INFO - 品質保証システム適用開始 (EWMベース, timeframe=H1)
2026-06-15 23:12:16,178 - __main__ - INFO - 品質保証適用: 6個の特徴量 (timeframe=H1)
2026-06-15 23:12:16,179 - __main__ - INFO - 品質保証適用完了: 6列
2026-06-15 23:12:16,180 - __main__ - INFO - グループ計算完了: group_2b_macd_variants - 6個の特徴量
2026-06-15 23:12:16,257 - __main__ - INFO - [Phase D-3] artifact 抽出完了 (engine_1_C): 6 features (group_2b_macd_variants)
2026-06-15 23:12:16,302 - __main__ - INFO - グループ処理開始: group_3a_bb_20 (10個の特徴量)
2026-06-15 23:12:16,303 - __main__ - INFO - グループ計算開始: group_3a_bb_20
2026-06-15 23:12:16,303 - __main__ - INFO - ボリンジャーバンド特徴量計算開始
2026-06-15 23:12:16,305 - __main__ - INFO - ボリンジャーバンド特徴量計算完了: 54個
2026-06-15 23:12:16,306 - __main__ - INFO - 品質保証システム適用開始 (EWMベース, timeframe=H1)
2026-06-15 23:12:16,307 - __main__ - INFO - 品質保証適用: 14個の特徴量 (timeframe=H1)
2026-06-15 23:12:16,309 - __main__ - INFO - 品質保証適用完了: 14列
2026-06-15 23:12:16,309 - __main__ - INFO - グループ計算完了: group_3a_bb_20 - 16個の特徴量
2026-06-15 23:12:16,506 - __main__ - INFO - [Phase D-3] artifact 抽出完了 (engine_1_C): 14 features (group_3a_bb_20)
2026-06-15 23:12:16,551 - __main__ - INFO - グループ処理開始: group_3b_bb_30_50 (26個の特徴量)
2026-06-15 23:12:16,552 - __main__ - INFO - グループ計算開始: group_3b_bb_30_50
2026-06-15 23:12:16,552 - __main__ - INFO - ボリンジャーバンド特徴量計算開始
2026-06-15 23:12:16,553 - __main__ - INFO - ボリンジャーバンド特徴量計算完了: 54個
2026-06-15 23:12:16,555 - __main__ - INFO - 品質保証システム適用開始 (EWMベース, timeframe=H1)
2026-06-15 23:12:16,556 - __main__ - INFO - 品質保証適用: 30個の特徴量 (timeframe=H1)
2026-06-15 23:12:16,559 - __main__ - INFO - 品質保証適用完了: 30列
2026-06-15 23:12:16,559 - __main__ - INFO - グループ計算完了: group_3b_bb_30_50 - 38個の特徴量
2026-06-15 23:12:17,032 - __main__ - INFO - [Phase D-3] artifact 抽出完了 (engine_1_C): 30 features (group_3b_bb_30_50)
2026-06-15 23:12:17,076 - __main__ - INFO - グループ処理開始: group_3c_bb_variants (6個の特徴量)
2026-06-15 23:12:17,077 - __main__ - INFO - グループ計算開始: group_3c_bb_variants
2026-06-15 23:12:17,077 - __main__ - INFO - ボリンジャーバンド特徴量計算開始
2026-06-15 23:12:17,079 - __main__ - INFO - ボリンジャーバンド特徴量計算完了: 54個
2026-06-15 23:12:17,080 - __main__ - INFO - 品質保証システム適用開始 (EWMベース, timeframe=H1)
2026-06-15 23:12:17,081 - __main__ - INFO - 品質保証適用: 6個の特徴量 (timeframe=H1)
2026-06-15 23:12:17,082 - __main__ - INFO - 品質保証適用完了: 6列
2026-06-15 23:12:17,083 - __main__ - INFO - グループ計算完了: group_3c_bb_variants - 6個の特徴量
2026-06-15 23:12:17,163 - __main__ - INFO - [Phase D-3] artifact 抽出完了 (engine_1_C): 6 features (group_3c_bb_variants)
2026-06-15 23:12:17,209 - __main__ - INFO - グループ処理開始: group_4a_atr_basic (4個の特徴量)
2026-06-15 23:12:17,209 - __main__ - INFO - グループ計算開始: group_4a_atr_basic
2026-06-15 23:12:17,210 - __main__ - INFO - ATR特徴量計算開始
2026-06-15 23:12:17,210 - __main__ - INFO - ATR特徴量計算完了: 16個
2026-06-15 23:12:17,211 - __main__ - INFO - 品質保証システム適用開始 (EWMベース, timeframe=H1)
2026-06-15 23:12:17,212 - __main__ - INFO - 品質保証適用: 4個の特徴量 (timeframe=H1)
2026-06-15 23:12:17,213 - __main__ - INFO - 品質保証適用完了: 4列
2026-06-15 23:12:17,213 - __main__ - INFO - グループ計算完了: group_4a_atr_basic - 4個の特徴量
2026-06-15 23:12:17,266 - __main__ - INFO - [Phase D-3] artifact 抽出完了 (engine_1_C): 4 features (group_4a_atr_basic)
2026-06-15 23:12:17,315 - __main__ - INFO - グループ処理開始: group_4b_atr_extended (12個の特徴量)
2026-06-15 23:12:17,315 - __main__ - INFO - グループ計算開始: group_4b_atr_extended
2026-06-15 23:12:17,316 - __main__ - INFO - ATR特徴量計算開始
2026-06-15 23:12:17,317 - __main__ - INFO - ATR特徴量計算完了: 16個
2026-06-15 23:12:17,318 - __main__ - INFO - 品質保証システム適用開始 (EWMベース, timeframe=H1)
2026-06-15 23:12:17,318 - __main__ - INFO - 品質保証適用: 12個の特徴量 (timeframe=H1)
2026-06-15 23:12:17,319 - __main__ - INFO - 品質保証適用完了: 12列
2026-06-15 23:12:17,320 - __main__ - INFO - グループ計算完了: group_4b_atr_extended - 12個の特徴量
2026-06-15 23:12:17,479 - __main__ - INFO - [Phase D-3] artifact 抽出完了 (engine_1_C): 12 features (group_4b_atr_extended)
2026-06-15 23:12:17,528 - __main__ - INFO - グループ処理開始: group_5a_oscillators_basic (9個の特徴量)
2026-06-15 23:12:17,529 - __main__ - INFO - グループ計算開始: group_5a_oscillators_basic
2026-06-15 23:12:17,529 - __main__ - INFO - オシレーター特徴量計算開始
2026-06-15 23:12:17,530 - __main__ - INFO - オシレーター特徴量計算完了: 30個
2026-06-15 23:12:17,531 - __main__ - INFO - 品質保証システム適用開始 (EWMベース, timeframe=H1)
2026-06-15 23:12:17,532 - __main__ - INFO - 品質保証適用: 9個の特徴量 (timeframe=H1)
2026-06-15 23:12:17,533 - __main__ - INFO - 品質保証適用完了: 9列
2026-06-15 23:12:17,533 - __main__ - INFO - グループ計算完了: group_5a_oscillators_basic - 9個の特徴量
2026-06-15 23:12:17,653 - __main__ - INFO - [Phase D-3] artifact 抽出完了 (engine_1_C): 9 features (group_5a_oscillators_basic)
2026-06-15 23:12:17,699 - __main__ - INFO - グループ処理開始: group_5b_oscillators_extended (21個の特徴量)
2026-06-15 23:12:17,699 - __main__ - INFO - グループ計算開始: group_5b_oscillators_extended
2026-06-15 23:12:17,700 - __main__ - INFO - オシレーター特徴量計算開始
2026-06-15 23:12:17,701 - __main__ - INFO - オシレーター特徴量計算完了: 30個
2026-06-15 23:12:17,702 - __main__ - INFO - 品質保証システム適用開始 (EWMベース, timeframe=H1)
2026-06-15 23:12:17,702 - __main__ - INFO - 品質保証適用: 21個の特徴量 (timeframe=H1)
2026-06-15 23:12:17,704 - __main__ - INFO - 品質保証適用完了: 21列
2026-06-15 23:12:17,704 - __main__ - INFO - グループ計算完了: group_5b_oscillators_extended - 21個の特徴量
2026-06-15 23:12:18,001 - __main__ - INFO - [Phase D-3] artifact 抽出完了 (engine_1_C): 21 features (group_5b_oscillators_extended)
2026-06-15 23:12:18,046 - __main__ - INFO - グループ処理開始: group_6a_momentum_basic (8個の特徴量)
2026-06-15 23:12:18,047 - __main__ - INFO - グループ計算開始: group_6a_momentum_basic
2026-06-15 23:12:18,047 - __main__ - INFO - モメンタム特徴量計算開始
2026-06-15 23:12:18,048 - __main__ - INFO - モメンタム特徴量計算完了: 17個
2026-06-15 23:12:18,049 - __main__ - INFO - 品質保証システム適用開始 (EWMベース, timeframe=H1)
2026-06-15 23:12:18,049 - __main__ - INFO - 品質保証適用: 8個の特徴量 (timeframe=H1)
2026-06-15 23:12:18,050 - __main__ - INFO - 品質保証適用完了: 8列
2026-06-15 23:12:18,051 - __main__ - INFO - グループ計算完了: group_6a_momentum_basic - 8個の特徴量
2026-06-15 23:12:18,153 - __main__ - INFO - [Phase D-3] artifact 抽出完了 (engine_1_C): 8 features (group_6a_momentum_basic)
2026-06-15 23:12:18,199 - __main__ - INFO - グループ処理開始: group_6b_momentum_extended (9個の特徴量)
2026-06-15 23:12:18,199 - __main__ - INFO - グループ計算開始: group_6b_momentum_extended
2026-06-15 23:12:18,200 - __main__ - INFO - モメンタム特徴量計算開始
2026-06-15 23:12:18,201 - __main__ - INFO - モメンタム特徴量計算完了: 17個
2026-06-15 23:12:18,201 - __main__ - INFO - 品質保証システム適用開始 (EWMベース, timeframe=H1)
2026-06-15 23:12:18,202 - __main__ - INFO - 品質保証適用: 9個の特徴量 (timeframe=H1)
2026-06-15 23:12:18,203 - __main__ - INFO - 品質保証適用完了: 9列
2026-06-15 23:12:18,203 - __main__ - INFO - グループ計算完了: group_6b_momentum_extended - 9個の特徴量
2026-06-15 23:12:18,367 - __main__ - INFO - [Phase D-3] artifact 抽出完了 (engine_1_C): 9 features (group_6b_momentum_extended)
2026-06-15 23:12:18,412 - __main__ - INFO - グループ処理開始: group_7_moving_averages (15個の特徴量)
2026-06-15 23:12:18,413 - __main__ - INFO - グループ計算開始: group_7_moving_averages
2026-06-15 23:12:18,413 - __main__ - INFO - 移動平均線特徴量計算開始
2026-06-15 23:12:18,415 - __main__ - INFO - 移動平均線特徴量計算完了: 39個
2026-06-15 23:12:18,416 - __main__ - INFO - 品質保証システム適用開始 (EWMベース, timeframe=H1)
2026-06-15 23:12:18,417 - __main__ - INFO - 品質保証適用: 15個の特徴量 (timeframe=H1)
2026-06-15 23:12:18,418 - __main__ - INFO - 品質保証適用完了: 15列
2026-06-15 23:12:18,418 - __main__ - INFO - グループ計算完了: group_7_moving_averages - 19個の特徴量
2026-06-15 23:12:18,612 - __main__ - INFO - [Phase D-3] artifact 抽出完了 (engine_1_C): 15 features (group_7_moving_averages)
2026-06-15 23:12:18,658 - __main__ - INFO - グループ処理開始: group_8_advanced (14個の特徴量)
2026-06-15 23:12:18,658 - __main__ - INFO - グループ計算開始: group_8_advanced
2026-06-15 23:12:18,659 - __main__ - INFO - 高度な指標特徴量計算開始
2026-06-15 23:12:18,660 - __main__ - INFO - 高度な指標特徴量計算完了: 14個
2026-06-15 23:12:18,661 - __main__ - INFO - 品質保証システム適用開始 (EWMベース, timeframe=H1)
2026-06-15 23:12:18,662 - __main__ - INFO - 品質保証適用: 14個の特徴量 (timeframe=H1)
2026-06-15 23:12:18,664 - __main__ - INFO - 品質保証適用完了: 14列
2026-06-15 23:12:18,664 - __main__ - INFO - グループ計算完了: group_8_advanced - 15個の特徴量
2026-06-15 23:12:18,954 - __main__ - INFO - [Phase D-3] artifact 抽出完了 (engine_1_C): 14 features (group_8_advanced)
2026-06-15 23:12:19,000 - __main__ - INFO - グループ処理開始: group_9_moving_extended (24個の特徴量)
2026-06-15 23:12:19,001 - __main__ - INFO - グループ計算開始: group_9_moving_extended
2026-06-15 23:12:19,001 - __main__ - INFO - 移動平均線特徴量計算開始
2026-06-15 23:12:19,003 - __main__ - INFO - 移動平均線特徴量計算完了: 39個
2026-06-15 23:12:19,004 - __main__ - INFO - 品質保証システム適用開始 (EWMベース, timeframe=H1)
2026-06-15 23:12:19,005 - __main__ - INFO - 品質保証適用: 24個の特徴量 (timeframe=H1)
2026-06-15 23:12:19,007 - __main__ - INFO - 品質保証適用完了: 24列
2026-06-15 23:12:19,007 - __main__ - INFO - グループ計算完了: group_9_moving_extended - 30個の特徴量
2026-06-15 23:12:19,360 - __main__ - INFO - [Phase D-3] artifact 抽出完了 (engine_1_C): 24 features (group_9_moving_extended)
2026-06-15 23:12:19,406 - __main__ - INFO - 全グループ計算完了。ファイルの結合を開始します...
2026-06-15 23:12:20,139 - __main__ - INFO - NaN埋め処理完了: 184個の特徴量 (basic=7, ホワイトリスト方式)
2026-06-15 23:12:20,221 - __main__ - INFO - 保存完了: features_e1c_H1.parquet (1.71MB, 0.08秒)
2026-06-15 23:12:20,221 - __main__ - INFO - === 通常処理完了: H1 - 4.58秒 ===
2026-06-15 23:12:20,222 - __main__ - INFO - === 通常処理開始: timeframe=H4 ===
2026-06-15 23:12:20,222 - __main__ - INFO - DataEngine初期化: /workspace/data/XAUUSD/stratum_1_base/master_processed
2026-06-15 23:12:20,223 - __main__ - INFO - 一時ディレクトリ作成: /tmp/features_e1c_5w4qe4h7
2026-06-15 23:12:20,223 - __main__ - INFO - CalculationEngine初期化: e1c_
2026-06-15 23:12:20,228 - __main__ - INFO - OutputEngine初期化: /workspace/data/XAUUSD/stratum_2_features/feature_value_a_vast_universeC
2026-06-15 23:12:20,261 - __main__ - INFO - データサマリー: {'columns': ['timeframe', 'timestamp', 'open', 'high', 'low', 'close', 'volume', 'disc', 'log_return', 'rolling_volatility', 'rolling_avg_volume', 'price_direction', 'price_momentum', 'volume_ratio'], 'dtypes': {'timeframe': 'String', 'timestamp': "Datetime(time_unit='ns', time_zone=None)", 'open': 'Float64', 'high': 'Float64', 'low': 'Float64', 'close': 'Float64', 'volume': 'Int64', 'disc': 'Boolean', 'log_return': 'Float64', 'rolling_volatility': 'Float64', 'rolling_avg_volume': 'Float64', 'price_direction': 'Int8', 'price_momentum': 'Float64', 'volume_ratio': 'Float64'}, 'sample_rows': 340, 'memory_usage_mb': 0.028939247131347656}
2026-06-15 23:12:20,269 - __main__ - INFO - グループ処理開始: group_1a_rsi_basic (4個の特徴量)
2026-06-15 23:12:20,270 - __main__ - INFO - グループ計算開始: group_1a_rsi_basic
2026-06-15 23:12:20,270 - __main__ - INFO - RSI特徴量計算開始
2026-06-15 23:12:20,271 - __main__ - INFO - RSI特徴量計算完了: 12個
2026-06-15 23:12:20,271 - __main__ - INFO - 品質保証システム適用開始 (EWMベース, timeframe=H4)
2026-06-15 23:12:20,272 - __main__ - INFO - 品質保証適用: 6個の特徴量 (timeframe=H4)
2026-06-15 23:12:20,272 - __main__ - INFO - 品質保証適用完了: 6列
2026-06-15 23:12:20,272 - __main__ - INFO - グループ計算完了: group_1a_rsi_basic - 6個の特徴量
2026-06-15 23:12:20,355 - __main__ - INFO - [Phase D-3] artifact 抽出完了 (engine_1_C): 6 features (group_1a_rsi_basic)
2026-06-15 23:12:20,398 - __main__ - INFO - グループ処理開始: group_1b_rsi_extended (4個の特徴量)
2026-06-15 23:12:20,399 - __main__ - INFO - グループ計算開始: group_1b_rsi_extended
2026-06-15 23:12:20,399 - __main__ - INFO - RSI特徴量計算開始
2026-06-15 23:12:20,400 - __main__ - INFO - RSI特徴量計算完了: 12個
2026-06-15 23:12:20,401 - __main__ - INFO - 品質保証システム適用開始 (EWMベース, timeframe=H4)
2026-06-15 23:12:20,401 - __main__ - INFO - 品質保証適用: 4個の特徴量 (timeframe=H4)
2026-06-15 23:12:20,402 - __main__ - INFO - 品質保証適用完了: 4列
2026-06-15 23:12:20,402 - __main__ - INFO - グループ計算完了: group_1b_rsi_extended - 4個の特徴量
2026-06-15 23:12:20,456 - __main__ - INFO - [Phase D-3] artifact 抽出完了 (engine_1_C): 4 features (group_1b_rsi_extended)
2026-06-15 23:12:20,499 - __main__ - INFO - グループ処理開始: group_1c_rsi_stochastic (2個の特徴量)
2026-06-15 23:12:20,499 - __main__ - INFO - グループ計算開始: group_1c_rsi_stochastic
2026-06-15 23:12:20,500 - __main__ - INFO - RSI特徴量計算開始
2026-06-15 23:12:20,501 - __main__ - INFO - RSI特徴量計算完了: 12個
2026-06-15 23:12:20,501 - __main__ - INFO - 品質保証システム適用開始 (EWMベース, timeframe=H4)
2026-06-15 23:12:20,502 - __main__ - INFO - 品質保証適用: 2個の特徴量 (timeframe=H4)
2026-06-15 23:12:20,502 - __main__ - INFO - 品質保証適用完了: 2列
2026-06-15 23:12:20,503 - __main__ - INFO - グループ計算完了: group_1c_rsi_stochastic - 2個の特徴量
2026-06-15 23:12:20,529 - __main__ - INFO - [Phase D-3] artifact 抽出完了 (engine_1_C): 2 features (group_1c_rsi_stochastic)
2026-06-15 23:12:20,576 - __main__ - INFO - グループ処理開始: group_1d_rsi_divergence (2個の特徴量)
2026-06-15 23:12:20,576 - __main__ - INFO - グループ計算開始: group_1d_rsi_divergence
2026-06-15 23:12:20,576 - __main__ - INFO - RSI特徴量計算開始
2026-06-15 23:12:20,577 - __main__ - INFO - RSI特徴量計算完了: 12個
2026-06-15 23:12:20,578 - __main__ - INFO - 品質保証システム適用開始 (EWMベース, timeframe=H4)
2026-06-15 23:12:20,578 - __main__ - INFO - 品質保証適用: 2個の特徴量 (timeframe=H4)
2026-06-15 23:12:20,579 - __main__ - INFO - 品質保証適用完了: 2列
2026-06-15 23:12:20,579 - __main__ - INFO - グループ計算完了: group_1d_rsi_divergence - 2個の特徴量
2026-06-15 23:12:20,615 - __main__ - INFO - [Phase D-3] artifact 抽出完了 (engine_1_C): 2 features (group_1d_rsi_divergence)
2026-06-15 23:12:20,661 - __main__ - INFO - グループ処理開始: group_2a_macd_standard (3個の特徴量)
2026-06-15 23:12:20,661 - __main__ - INFO - グループ計算開始: group_2a_macd_standard
2026-06-15 23:12:20,662 - __main__ - INFO - MACD特徴量計算開始
2026-06-15 23:12:20,662 - __main__ - INFO - MACD特徴量計算完了: 9個
2026-06-15 23:12:20,663 - __main__ - INFO - 品質保証システム適用開始 (EWMベース, timeframe=H4)
2026-06-15 23:12:20,664 - __main__ - INFO - 品質保証適用: 3個の特徴量 (timeframe=H4)
2026-06-15 23:12:20,664 - __main__ - INFO - 品質保証適用完了: 3列
2026-06-15 23:12:20,665 - __main__ - INFO - グループ計算完了: group_2a_macd_standard - 3個の特徴量
2026-06-15 23:12:20,702 - __main__ - INFO - [Phase D-3] artifact 抽出完了 (engine_1_C): 3 features (group_2a_macd_standard)
2026-06-15 23:12:20,746 - __main__ - INFO - グループ処理開始: group_2b_macd_variants (6個の特徴量)
2026-06-15 23:12:20,746 - __main__ - INFO - グループ計算開始: group_2b_macd_variants
2026-06-15 23:12:20,747 - __main__ - INFO - MACD特徴量計算開始
2026-06-15 23:12:20,747 - __main__ - INFO - MACD特徴量計算完了: 9個
2026-06-15 23:12:20,748 - __main__ - INFO - 品質保証システム適用開始 (EWMベース, timeframe=H4)
2026-06-15 23:12:20,748 - __main__ - INFO - 品質保証適用: 6個の特徴量 (timeframe=H4)
2026-06-15 23:12:20,749 - __main__ - INFO - 品質保証適用完了: 6列
2026-06-15 23:12:20,750 - __main__ - INFO - グループ計算完了: group_2b_macd_variants - 6個の特徴量
2026-06-15 23:12:20,825 - __main__ - INFO - [Phase D-3] artifact 抽出完了 (engine_1_C): 6 features (group_2b_macd_variants)
2026-06-15 23:12:20,869 - __main__ - INFO - グループ処理開始: group_3a_bb_20 (10個の特徴量)
2026-06-15 23:12:20,869 - __main__ - INFO - グループ計算開始: group_3a_bb_20
2026-06-15 23:12:20,870 - __main__ - INFO - ボリンジャーバンド特徴量計算開始
2026-06-15 23:12:20,871 - __main__ - INFO - ボリンジャーバンド特徴量計算完了: 54個
2026-06-15 23:12:20,872 - __main__ - INFO - 品質保証システム適用開始 (EWMベース, timeframe=H4)
2026-06-15 23:12:20,873 - __main__ - INFO - 品質保証適用: 14個の特徴量 (timeframe=H4)
2026-06-15 23:12:20,875 - __main__ - INFO - 品質保証適用完了: 14列
2026-06-15 23:12:20,875 - __main__ - INFO - グループ計算完了: group_3a_bb_20 - 16個の特徴量
2026-06-15 23:12:21,065 - __main__ - INFO - [Phase D-3] artifact 抽出完了 (engine_1_C): 14 features (group_3a_bb_20)
2026-06-15 23:12:21,112 - __main__ - INFO - グループ処理開始: group_3b_bb_30_50 (26個の特徴量)
2026-06-15 23:12:21,112 - __main__ - INFO - グループ計算開始: group_3b_bb_30_50
2026-06-15 23:12:21,112 - __main__ - INFO - ボリンジャーバンド特徴量計算開始
2026-06-15 23:12:21,114 - __main__ - INFO - ボリンジャーバンド特徴量計算完了: 54個
2026-06-15 23:12:21,116 - __main__ - INFO - 品質保証システム適用開始 (EWMベース, timeframe=H4)
2026-06-15 23:12:21,118 - __main__ - INFO - 品質保証適用: 30個の特徴量 (timeframe=H4)
2026-06-15 23:12:21,120 - __main__ - INFO - 品質保証適用完了: 30列
2026-06-15 23:12:21,121 - __main__ - INFO - グループ計算完了: group_3b_bb_30_50 - 38個の特徴量
2026-06-15 23:12:21,563 - __main__ - INFO - [Phase D-3] artifact 抽出完了 (engine_1_C): 30 features (group_3b_bb_30_50)
2026-06-15 23:12:21,614 - __main__ - INFO - グループ処理開始: group_3c_bb_variants (6個の特徴量)
2026-06-15 23:12:21,615 - __main__ - INFO - グループ計算開始: group_3c_bb_variants
2026-06-15 23:12:21,615 - __main__ - INFO - ボリンジャーバンド特徴量計算開始
2026-06-15 23:12:21,616 - __main__ - INFO - ボリンジャーバンド特徴量計算完了: 54個
2026-06-15 23:12:21,618 - __main__ - INFO - 品質保証システム適用開始 (EWMベース, timeframe=H4)
2026-06-15 23:12:21,619 - __main__ - INFO - 品質保証適用: 6個の特徴量 (timeframe=H4)
2026-06-15 23:12:21,620 - __main__ - INFO - 品質保証適用完了: 6列
2026-06-15 23:12:21,620 - __main__ - INFO - グループ計算完了: group_3c_bb_variants - 6個の特徴量
2026-06-15 23:12:21,690 - __main__ - INFO - [Phase D-3] artifact 抽出完了 (engine_1_C): 6 features (group_3c_bb_variants)
2026-06-15 23:12:21,735 - __main__ - INFO - グループ処理開始: group_4a_atr_basic (4個の特徴量)
2026-06-15 23:12:21,736 - __main__ - INFO - グループ計算開始: group_4a_atr_basic
2026-06-15 23:12:21,736 - __main__ - INFO - ATR特徴量計算開始
2026-06-15 23:12:21,737 - __main__ - INFO - ATR特徴量計算完了: 16個
2026-06-15 23:12:21,738 - __main__ - INFO - 品質保証システム適用開始 (EWMベース, timeframe=H4)
2026-06-15 23:12:21,739 - __main__ - INFO - 品質保証適用: 4個の特徴量 (timeframe=H4)
2026-06-15 23:12:21,739 - __main__ - INFO - 品質保証適用完了: 4列
2026-06-15 23:12:21,740 - __main__ - INFO - グループ計算完了: group_4a_atr_basic - 4個の特徴量
2026-06-15 23:12:21,787 - __main__ - INFO - [Phase D-3] artifact 抽出完了 (engine_1_C): 4 features (group_4a_atr_basic)
2026-06-15 23:12:21,832 - __main__ - INFO - グループ処理開始: group_4b_atr_extended (12個の特徴量)
2026-06-15 23:12:21,832 - __main__ - INFO - グループ計算開始: group_4b_atr_extended
2026-06-15 23:12:21,833 - __main__ - INFO - ATR特徴量計算開始
2026-06-15 23:12:21,834 - __main__ - INFO - ATR特徴量計算完了: 16個
2026-06-15 23:12:21,835 - __main__ - INFO - 品質保証システム適用開始 (EWMベース, timeframe=H4)
2026-06-15 23:12:21,835 - __main__ - INFO - 品質保証適用: 12個の特徴量 (timeframe=H4)
2026-06-15 23:12:21,836 - __main__ - INFO - 品質保証適用完了: 12列
2026-06-15 23:12:21,837 - __main__ - INFO - グループ計算完了: group_4b_atr_extended - 12個の特徴量
2026-06-15 23:12:21,997 - __main__ - INFO - [Phase D-3] artifact 抽出完了 (engine_1_C): 12 features (group_4b_atr_extended)
2026-06-15 23:12:22,041 - __main__ - INFO - グループ処理開始: group_5a_oscillators_basic (9個の特徴量)
2026-06-15 23:12:22,041 - __main__ - INFO - グループ計算開始: group_5a_oscillators_basic
2026-06-15 23:12:22,042 - __main__ - INFO - オシレーター特徴量計算開始
2026-06-15 23:12:22,043 - __main__ - INFO - オシレーター特徴量計算完了: 30個
2026-06-15 23:12:22,043 - __main__ - INFO - 品質保証システム適用開始 (EWMベース, timeframe=H4)
2026-06-15 23:12:22,044 - __main__ - INFO - 品質保証適用: 9個の特徴量 (timeframe=H4)
2026-06-15 23:12:22,045 - __main__ - INFO - 品質保証適用完了: 9列
2026-06-15 23:12:22,045 - __main__ - INFO - グループ計算完了: group_5a_oscillators_basic - 9個の特徴量
2026-06-15 23:12:22,150 - __main__ - INFO - [Phase D-3] artifact 抽出完了 (engine_1_C): 9 features (group_5a_oscillators_basic)
2026-06-15 23:12:22,195 - __main__ - INFO - グループ処理開始: group_5b_oscillators_extended (21個の特徴量)
2026-06-15 23:12:22,195 - __main__ - INFO - グループ計算開始: group_5b_oscillators_extended
2026-06-15 23:12:22,196 - __main__ - INFO - オシレーター特徴量計算開始
2026-06-15 23:12:22,196 - __main__ - INFO - オシレーター特徴量計算完了: 30個
2026-06-15 23:12:22,197 - __main__ - INFO - 品質保証システム適用開始 (EWMベース, timeframe=H4)
2026-06-15 23:12:22,198 - __main__ - INFO - 品質保証適用: 21個の特徴量 (timeframe=H4)
2026-06-15 23:12:22,200 - __main__ - INFO - 品質保証適用完了: 21列
2026-06-15 23:12:22,200 - __main__ - INFO - グループ計算完了: group_5b_oscillators_extended - 21個の特徴量
2026-06-15 23:12:22,458 - __main__ - INFO - [Phase D-3] artifact 抽出完了 (engine_1_C): 21 features (group_5b_oscillators_extended)
2026-06-15 23:12:22,505 - __main__ - INFO - グループ処理開始: group_6a_momentum_basic (8個の特徴量)
2026-06-15 23:12:22,506 - __main__ - INFO - グループ計算開始: group_6a_momentum_basic
2026-06-15 23:12:22,506 - __main__ - INFO - モメンタム特徴量計算開始
2026-06-15 23:12:22,507 - __main__ - INFO - モメンタム特徴量計算完了: 17個
2026-06-15 23:12:22,508 - __main__ - INFO - 品質保証システム適用開始 (EWMベース, timeframe=H4)
2026-06-15 23:12:22,508 - __main__ - INFO - 品質保証適用: 8個の特徴量 (timeframe=H4)
2026-06-15 23:12:22,509 - __main__ - INFO - 品質保証適用完了: 8列
2026-06-15 23:12:22,510 - __main__ - INFO - グループ計算完了: group_6a_momentum_basic - 8個の特徴量
2026-06-15 23:12:22,607 - __main__ - INFO - [Phase D-3] artifact 抽出完了 (engine_1_C): 8 features (group_6a_momentum_basic)
2026-06-15 23:12:22,651 - __main__ - INFO - グループ処理開始: group_6b_momentum_extended (9個の特徴量)
2026-06-15 23:12:22,651 - __main__ - INFO - グループ計算開始: group_6b_momentum_extended
2026-06-15 23:12:22,652 - __main__ - INFO - モメンタム特徴量計算開始
2026-06-15 23:12:22,653 - __main__ - INFO - モメンタム特徴量計算完了: 17個
2026-06-15 23:12:22,653 - __main__ - INFO - 品質保証システム適用開始 (EWMベース, timeframe=H4)
2026-06-15 23:12:22,654 - __main__ - INFO - 品質保証適用: 9個の特徴量 (timeframe=H4)
2026-06-15 23:12:22,655 - __main__ - INFO - 品質保証適用完了: 9列
2026-06-15 23:12:22,655 - __main__ - INFO - グループ計算完了: group_6b_momentum_extended - 9個の特徴量
2026-06-15 23:12:22,816 - __main__ - INFO - [Phase D-3] artifact 抽出完了 (engine_1_C): 9 features (group_6b_momentum_extended)
2026-06-15 23:12:22,861 - __main__ - INFO - グループ処理開始: group_7_moving_averages (15個の特徴量)
2026-06-15 23:12:22,862 - __main__ - INFO - グループ計算開始: group_7_moving_averages
2026-06-15 23:12:22,862 - __main__ - INFO - 移動平均線特徴量計算開始
2026-06-15 23:12:22,863 - __main__ - INFO - 移動平均線特徴量計算完了: 39個
2026-06-15 23:12:22,864 - __main__ - INFO - 品質保証システム適用開始 (EWMベース, timeframe=H4)
2026-06-15 23:12:22,865 - __main__ - INFO - 品質保証適用: 15個の特徴量 (timeframe=H4)
2026-06-15 23:12:22,867 - __main__ - INFO - 品質保証適用完了: 15列
2026-06-15 23:12:22,867 - __main__ - INFO - グループ計算完了: group_7_moving_averages - 19個の特徴量
2026-06-15 23:12:23,054 - __main__ - INFO - [Phase D-3] artifact 抽出完了 (engine_1_C): 15 features (group_7_moving_averages)
2026-06-15 23:12:23,101 - __main__ - INFO - グループ処理開始: group_8_advanced (14個の特徴量)
2026-06-15 23:12:23,102 - __main__ - INFO - グループ計算開始: group_8_advanced
2026-06-15 23:12:23,102 - __main__ - INFO - 高度な指標特徴量計算開始
2026-06-15 23:12:23,103 - __main__ - INFO - 高度な指標特徴量計算完了: 14個
2026-06-15 23:12:23,105 - __main__ - INFO - 品質保証システム適用開始 (EWMベース, timeframe=H4)
2026-06-15 23:12:23,106 - __main__ - INFO - 品質保証適用: 14個の特徴量 (timeframe=H4)
2026-06-15 23:12:23,107 - __main__ - INFO - 品質保証適用完了: 14列
2026-06-15 23:12:23,108 - __main__ - INFO - グループ計算完了: group_8_advanced - 15個の特徴量
2026-06-15 23:12:23,399 - __main__ - INFO - [Phase D-3] artifact 抽出完了 (engine_1_C): 14 features (group_8_advanced)
2026-06-15 23:12:23,450 - __main__ - INFO - グループ処理開始: group_9_moving_extended (24個の特徴量)
2026-06-15 23:12:23,450 - __main__ - INFO - グループ計算開始: group_9_moving_extended
2026-06-15 23:12:23,451 - __main__ - INFO - 移動平均線特徴量計算開始
2026-06-15 23:12:23,452 - __main__ - INFO - 移動平均線特徴量計算完了: 39個
2026-06-15 23:12:23,453 - __main__ - INFO - 品質保証システム適用開始 (EWMベース, timeframe=H4)
2026-06-15 23:12:23,454 - __main__ - INFO - 品質保証適用: 24個の特徴量 (timeframe=H4)
2026-06-15 23:12:23,456 - __main__ - INFO - 品質保証適用完了: 24列
2026-06-15 23:12:23,456 - __main__ - INFO - グループ計算完了: group_9_moving_extended - 30個の特徴量
2026-06-15 23:12:23,775 - __main__ - INFO - [Phase D-3] artifact 抽出完了 (engine_1_C): 24 features (group_9_moving_extended)
2026-06-15 23:12:23,817 - __main__ - INFO - 全グループ計算完了。ファイルの結合を開始します...
2026-06-15 23:12:24,540 - __main__ - INFO - NaN埋め処理完了: 184個の特徴量 (basic=7, ホワイトリスト方式)
2026-06-15 23:12:24,574 - __main__ - INFO - 保存完了: features_e1c_H4.parquet (0.48MB, 0.03秒)
2026-06-15 23:12:24,574 - __main__ - INFO - === 通常処理完了: H4 - 4.35秒 ===
2026-06-15 23:12:24,575 - __main__ - INFO - === 通常処理開始: timeframe=H6 ===
2026-06-15 23:12:24,575 - __main__ - INFO - DataEngine初期化: /workspace/data/XAUUSD/stratum_1_base/master_processed
2026-06-15 23:12:24,576 - __main__ - INFO - 一時ディレクトリ作成: /tmp/features_e1c_8fg5xr09
2026-06-15 23:12:24,577 - __main__ - INFO - CalculationEngine初期化: e1c_
2026-06-15 23:12:24,582 - __main__ - INFO - OutputEngine初期化: /workspace/data/XAUUSD/stratum_2_features/feature_value_a_vast_universeC
2026-06-15 23:12:24,616 - __main__ - INFO - データサマリー: {'columns': ['timeframe', 'timestamp', 'open', 'high', 'low', 'close', 'volume', 'disc', 'log_return', 'rolling_volatility', 'rolling_avg_volume', 'price_direction', 'price_momentum', 'volume_ratio'], 'dtypes': {'timeframe': 'String', 'timestamp': "Datetime(time_unit='ns', time_zone=None)", 'open': 'Float64', 'high': 'Float64', 'low': 'Float64', 'close': 'Float64', 'volume': 'Int64', 'disc': 'Boolean', 'log_return': 'Float64', 'rolling_volatility': 'Float64', 'rolling_avg_volume': 'Float64', 'price_direction': 'Int8', 'price_momentum': 'Float64', 'volume_ratio': 'Float64'}, 'sample_rows': 231, 'memory_usage_mb': 0.0196685791015625}
2026-06-15 23:12:24,625 - __main__ - INFO - グループ処理開始: group_1a_rsi_basic (4個の特徴量)
2026-06-15 23:12:24,625 - __main__ - INFO - グループ計算開始: group_1a_rsi_basic
2026-06-15 23:12:24,625 - __main__ - INFO - RSI特徴量計算開始
2026-06-15 23:12:24,626 - __main__ - INFO - RSI特徴量計算完了: 12個
2026-06-15 23:12:24,627 - __main__ - INFO - 品質保証システム適用開始 (EWMベース, timeframe=H6)
2026-06-15 23:12:24,627 - __main__ - INFO - 品質保証適用: 6個の特徴量 (timeframe=H6)
2026-06-15 23:12:24,628 - __main__ - INFO - 品質保証適用完了: 6列
2026-06-15 23:12:24,628 - __main__ - INFO - グループ計算完了: group_1a_rsi_basic - 6個の特徴量
2026-06-15 23:12:24,710 - __main__ - INFO - [Phase D-3] artifact 抽出完了 (engine_1_C): 6 features (group_1a_rsi_basic)
2026-06-15 23:12:24,755 - __main__ - INFO - グループ処理開始: group_1b_rsi_extended (4個の特徴量)
2026-06-15 23:12:24,756 - __main__ - INFO - グループ計算開始: group_1b_rsi_extended
2026-06-15 23:12:24,756 - __main__ - INFO - RSI特徴量計算開始
2026-06-15 23:12:24,757 - __main__ - INFO - RSI特徴量計算完了: 12個
2026-06-15 23:12:24,757 - __main__ - INFO - 品質保証システム適用開始 (EWMベース, timeframe=H6)
2026-06-15 23:12:24,758 - __main__ - INFO - 品質保証適用: 4個の特徴量 (timeframe=H6)
2026-06-15 23:12:24,758 - __main__ - INFO - 品質保証適用完了: 4列
2026-06-15 23:12:24,759 - __main__ - INFO - グループ計算完了: group_1b_rsi_extended - 4個の特徴量
2026-06-15 23:12:24,813 - __main__ - INFO - [Phase D-3] artifact 抽出完了 (engine_1_C): 4 features (group_1b_rsi_extended)
2026-06-15 23:12:24,861 - __main__ - INFO - グループ処理開始: group_1c_rsi_stochastic (2個の特徴量)
2026-06-15 23:12:24,862 - __main__ - INFO - グループ計算開始: group_1c_rsi_stochastic
2026-06-15 23:12:24,862 - __main__ - INFO - RSI特徴量計算開始
2026-06-15 23:12:24,863 - __main__ - INFO - RSI特徴量計算完了: 12個
2026-06-15 23:12:24,864 - __main__ - INFO - 品質保証システム適用開始 (EWMベース, timeframe=H6)
2026-06-15 23:12:24,864 - __main__ - INFO - 品質保証適用: 2個の特徴量 (timeframe=H6)
2026-06-15 23:12:24,865 - __main__ - INFO - 品質保証適用完了: 2列
2026-06-15 23:12:24,866 - __main__ - INFO - グループ計算完了: group_1c_rsi_stochastic - 2個の特徴量
2026-06-15 23:12:24,892 - __main__ - INFO - [Phase D-3] artifact 抽出完了 (engine_1_C): 2 features (group_1c_rsi_stochastic)
2026-06-15 23:12:24,939 - __main__ - INFO - グループ処理開始: group_1d_rsi_divergence (2個の特徴量)
2026-06-15 23:12:24,939 - __main__ - INFO - グループ計算開始: group_1d_rsi_divergence
2026-06-15 23:12:24,940 - __main__ - INFO - RSI特徴量計算開始
2026-06-15 23:12:24,941 - __main__ - INFO - RSI特徴量計算完了: 12個
2026-06-15 23:12:24,941 - __main__ - INFO - 品質保証システム適用開始 (EWMベース, timeframe=H6)
2026-06-15 23:12:24,942 - __main__ - INFO - 品質保証適用: 2個の特徴量 (timeframe=H6)
2026-06-15 23:12:24,942 - __main__ - INFO - 品質保証適用完了: 2列
2026-06-15 23:12:24,943 - __main__ - INFO - グループ計算完了: group_1d_rsi_divergence - 2個の特徴量
2026-06-15 23:12:24,981 - __main__ - INFO - [Phase D-3] artifact 抽出完了 (engine_1_C): 2 features (group_1d_rsi_divergence)
2026-06-15 23:12:25,024 - __main__ - INFO - グループ処理開始: group_2a_macd_standard (3個の特徴量)
2026-06-15 23:12:25,024 - __main__ - INFO - グループ計算開始: group_2a_macd_standard
2026-06-15 23:12:25,025 - __main__ - INFO - MACD特徴量計算開始
2026-06-15 23:12:25,025 - __main__ - INFO - MACD特徴量計算完了: 9個
2026-06-15 23:12:25,026 - __main__ - INFO - 品質保証システム適用開始 (EWMベース, timeframe=H6)
2026-06-15 23:12:25,027 - __main__ - INFO - 品質保証適用: 3個の特徴量 (timeframe=H6)
2026-06-15 23:12:25,027 - __main__ - INFO - 品質保証適用完了: 3列
2026-06-15 23:12:25,028 - __main__ - INFO - グループ計算完了: group_2a_macd_standard - 3個の特徴量
2026-06-15 23:12:25,062 - __main__ - INFO - [Phase D-3] artifact 抽出完了 (engine_1_C): 3 features (group_2a_macd_standard)
2026-06-15 23:12:25,108 - __main__ - INFO - グループ処理開始: group_2b_macd_variants (6個の特徴量)
2026-06-15 23:12:25,108 - __main__ - INFO - グループ計算開始: group_2b_macd_variants
2026-06-15 23:12:25,108 - __main__ - INFO - MACD特徴量計算開始
2026-06-15 23:12:25,109 - __main__ - INFO - MACD特徴量計算完了: 9個
2026-06-15 23:12:25,110 - __main__ - INFO - 品質保証システム適用開始 (EWMベース, timeframe=H6)
2026-06-15 23:12:25,110 - __main__ - INFO - 品質保証適用: 6個の特徴量 (timeframe=H6)
2026-06-15 23:12:25,111 - __main__ - INFO - 品質保証適用完了: 6列
2026-06-15 23:12:25,111 - __main__ - INFO - グループ計算完了: group_2b_macd_variants - 6個の特徴量
2026-06-15 23:12:25,179 - __main__ - INFO - [Phase D-3] artifact 抽出完了 (engine_1_C): 6 features (group_2b_macd_variants)
2026-06-15 23:12:25,224 - __main__ - INFO - グループ処理開始: group_3a_bb_20 (10個の特徴量)
2026-06-15 23:12:25,225 - __main__ - INFO - グループ計算開始: group_3a_bb_20
2026-06-15 23:12:25,225 - __main__ - INFO - ボリンジャーバンド特徴量計算開始
2026-06-15 23:12:25,227 - __main__ - INFO - ボリンジャーバンド特徴量計算完了: 54個
2026-06-15 23:12:25,228 - __main__ - INFO - 品質保証システム適用開始 (EWMベース, timeframe=H6)
2026-06-15 23:12:25,229 - __main__ - INFO - 品質保証適用: 14個の特徴量 (timeframe=H6)
2026-06-15 23:12:25,231 - __main__ - INFO - 品質保証適用完了: 14列
2026-06-15 23:12:25,231 - __main__ - INFO - グループ計算完了: group_3a_bb_20 - 16個の特徴量
2026-06-15 23:12:25,413 - __main__ - INFO - [Phase D-3] artifact 抽出完了 (engine_1_C): 14 features (group_3a_bb_20)
2026-06-15 23:12:25,459 - __main__ - INFO - グループ処理開始: group_3b_bb_30_50 (26個の特徴量)
2026-06-15 23:12:25,460 - __main__ - INFO - グループ計算開始: group_3b_bb_30_50
2026-06-15 23:12:25,460 - __main__ - INFO - ボリンジャーバンド特徴量計算開始
2026-06-15 23:12:25,461 - __main__ - INFO - ボリンジャーバンド特徴量計算完了: 54個
2026-06-15 23:12:25,463 - __main__ - INFO - 品質保証システム適用開始 (EWMベース, timeframe=H6)
2026-06-15 23:12:25,464 - __main__ - INFO - 品質保証適用: 30個の特徴量 (timeframe=H6)
2026-06-15 23:12:25,467 - __main__ - INFO - 品質保証適用完了: 30列
2026-06-15 23:12:25,467 - __main__ - INFO - グループ計算完了: group_3b_bb_30_50 - 38個の特徴量
2026-06-15 23:12:25,899 - __main__ - INFO - [Phase D-3] artifact 抽出完了 (engine_1_C): 30 features (group_3b_bb_30_50)
2026-06-15 23:12:25,944 - __main__ - INFO - グループ処理開始: group_3c_bb_variants (6個の特徴量)
2026-06-15 23:12:25,945 - __main__ - INFO - グループ計算開始: group_3c_bb_variants
2026-06-15 23:12:25,945 - __main__ - INFO - ボリンジャーバンド特徴量計算開始
2026-06-15 23:12:25,947 - __main__ - INFO - ボリンジャーバンド特徴量計算完了: 54個
2026-06-15 23:12:25,949 - __main__ - INFO - 品質保証システム適用開始 (EWMベース, timeframe=H6)
2026-06-15 23:12:25,950 - __main__ - INFO - 品質保証適用: 6個の特徴量 (timeframe=H6)
2026-06-15 23:12:25,951 - __main__ - INFO - 品質保証適用完了: 6列
2026-06-15 23:12:25,952 - __main__ - INFO - グループ計算完了: group_3c_bb_variants - 6個の特徴量
2026-06-15 23:12:26,037 - __main__ - INFO - [Phase D-3] artifact 抽出完了 (engine_1_C): 6 features (group_3c_bb_variants)
2026-06-15 23:12:26,081 - __main__ - INFO - グループ処理開始: group_4a_atr_basic (4個の特徴量)
2026-06-15 23:12:26,082 - __main__ - INFO - グループ計算開始: group_4a_atr_basic
2026-06-15 23:12:26,082 - __main__ - INFO - ATR特徴量計算開始
2026-06-15 23:12:26,083 - __main__ - INFO - ATR特徴量計算完了: 16個
2026-06-15 23:12:26,084 - __main__ - INFO - 品質保証システム適用開始 (EWMベース, timeframe=H6)
2026-06-15 23:12:26,084 - __main__ - INFO - 品質保証適用: 4個の特徴量 (timeframe=H6)
2026-06-15 23:12:26,085 - __main__ - INFO - 品質保証適用完了: 4列
2026-06-15 23:12:26,085 - __main__ - INFO - グループ計算完了: group_4a_atr_basic - 4個の特徴量
2026-06-15 23:12:26,134 - __main__ - INFO - [Phase D-3] artifact 抽出完了 (engine_1_C): 4 features (group_4a_atr_basic)
2026-06-15 23:12:26,179 - __main__ - INFO - グループ処理開始: group_4b_atr_extended (12個の特徴量)
2026-06-15 23:12:26,180 - __main__ - INFO - グループ計算開始: group_4b_atr_extended
2026-06-15 23:12:26,180 - __main__ - INFO - ATR特徴量計算開始
2026-06-15 23:12:26,181 - __main__ - INFO - ATR特徴量計算完了: 16個
2026-06-15 23:12:26,182 - __main__ - INFO - 品質保証システム適用開始 (EWMベース, timeframe=H6)
2026-06-15 23:12:26,183 - __main__ - INFO - 品質保証適用: 12個の特徴量 (timeframe=H6)
2026-06-15 23:12:26,184 - __main__ - INFO - 品質保証適用完了: 12列
2026-06-15 23:12:26,184 - __main__ - INFO - グループ計算完了: group_4b_atr_extended - 12個の特徴量
2026-06-15 23:12:26,329 - __main__ - INFO - [Phase D-3] artifact 抽出完了 (engine_1_C): 12 features (group_4b_atr_extended)
2026-06-15 23:12:26,374 - __main__ - INFO - グループ処理開始: group_5a_oscillators_basic (9個の特徴量)
2026-06-15 23:12:26,375 - __main__ - INFO - グループ計算開始: group_5a_oscillators_basic
2026-06-15 23:12:26,375 - __main__ - INFO - オシレーター特徴量計算開始
2026-06-15 23:12:26,376 - __main__ - INFO - オシレーター特徴量計算完了: 30個
2026-06-15 23:12:26,377 - __main__ - INFO - 品質保証システム適用開始 (EWMベース, timeframe=H6)
2026-06-15 23:12:26,377 - __main__ - INFO - 品質保証適用: 9個の特徴量 (timeframe=H6)
2026-06-15 23:12:26,378 - __main__ - INFO - 品質保証適用完了: 9列
2026-06-15 23:12:26,379 - __main__ - INFO - グループ計算完了: group_5a_oscillators_basic - 9個の特徴量
2026-06-15 23:12:26,476 - __main__ - INFO - [Phase D-3] artifact 抽出完了 (engine_1_C): 9 features (group_5a_oscillators_basic)
2026-06-15 23:12:26,520 - __main__ - INFO - グループ処理開始: group_5b_oscillators_extended (21個の特徴量)
2026-06-15 23:12:26,521 - __main__ - INFO - グループ計算開始: group_5b_oscillators_extended
2026-06-15 23:12:26,521 - __main__ - INFO - オシレーター特徴量計算開始
2026-06-15 23:12:26,522 - __main__ - INFO - オシレーター特徴量計算完了: 30個
2026-06-15 23:12:26,523 - __main__ - INFO - 品質保証システム適用開始 (EWMベース, timeframe=H6)
2026-06-15 23:12:26,523 - __main__ - INFO - 品質保証適用: 21個の特徴量 (timeframe=H6)
2026-06-15 23:12:26,525 - __main__ - INFO - 品質保証適用完了: 21列
2026-06-15 23:12:26,526 - __main__ - INFO - グループ計算完了: group_5b_oscillators_extended - 21個の特徴量
2026-06-15 23:12:26,790 - __main__ - INFO - [Phase D-3] artifact 抽出完了 (engine_1_C): 21 features (group_5b_oscillators_extended)
2026-06-15 23:12:26,835 - __main__ - INFO - グループ処理開始: group_6a_momentum_basic (8個の特徴量)
2026-06-15 23:12:26,835 - __main__ - INFO - グループ計算開始: group_6a_momentum_basic
2026-06-15 23:12:26,836 - __main__ - INFO - モメンタム特徴量計算開始
2026-06-15 23:12:26,837 - __main__ - INFO - モメンタム特徴量計算完了: 17個
2026-06-15 23:12:26,837 - __main__ - INFO - 品質保証システム適用開始 (EWMベース, timeframe=H6)
2026-06-15 23:12:26,838 - __main__ - INFO - 品質保証適用: 8個の特徴量 (timeframe=H6)
2026-06-15 23:12:26,839 - __main__ - INFO - 品質保証適用完了: 8列
2026-06-15 23:12:26,839 - __main__ - INFO - グループ計算完了: group_6a_momentum_basic - 8個の特徴量
2026-06-15 23:12:26,925 - __main__ - INFO - [Phase D-3] artifact 抽出完了 (engine_1_C): 8 features (group_6a_momentum_basic)
2026-06-15 23:12:26,970 - __main__ - INFO - グループ処理開始: group_6b_momentum_extended (9個の特徴量)
2026-06-15 23:12:26,971 - __main__ - INFO - グループ計算開始: group_6b_momentum_extended
2026-06-15 23:12:26,971 - __main__ - INFO - モメンタム特徴量計算開始
2026-06-15 23:12:26,972 - __main__ - INFO - モメンタム特徴量計算完了: 17個
2026-06-15 23:12:26,973 - __main__ - INFO - 品質保証システム適用開始 (EWMベース, timeframe=H6)
2026-06-15 23:12:26,973 - __main__ - INFO - 品質保証適用: 9個の特徴量 (timeframe=H6)
2026-06-15 23:12:26,975 - __main__ - INFO - 品質保証適用完了: 9列
2026-06-15 23:12:26,975 - __main__ - INFO - グループ計算完了: group_6b_momentum_extended - 9個の特徴量
2026-06-15 23:12:27,093 - __main__ - INFO - [Phase D-3] artifact 抽出完了 (engine_1_C): 9 features (group_6b_momentum_extended)
2026-06-15 23:12:27,139 - __main__ - INFO - グループ処理開始: group_7_moving_averages (15個の特徴量)
2026-06-15 23:12:27,140 - __main__ - INFO - グループ計算開始: group_7_moving_averages
2026-06-15 23:12:27,140 - __main__ - INFO - 移動平均線特徴量計算開始
2026-06-15 23:12:27,142 - __main__ - INFO - 移動平均線特徴量計算完了: 39個
2026-06-15 23:12:27,143 - __main__ - INFO - 品質保証システム適用開始 (EWMベース, timeframe=H6)
2026-06-15 23:12:27,144 - __main__ - INFO - 品質保証適用: 15個の特徴量 (timeframe=H6)
2026-06-15 23:12:27,145 - __main__ - INFO - 品質保証適用完了: 15列
2026-06-15 23:12:27,145 - __main__ - INFO - グループ計算完了: group_7_moving_averages - 19個の特徴量
2026-06-15 23:12:27,326 - __main__ - INFO - [Phase D-3] artifact 抽出完了 (engine_1_C): 15 features (group_7_moving_averages)
2026-06-15 23:12:27,368 - __main__ - INFO - グループ処理開始: group_8_advanced (14個の特徴量)
2026-06-15 23:12:27,369 - __main__ - INFO - グループ計算開始: group_8_advanced
2026-06-15 23:12:27,369 - __main__ - INFO - 高度な指標特徴量計算開始
2026-06-15 23:12:27,370 - __main__ - INFO - 高度な指標特徴量計算完了: 14個
2026-06-15 23:12:27,372 - __main__ - INFO - 品質保証システム適用開始 (EWMベース, timeframe=H6)
2026-06-15 23:12:27,373 - __main__ - INFO - 品質保証適用: 14個の特徴量 (timeframe=H6)
2026-06-15 23:12:27,374 - __main__ - INFO - 品質保証適用完了: 14列
2026-06-15 23:12:27,375 - __main__ - INFO - グループ計算完了: group_8_advanced - 15個の特徴量
2026-06-15 23:12:27,593 - __main__ - INFO - [Phase D-3] artifact 抽出完了 (engine_1_C): 14 features (group_8_advanced)
2026-06-15 23:12:27,640 - __main__ - INFO - グループ処理開始: group_9_moving_extended (24個の特徴量)
2026-06-15 23:12:27,641 - __main__ - INFO - グループ計算開始: group_9_moving_extended
2026-06-15 23:12:27,641 - __main__ - INFO - 移動平均線特徴量計算開始
2026-06-15 23:12:27,642 - __main__ - INFO - 移動平均線特徴量計算完了: 39個
2026-06-15 23:12:27,643 - __main__ - INFO - 品質保証システム適用開始 (EWMベース, timeframe=H6)
2026-06-15 23:12:27,644 - __main__ - INFO - 品質保証適用: 24個の特徴量 (timeframe=H6)
2026-06-15 23:12:27,646 - __main__ - INFO - 品質保証適用完了: 24列
2026-06-15 23:12:27,646 - __main__ - INFO - グループ計算完了: group_9_moving_extended - 30個の特徴量
2026-06-15 23:12:27,953 - __main__ - INFO - [Phase D-3] artifact 抽出完了 (engine_1_C): 24 features (group_9_moving_extended)
2026-06-15 23:12:27,999 - __main__ - INFO - 全グループ計算完了。ファイルの結合を開始します...
2026-06-15 23:12:28,691 - __main__ - INFO - NaN埋め処理完了: 184個の特徴量 (basic=7, ホワイトリスト方式)
2026-06-15 23:12:28,731 - __main__ - INFO - 保存完了: features_e1c_H6.parquet (0.34MB, 0.03秒)
2026-06-15 23:12:28,732 - __main__ - INFO - === 通常処理完了: H6 - 4.16秒 ===
2026-06-15 23:12:28,733 - __main__ - INFO - === 通常処理開始: timeframe=H12 ===
2026-06-15 23:12:28,733 - __main__ - INFO - DataEngine初期化: /workspace/data/XAUUSD/stratum_1_base/master_processed
2026-06-15 23:12:28,734 - __main__ - INFO - 一時ディレクトリ作成: /tmp/features_e1c_akuqkh18
2026-06-15 23:12:28,736 - __main__ - INFO - CalculationEngine初期化: e1c_
2026-06-15 23:12:28,743 - __main__ - INFO - OutputEngine初期化: /workspace/data/XAUUSD/stratum_2_features/feature_value_a_vast_universeC
2026-06-15 23:12:28,786 - __main__ - INFO - データサマリー: {'columns': ['timeframe', 'timestamp', 'open', 'high', 'low', 'close', 'volume', 'disc', 'log_return', 'rolling_volatility', 'rolling_avg_volume', 'price_direction', 'price_momentum', 'volume_ratio'], 'dtypes': {'timeframe': 'String', 'timestamp': "Datetime(time_unit='ns', time_zone=None)", 'open': 'Float64', 'high': 'Float64', 'low': 'Float64', 'close': 'Float64', 'volume': 'Int64', 'disc': 'Boolean', 'log_return': 'Float64', 'rolling_volatility': 'Float64', 'rolling_avg_volume': 'Float64', 'price_direction': 'Int8', 'price_momentum': 'Float64', 'volume_ratio': 'Float64'}, 'sample_rows': 122, 'memory_usage_mb': 0.010417938232421875}
2026-06-15 23:12:28,794 - __main__ - INFO - グループ処理開始: group_1a_rsi_basic (4個の特徴量)
2026-06-15 23:12:28,795 - __main__ - INFO - グループ計算開始: group_1a_rsi_basic
2026-06-15 23:12:28,795 - __main__ - INFO - RSI特徴量計算開始
2026-06-15 23:12:28,796 - __main__ - INFO - RSI特徴量計算完了: 12個
2026-06-15 23:12:28,797 - __main__ - INFO - 品質保証システム適用開始 (EWMベース, timeframe=H12)
2026-06-15 23:12:28,797 - __main__ - INFO - 品質保証適用: 6個の特徴量 (timeframe=H12)
2026-06-15 23:12:28,798 - __main__ - INFO - 品質保証適用完了: 6列
2026-06-15 23:12:28,799 - __main__ - INFO - グループ計算完了: group_1a_rsi_basic - 6個の特徴量
2026-06-15 23:12:28,877 - __main__ - INFO - [Phase D-3] artifact 抽出完了 (engine_1_C): 6 features (group_1a_rsi_basic)
2026-06-15 23:12:28,922 - __main__ - INFO - グループ処理開始: group_1b_rsi_extended (4個の特徴量)
2026-06-15 23:12:28,923 - __main__ - INFO - グループ計算開始: group_1b_rsi_extended
2026-06-15 23:12:28,923 - __main__ - INFO - RSI特徴量計算開始
2026-06-15 23:12:28,924 - __main__ - INFO - RSI特徴量計算完了: 12個
2026-06-15 23:12:28,924 - __main__ - INFO - 品質保証システム適用開始 (EWMベース, timeframe=H12)
2026-06-15 23:12:28,925 - __main__ - INFO - 品質保証適用: 4個の特徴量 (timeframe=H12)
2026-06-15 23:12:28,926 - __main__ - INFO - 品質保証適用完了: 4列
2026-06-15 23:12:28,926 - __main__ - INFO - グループ計算完了: group_1b_rsi_extended - 4個の特徴量
2026-06-15 23:12:28,977 - __main__ - INFO - [Phase D-3] artifact 抽出完了 (engine_1_C): 4 features (group_1b_rsi_extended)
2026-06-15 23:12:29,021 - __main__ - INFO - グループ処理開始: group_1c_rsi_stochastic (2個の特徴量)
2026-06-15 23:12:29,022 - __main__ - INFO - グループ計算開始: group_1c_rsi_stochastic
2026-06-15 23:12:29,022 - __main__ - INFO - RSI特徴量計算開始
2026-06-15 23:12:29,023 - __main__ - INFO - RSI特徴量計算完了: 12個
2026-06-15 23:12:29,023 - __main__ - INFO - 品質保証システム適用開始 (EWMベース, timeframe=H12)
2026-06-15 23:12:29,024 - __main__ - INFO - 品質保証適用: 2個の特徴量 (timeframe=H12)
2026-06-15 23:12:29,025 - __main__ - INFO - 品質保証適用完了: 2列
2026-06-15 23:12:29,025 - __main__ - INFO - グループ計算完了: group_1c_rsi_stochastic - 2個の特徴量
2026-06-15 23:12:29,051 - __main__ - INFO - [Phase D-3] artifact 抽出完了 (engine_1_C): 2 features (group_1c_rsi_stochastic)
2026-06-15 23:12:29,094 - __main__ - INFO - グループ処理開始: group_1d_rsi_divergence (2個の特徴量)
2026-06-15 23:12:29,095 - __main__ - INFO - グループ計算開始: group_1d_rsi_divergence
2026-06-15 23:12:29,095 - __main__ - INFO - RSI特徴量計算開始
2026-06-15 23:12:29,096 - __main__ - INFO - RSI特徴量計算完了: 12個
2026-06-15 23:12:29,097 - __main__ - INFO - 品質保証システム適用開始 (EWMベース, timeframe=H12)
2026-06-15 23:12:29,097 - __main__ - INFO - 品質保証適用: 2個の特徴量 (timeframe=H12)
2026-06-15 23:12:29,098 - __main__ - INFO - 品質保証適用完了: 2列
2026-06-15 23:12:29,098 - __main__ - INFO - グループ計算完了: group_1d_rsi_divergence - 2個の特徴量
2026-06-15 23:12:29,132 - __main__ - INFO - [Phase D-3] artifact 抽出完了 (engine_1_C): 2 features (group_1d_rsi_divergence)
2026-06-15 23:12:29,175 - __main__ - INFO - グループ処理開始: group_2a_macd_standard (3個の特徴量)
2026-06-15 23:12:29,176 - __main__ - INFO - グループ計算開始: group_2a_macd_standard
2026-06-15 23:12:29,176 - __main__ - INFO - MACD特徴量計算開始
2026-06-15 23:12:29,177 - __main__ - INFO - MACD特徴量計算完了: 9個
2026-06-15 23:12:29,177 - __main__ - INFO - 品質保証システム適用開始 (EWMベース, timeframe=H12)
2026-06-15 23:12:29,178 - __main__ - INFO - 品質保証適用: 3個の特徴量 (timeframe=H12)
2026-06-15 23:12:29,179 - __main__ - INFO - 品質保証適用完了: 3列
2026-06-15 23:12:29,179 - __main__ - INFO - グループ計算完了: group_2a_macd_standard - 3個の特徴量
2026-06-15 23:12:29,214 - __main__ - INFO - [Phase D-3] artifact 抽出完了 (engine_1_C): 3 features (group_2a_macd_standard)
2026-06-15 23:12:29,259 - __main__ - INFO - グループ処理開始: group_2b_macd_variants (6個の特徴量)
2026-06-15 23:12:29,260 - __main__ - INFO - グループ計算開始: group_2b_macd_variants
2026-06-15 23:12:29,260 - __main__ - INFO - MACD特徴量計算開始
2026-06-15 23:12:29,261 - __main__ - INFO - MACD特徴量計算完了: 9個
2026-06-15 23:12:29,262 - __main__ - INFO - 品質保証システム適用開始 (EWMベース, timeframe=H12)
2026-06-15 23:12:29,262 - __main__ - INFO - 品質保証適用: 6個の特徴量 (timeframe=H12)
2026-06-15 23:12:29,263 - __main__ - INFO - 品質保証適用完了: 6列
2026-06-15 23:12:29,264 - __main__ - INFO - グループ計算完了: group_2b_macd_variants - 6個の特徴量
2026-06-15 23:12:29,333 - __main__ - INFO - [Phase D-3] artifact 抽出完了 (engine_1_C): 6 features (group_2b_macd_variants)
2026-06-15 23:12:29,379 - __main__ - INFO - グループ処理開始: group_3a_bb_20 (10個の特徴量)
2026-06-15 23:12:29,379 - __main__ - INFO - グループ計算開始: group_3a_bb_20
2026-06-15 23:12:29,380 - __main__ - INFO - ボリンジャーバンド特徴量計算開始
2026-06-15 23:12:29,381 - __main__ - INFO - ボリンジャーバンド特徴量計算完了: 54個
2026-06-15 23:12:29,383 - __main__ - INFO - 品質保証システム適用開始 (EWMベース, timeframe=H12)
2026-06-15 23:12:29,384 - __main__ - INFO - 品質保証適用: 14個の特徴量 (timeframe=H12)
2026-06-15 23:12:29,385 - __main__ - INFO - 品質保証適用完了: 14列
2026-06-15 23:12:29,386 - __main__ - INFO - グループ計算完了: group_3a_bb_20 - 16個の特徴量
2026-06-15 23:12:29,563 - __main__ - INFO - [Phase D-3] artifact 抽出完了 (engine_1_C): 14 features (group_3a_bb_20)
2026-06-15 23:12:29,610 - __main__ - INFO - グループ処理開始: group_3b_bb_30_50 (26個の特徴量)
2026-06-15 23:12:29,610 - __main__ - INFO - グループ計算開始: group_3b_bb_30_50
2026-06-15 23:12:29,610 - __main__ - INFO - ボリンジャーバンド特徴量計算開始
2026-06-15 23:12:29,612 - __main__ - INFO - ボリンジャーバンド特徴量計算完了: 54個
2026-06-15 23:12:29,613 - __main__ - INFO - 品質保証システム適用開始 (EWMベース, timeframe=H12)
2026-06-15 23:12:29,615 - __main__ - INFO - 品質保証適用: 30個の特徴量 (timeframe=H12)
2026-06-15 23:12:29,617 - __main__ - INFO - 品質保証適用完了: 30列
2026-06-15 23:12:29,618 - __main__ - INFO - グループ計算完了: group_3b_bb_30_50 - 38個の特徴量
2026-06-15 23:12:30,055 - __main__ - INFO - [Phase D-3] artifact 抽出完了 (engine_1_C): 30 features (group_3b_bb_30_50)
2026-06-15 23:12:30,098 - __main__ - INFO - グループ処理開始: group_3c_bb_variants (6個の特徴量)
2026-06-15 23:12:30,099 - __main__ - INFO - グループ計算開始: group_3c_bb_variants
2026-06-15 23:12:30,099 - __main__ - INFO - ボリンジャーバンド特徴量計算開始
2026-06-15 23:12:30,100 - __main__ - INFO - ボリンジャーバンド特徴量計算完了: 54個
2026-06-15 23:12:30,102 - __main__ - INFO - 品質保証システム適用開始 (EWMベース, timeframe=H12)
2026-06-15 23:12:30,103 - __main__ - INFO - 品質保証適用: 6個の特徴量 (timeframe=H12)
2026-06-15 23:12:30,104 - __main__ - INFO - 品質保証適用完了: 6列
2026-06-15 23:12:30,104 - __main__ - INFO - グループ計算完了: group_3c_bb_variants - 6個の特徴量
2026-06-15 23:12:30,183 - __main__ - INFO - [Phase D-3] artifact 抽出完了 (engine_1_C): 6 features (group_3c_bb_variants)
2026-06-15 23:12:30,227 - __main__ - INFO - グループ処理開始: group_4a_atr_basic (4個の特徴量)
2026-06-15 23:12:30,228 - __main__ - INFO - グループ計算開始: group_4a_atr_basic
2026-06-15 23:12:30,228 - __main__ - INFO - ATR特徴量計算開始
2026-06-15 23:12:30,229 - __main__ - INFO - ATR特徴量計算完了: 16個
2026-06-15 23:12:30,230 - __main__ - INFO - 品質保証システム適用開始 (EWMベース, timeframe=H12)
2026-06-15 23:12:30,230 - __main__ - INFO - 品質保証適用: 4個の特徴量 (timeframe=H12)
2026-06-15 23:12:30,231 - __main__ - INFO - 品質保証適用完了: 4列
2026-06-15 23:12:30,231 - __main__ - INFO - グループ計算完了: group_4a_atr_basic - 4個の特徴量
2026-06-15 23:12:30,278 - __main__ - INFO - [Phase D-3] artifact 抽出完了 (engine_1_C): 4 features (group_4a_atr_basic)
2026-06-15 23:12:30,321 - __main__ - INFO - グループ処理開始: group_4b_atr_extended (12個の特徴量)
2026-06-15 23:12:30,322 - __main__ - INFO - グループ計算開始: group_4b_atr_extended
2026-06-15 23:12:30,322 - __main__ - INFO - ATR特徴量計算開始
2026-06-15 23:12:30,323 - __main__ - INFO - ATR特徴量計算完了: 16個
2026-06-15 23:12:30,324 - __main__ - INFO - 品質保証システム適用開始 (EWMベース, timeframe=H12)
2026-06-15 23:12:30,324 - __main__ - INFO - 品質保証適用: 12個の特徴量 (timeframe=H12)
2026-06-15 23:12:30,326 - __main__ - INFO - 品質保証適用完了: 12列
2026-06-15 23:12:30,326 - __main__ - INFO - グループ計算完了: group_4b_atr_extended - 12個の特徴量
2026-06-15 23:12:30,464 - __main__ - INFO - [Phase D-3] artifact 抽出完了 (engine_1_C): 12 features (group_4b_atr_extended)
2026-06-15 23:12:30,507 - __main__ - INFO - グループ処理開始: group_5a_oscillators_basic (9個の特徴量)
2026-06-15 23:12:30,508 - __main__ - INFO - グループ計算開始: group_5a_oscillators_basic
2026-06-15 23:12:30,508 - __main__ - INFO - オシレーター特徴量計算開始
2026-06-15 23:12:30,509 - __main__ - INFO - オシレーター特徴量計算完了: 30個
2026-06-15 23:12:30,510 - __main__ - INFO - 品質保証システム適用開始 (EWMベース, timeframe=H12)
2026-06-15 23:12:30,510 - __main__ - INFO - 品質保証適用: 9個の特徴量 (timeframe=H12)
2026-06-15 23:12:30,511 - __main__ - INFO - 品質保証適用完了: 9列
2026-06-15 23:12:30,512 - __main__ - INFO - グループ計算完了: group_5a_oscillators_basic - 9個の特徴量
2026-06-15 23:12:30,611 - __main__ - INFO - [Phase D-3] artifact 抽出完了 (engine_1_C): 9 features (group_5a_oscillators_basic)
2026-06-15 23:12:30,656 - __main__ - INFO - グループ処理開始: group_5b_oscillators_extended (21個の特徴量)
2026-06-15 23:12:30,657 - __main__ - INFO - グループ計算開始: group_5b_oscillators_extended
2026-06-15 23:12:30,657 - __main__ - INFO - オシレーター特徴量計算開始
2026-06-15 23:12:30,658 - __main__ - INFO - オシレーター特徴量計算完了: 30個
2026-06-15 23:12:30,659 - __main__ - INFO - 品質保証システム適用開始 (EWMベース, timeframe=H12)
2026-06-15 23:12:30,659 - __main__ - INFO - 品質保証適用: 21個の特徴量 (timeframe=H12)
2026-06-15 23:12:30,661 - __main__ - INFO - 品質保証適用完了: 21列
2026-06-15 23:12:30,662 - __main__ - INFO - グループ計算完了: group_5b_oscillators_extended - 21個の特徴量
2026-06-15 23:12:30,917 - __main__ - INFO - [Phase D-3] artifact 抽出完了 (engine_1_C): 21 features (group_5b_oscillators_extended)
2026-06-15 23:12:30,959 - __main__ - INFO - グループ処理開始: group_6a_momentum_basic (8個の特徴量)
2026-06-15 23:12:30,960 - __main__ - INFO - グループ計算開始: group_6a_momentum_basic
2026-06-15 23:12:30,960 - __main__ - INFO - モメンタム特徴量計算開始
2026-06-15 23:12:30,961 - __main__ - INFO - モメンタム特徴量計算完了: 17個
2026-06-15 23:12:30,962 - __main__ - INFO - 品質保証システム適用開始 (EWMベース, timeframe=H12)
2026-06-15 23:12:30,963 - __main__ - INFO - 品質保証適用: 8個の特徴量 (timeframe=H12)
2026-06-15 23:12:30,964 - __main__ - INFO - 品質保証適用完了: 8列
2026-06-15 23:12:30,964 - __main__ - INFO - グループ計算完了: group_6a_momentum_basic - 8個の特徴量
2026-06-15 23:12:31,063 - __main__ - INFO - [Phase D-3] artifact 抽出完了 (engine_1_C): 8 features (group_6a_momentum_basic)
2026-06-15 23:12:31,116 - __main__ - INFO - グループ処理開始: group_6b_momentum_extended (9個の特徴量)
2026-06-15 23:12:31,117 - __main__ - INFO - グループ計算開始: group_6b_momentum_extended
2026-06-15 23:12:31,117 - __main__ - INFO - モメンタム特徴量計算開始
2026-06-15 23:12:31,118 - __main__ - INFO - モメンタム特徴量計算完了: 17個
2026-06-15 23:12:31,118 - __main__ - INFO - 品質保証システム適用開始 (EWMベース, timeframe=H12)
2026-06-15 23:12:31,119 - __main__ - INFO - 品質保証適用: 9個の特徴量 (timeframe=H12)
2026-06-15 23:12:31,120 - __main__ - INFO - 品質保証適用完了: 9列
2026-06-15 23:12:31,120 - __main__ - INFO - グループ計算完了: group_6b_momentum_extended - 9個の特徴量
2026-06-15 23:12:31,270 - __main__ - INFO - [Phase D-3] artifact 抽出完了 (engine_1_C): 9 features (group_6b_momentum_extended)
2026-06-15 23:12:31,316 - __main__ - INFO - グループ処理開始: group_7_moving_averages (15個の特徴量)
2026-06-15 23:12:31,317 - __main__ - INFO - グループ計算開始: group_7_moving_averages
2026-06-15 23:12:31,317 - __main__ - INFO - 移動平均線特徴量計算開始
2026-06-15 23:12:31,319 - __main__ - INFO - 移動平均線特徴量計算完了: 39個
2026-06-15 23:12:31,320 - __main__ - INFO - 品質保証システム適用開始 (EWMベース, timeframe=H12)
2026-06-15 23:12:31,320 - __main__ - INFO - 品質保証適用: 15個の特徴量 (timeframe=H12)
2026-06-15 23:12:31,322 - __main__ - INFO - 品質保証適用完了: 15列
2026-06-15 23:12:31,322 - __main__ - INFO - グループ計算完了: group_7_moving_averages - 19個の特徴量
2026-06-15 23:12:31,501 - __main__ - INFO - [Phase D-3] artifact 抽出完了 (engine_1_C): 15 features (group_7_moving_averages)
2026-06-15 23:12:31,543 - __main__ - INFO - グループ処理開始: group_8_advanced (14個の特徴量)
2026-06-15 23:12:31,544 - __main__ - INFO - グループ計算開始: group_8_advanced
2026-06-15 23:12:31,544 - __main__ - INFO - 高度な指標特徴量計算開始
2026-06-15 23:12:31,545 - __main__ - INFO - 高度な指標特徴量計算完了: 14個
2026-06-15 23:12:31,546 - __main__ - INFO - 品質保証システム適用開始 (EWMベース, timeframe=H12)
2026-06-15 23:12:31,548 - __main__ - INFO - 品質保証適用: 14個の特徴量 (timeframe=H12)
2026-06-15 23:12:31,549 - __main__ - INFO - 品質保証適用完了: 14列
2026-06-15 23:12:31,550 - __main__ - INFO - グループ計算完了: group_8_advanced - 15個の特徴量
2026-06-15 23:12:31,808 - __main__ - INFO - [Phase D-3] artifact 抽出完了 (engine_1_C): 14 features (group_8_advanced)
2026-06-15 23:12:31,858 - __main__ - INFO - グループ処理開始: group_9_moving_extended (24個の特徴量)
2026-06-15 23:12:31,858 - __main__ - INFO - グループ計算開始: group_9_moving_extended
2026-06-15 23:12:31,859 - __main__ - INFO - 移動平均線特徴量計算開始
2026-06-15 23:12:31,860 - __main__ - INFO - 移動平均線特徴量計算完了: 39個
2026-06-15 23:12:31,861 - __main__ - INFO - 品質保証システム適用開始 (EWMベース, timeframe=H12)
2026-06-15 23:12:31,862 - __main__ - INFO - 品質保証適用: 24個の特徴量 (timeframe=H12)
2026-06-15 23:12:31,865 - __main__ - INFO - 品質保証適用完了: 24列
2026-06-15 23:12:31,865 - __main__ - INFO - グループ計算完了: group_9_moving_extended - 30個の特徴量
2026-06-15 23:12:32,175 - __main__ - INFO - [Phase D-3] artifact 抽出完了 (engine_1_C): 24 features (group_9_moving_extended)
2026-06-15 23:12:32,222 - __main__ - INFO - 全グループ計算完了。ファイルの結合を開始します...
2026-06-15 23:12:32,915 - __main__ - INFO - NaN埋め処理完了: 184個の特徴量 (basic=7, ホワイトリスト方式)
2026-06-15 23:12:32,944 - __main__ - INFO - 保存完了: features_e1c_H12.parquet (0.20MB, 0.02秒)
2026-06-15 23:12:32,944 - __main__ - INFO - === 通常処理完了: H12 - 4.21秒 ===
2026-06-15 23:12:32,946 - __main__ - INFO - === 通常処理開始: timeframe=D1 ===
2026-06-15 23:12:32,946 - __main__ - INFO - DataEngine初期化: /workspace/data/XAUUSD/stratum_1_base/master_processed
2026-06-15 23:12:32,947 - __main__ - INFO - 一時ディレクトリ作成: /tmp/features_e1c_fqsm1y0k
2026-06-15 23:12:32,947 - __main__ - INFO - CalculationEngine初期化: e1c_
2026-06-15 23:12:32,952 - __main__ - INFO - OutputEngine初期化: /workspace/data/XAUUSD/stratum_2_features/feature_value_a_vast_universeC
2026-06-15 23:12:32,984 - __main__ - INFO - データサマリー: {'columns': ['timeframe', 'timestamp', 'open', 'high', 'low', 'close', 'volume', 'disc', 'log_return', 'rolling_volatility', 'rolling_avg_volume', 'price_direction', 'price_momentum', 'volume_ratio'], 'dtypes': {'timeframe': 'String', 'timestamp': "Datetime(time_unit='ns', time_zone=None)", 'open': 'Float64', 'high': 'Float64', 'low': 'Float64', 'close': 'Float64', 'volume': 'Int64', 'disc': 'Boolean', 'log_return': 'Float64', 'rolling_volatility': 'Float64', 'rolling_avg_volume': 'Float64', 'price_direction': 'Int8', 'price_momentum': 'Float64', 'volume_ratio': 'Float64'}, 'sample_rows': 67, 'memory_usage_mb': 0.005728721618652344}
2026-06-15 23:12:32,991 - __main__ - INFO - グループ処理開始: group_1a_rsi_basic (4個の特徴量)
2026-06-15 23:12:32,992 - __main__ - INFO - グループ計算開始: group_1a_rsi_basic
2026-06-15 23:12:32,992 - __main__ - INFO - RSI特徴量計算開始
2026-06-15 23:12:32,993 - __main__ - INFO - RSI特徴量計算完了: 12個
2026-06-15 23:12:32,993 - __main__ - INFO - 品質保証システム適用開始 (EWMベース, timeframe=D1)
2026-06-15 23:12:32,994 - __main__ - INFO - 品質保証適用: 6個の特徴量 (timeframe=D1)
2026-06-15 23:12:32,994 - __main__ - INFO - 品質保証適用完了: 6列
2026-06-15 23:12:32,995 - __main__ - INFO - グループ計算完了: group_1a_rsi_basic - 6個の特徴量
2026-06-15 23:12:33,074 - __main__ - INFO - [Phase D-3] artifact 抽出完了 (engine_1_C): 6 features (group_1a_rsi_basic)
2026-06-15 23:12:33,119 - __main__ - INFO - グループ処理開始: group_1b_rsi_extended (4個の特徴量)
2026-06-15 23:12:33,120 - __main__ - INFO - グループ計算開始: group_1b_rsi_extended
2026-06-15 23:12:33,120 - __main__ - INFO - RSI特徴量計算開始
2026-06-15 23:12:33,121 - __main__ - INFO - RSI特徴量計算完了: 12個
2026-06-15 23:12:33,121 - __main__ - INFO - 品質保証システム適用開始 (EWMベース, timeframe=D1)
2026-06-15 23:12:33,122 - __main__ - INFO - 品質保証適用: 4個の特徴量 (timeframe=D1)
2026-06-15 23:12:33,123 - __main__ - INFO - 品質保証適用完了: 4列
2026-06-15 23:12:33,123 - __main__ - INFO - グループ計算完了: group_1b_rsi_extended - 4個の特徴量
2026-06-15 23:12:33,176 - __main__ - INFO - [Phase D-3] artifact 抽出完了 (engine_1_C): 4 features (group_1b_rsi_extended)
2026-06-15 23:12:33,219 - __main__ - INFO - グループ処理開始: group_1c_rsi_stochastic (2個の特徴量)
2026-06-15 23:12:33,220 - __main__ - INFO - グループ計算開始: group_1c_rsi_stochastic
2026-06-15 23:12:33,220 - __main__ - INFO - RSI特徴量計算開始
2026-06-15 23:12:33,221 - __main__ - INFO - RSI特徴量計算完了: 12個
2026-06-15 23:12:33,222 - __main__ - INFO - 品質保証システム適用開始 (EWMベース, timeframe=D1)
2026-06-15 23:12:33,222 - __main__ - INFO - 品質保証適用: 2個の特徴量 (timeframe=D1)
2026-06-15 23:12:33,223 - __main__ - INFO - 品質保証適用完了: 2列
2026-06-15 23:12:33,223 - __main__ - INFO - グループ計算完了: group_1c_rsi_stochastic - 2個の特徴量
2026-06-15 23:12:33,250 - __main__ - INFO - [Phase D-3] artifact 抽出完了 (engine_1_C): 2 features (group_1c_rsi_stochastic)
2026-06-15 23:12:33,293 - __main__ - INFO - グループ処理開始: group_1d_rsi_divergence (2個の特徴量)
2026-06-15 23:12:33,294 - __main__ - INFO - グループ計算開始: group_1d_rsi_divergence
2026-06-15 23:12:33,294 - __main__ - INFO - RSI特徴量計算開始
2026-06-15 23:12:33,295 - __main__ - INFO - RSI特徴量計算完了: 12個
2026-06-15 23:12:33,295 - __main__ - INFO - 品質保証システム適用開始 (EWMベース, timeframe=D1)
2026-06-15 23:12:33,296 - __main__ - INFO - 品質保証適用: 2個の特徴量 (timeframe=D1)
2026-06-15 23:12:33,296 - __main__ - INFO - 品質保証適用完了: 2列
2026-06-15 23:12:33,297 - __main__ - INFO - グループ計算完了: group_1d_rsi_divergence - 2個の特徴量
2026-06-15 23:12:33,330 - __main__ - INFO - [Phase D-3] artifact 抽出完了 (engine_1_C): 2 features (group_1d_rsi_divergence)
2026-06-15 23:12:33,371 - __main__ - INFO - グループ処理開始: group_2a_macd_standard (3個の特徴量)
2026-06-15 23:12:33,371 - __main__ - INFO - グループ計算開始: group_2a_macd_standard
2026-06-15 23:12:33,372 - __main__ - INFO - MACD特徴量計算開始
2026-06-15 23:12:33,372 - __main__ - INFO - MACD特徴量計算完了: 9個
2026-06-15 23:12:33,373 - __main__ - INFO - 品質保証システム適用開始 (EWMベース, timeframe=D1)
2026-06-15 23:12:33,373 - __main__ - INFO - 品質保証適用: 3個の特徴量 (timeframe=D1)
2026-06-15 23:12:33,374 - __main__ - INFO - 品質保証適用完了: 3列
2026-06-15 23:12:33,375 - __main__ - INFO - グループ計算完了: group_2a_macd_standard - 3個の特徴量
2026-06-15 23:12:33,409 - __main__ - INFO - [Phase D-3] artifact 抽出完了 (engine_1_C): 3 features (group_2a_macd_standard)
2026-06-15 23:12:33,451 - __main__ - INFO - グループ処理開始: group_2b_macd_variants (6個の特徴量)
2026-06-15 23:12:33,452 - __main__ - INFO - グループ計算開始: group_2b_macd_variants
2026-06-15 23:12:33,452 - __main__ - INFO - MACD特徴量計算開始
2026-06-15 23:12:33,453 - __main__ - INFO - MACD特徴量計算完了: 9個
2026-06-15 23:12:33,453 - __main__ - INFO - 品質保証システム適用開始 (EWMベース, timeframe=D1)
2026-06-15 23:12:33,454 - __main__ - INFO - 品質保証適用: 6個の特徴量 (timeframe=D1)
2026-06-15 23:12:33,455 - __main__ - INFO - 品質保証適用完了: 6列
2026-06-15 23:12:33,455 - __main__ - INFO - グループ計算完了: group_2b_macd_variants - 6個の特徴量
2026-06-15 23:12:33,520 - __main__ - INFO - [Phase D-3] artifact 抽出完了 (engine_1_C): 6 features (group_2b_macd_variants)
2026-06-15 23:12:33,565 - __main__ - INFO - グループ処理開始: group_3a_bb_20 (10個の特徴量)
2026-06-15 23:12:33,565 - __main__ - INFO - グループ計算開始: group_3a_bb_20
2026-06-15 23:12:33,566 - __main__ - INFO - ボリンジャーバンド特徴量計算開始
2026-06-15 23:12:33,567 - __main__ - INFO - ボリンジャーバンド特徴量計算完了: 54個
2026-06-15 23:12:33,569 - __main__ - INFO - 品質保証システム適用開始 (EWMベース, timeframe=D1)
2026-06-15 23:12:33,570 - __main__ - INFO - 品質保証適用: 14個の特徴量 (timeframe=D1)
2026-06-15 23:12:33,571 - __main__ - INFO - 品質保証適用完了: 14列
2026-06-15 23:12:33,572 - __main__ - INFO - グループ計算完了: group_3a_bb_20 - 16個の特徴量
2026-06-15 23:12:33,753 - __main__ - INFO - [Phase D-3] artifact 抽出完了 (engine_1_C): 14 features (group_3a_bb_20)
2026-06-15 23:12:33,797 - __main__ - INFO - グループ処理開始: group_3b_bb_30_50 (26個の特徴量)
2026-06-15 23:12:33,797 - __main__ - INFO - グループ計算開始: group_3b_bb_30_50
2026-06-15 23:12:33,797 - __main__ - INFO - ボリンジャーバンド特徴量計算開始
2026-06-15 23:12:33,799 - __main__ - INFO - ボリンジャーバンド特徴量計算完了: 54個
2026-06-15 23:12:33,800 - __main__ - INFO - 品質保証システム適用開始 (EWMベース, timeframe=D1)
2026-06-15 23:12:33,802 - __main__ - INFO - 品質保証適用: 30個の特徴量 (timeframe=D1)
2026-06-15 23:12:33,804 - __main__ - INFO - 品質保証適用完了: 30列
2026-06-15 23:12:33,804 - __main__ - INFO - グループ計算完了: group_3b_bb_30_50 - 38個の特徴量
2026-06-15 23:12:34,218 - __main__ - INFO - [Phase D-3] artifact 抽出完了 (engine_1_C): 30 features (group_3b_bb_30_50)
2026-06-15 23:12:34,262 - __main__ - INFO - グループ処理開始: group_3c_bb_variants (6個の特徴量)
2026-06-15 23:12:34,262 - __main__ - INFO - グループ計算開始: group_3c_bb_variants
2026-06-15 23:12:34,263 - __main__ - INFO - ボリンジャーバンド特徴量計算開始
2026-06-15 23:12:34,264 - __main__ - INFO - ボリンジャーバンド特徴量計算完了: 54個
2026-06-15 23:12:34,266 - __main__ - INFO - 品質保証システム適用開始 (EWMベース, timeframe=D1)
2026-06-15 23:12:34,267 - __main__ - INFO - 品質保証適用: 6個の特徴量 (timeframe=D1)
2026-06-15 23:12:34,268 - __main__ - INFO - 品質保証適用完了: 6列
2026-06-15 23:12:34,268 - __main__ - INFO - グループ計算完了: group_3c_bb_variants - 6個の特徴量
2026-06-15 23:12:34,340 - __main__ - INFO - [Phase D-3] artifact 抽出完了 (engine_1_C): 6 features (group_3c_bb_variants)
2026-06-15 23:12:34,383 - __main__ - INFO - グループ処理開始: group_4a_atr_basic (4個の特徴量)
2026-06-15 23:12:34,383 - __main__ - INFO - グループ計算開始: group_4a_atr_basic
2026-06-15 23:12:34,384 - __main__ - INFO - ATR特徴量計算開始
2026-06-15 23:12:34,385 - __main__ - INFO - ATR特徴量計算完了: 16個
2026-06-15 23:12:34,385 - __main__ - INFO - 品質保証システム適用開始 (EWMベース, timeframe=D1)
2026-06-15 23:12:34,386 - __main__ - INFO - 品質保証適用: 4個の特徴量 (timeframe=D1)
2026-06-15 23:12:34,387 - __main__ - INFO - 品質保証適用完了: 4列
2026-06-15 23:12:34,387 - __main__ - INFO - グループ計算完了: group_4a_atr_basic - 4個の特徴量
2026-06-15 23:12:34,433 - __main__ - INFO - [Phase D-3] artifact 抽出完了 (engine_1_C): 4 features (group_4a_atr_basic)
2026-06-15 23:12:34,477 - __main__ - INFO - グループ処理開始: group_4b_atr_extended (12個の特徴量)
2026-06-15 23:12:34,477 - __main__ - INFO - グループ計算開始: group_4b_atr_extended
2026-06-15 23:12:34,478 - __main__ - INFO - ATR特徴量計算開始
2026-06-15 23:12:34,478 - __main__ - INFO - ATR特徴量計算完了: 16個
2026-06-15 23:12:34,479 - __main__ - INFO - 品質保証システム適用開始 (EWMベース, timeframe=D1)
2026-06-15 23:12:34,480 - __main__ - INFO - 品質保証適用: 12個の特徴量 (timeframe=D1)
2026-06-15 23:12:34,481 - __main__ - INFO - 品質保証適用完了: 12列
2026-06-15 23:12:34,482 - __main__ - INFO - グループ計算完了: group_4b_atr_extended - 12個の特徴量
2026-06-15 23:12:34,624 - __main__ - INFO - [Phase D-3] artifact 抽出完了 (engine_1_C): 12 features (group_4b_atr_extended)
2026-06-15 23:12:34,667 - __main__ - INFO - グループ処理開始: group_5a_oscillators_basic (9個の特徴量)
2026-06-15 23:12:34,668 - __main__ - INFO - グループ計算開始: group_5a_oscillators_basic
2026-06-15 23:12:34,668 - __main__ - INFO - オシレーター特徴量計算開始
2026-06-15 23:12:34,669 - __main__ - INFO - オシレーター特徴量計算完了: 30個
2026-06-15 23:12:34,670 - __main__ - INFO - 品質保証システム適用開始 (EWMベース, timeframe=D1)
2026-06-15 23:12:34,670 - __main__ - INFO - 品質保証適用: 9個の特徴量 (timeframe=D1)
2026-06-15 23:12:34,671 - __main__ - INFO - 品質保証適用完了: 9列
2026-06-15 23:12:34,672 - __main__ - INFO - グループ計算完了: group_5a_oscillators_basic - 9個の特徴量
2026-06-15 23:12:34,777 - __main__ - INFO - [Phase D-3] artifact 抽出完了 (engine_1_C): 9 features (group_5a_oscillators_basic)
2026-06-15 23:12:34,823 - __main__ - INFO - グループ処理開始: group_5b_oscillators_extended (21個の特徴量)
2026-06-15 23:12:34,823 - __main__ - INFO - グループ計算開始: group_5b_oscillators_extended
2026-06-15 23:12:34,824 - __main__ - INFO - オシレーター特徴量計算開始
2026-06-15 23:12:34,825 - __main__ - INFO - オシレーター特徴量計算完了: 30個
2026-06-15 23:12:34,825 - __main__ - INFO - 品質保証システム適用開始 (EWMベース, timeframe=D1)
2026-06-15 23:12:34,826 - __main__ - INFO - 品質保証適用: 21個の特徴量 (timeframe=D1)
2026-06-15 23:12:34,828 - __main__ - INFO - 品質保証適用完了: 21列
2026-06-15 23:12:34,828 - __main__ - INFO - グループ計算完了: group_5b_oscillators_extended - 21個の特徴量
2026-06-15 23:12:35,090 - __main__ - INFO - [Phase D-3] artifact 抽出完了 (engine_1_C): 21 features (group_5b_oscillators_extended)
2026-06-15 23:12:35,141 - __main__ - INFO - グループ処理開始: group_6a_momentum_basic (8個の特徴量)
2026-06-15 23:12:35,142 - __main__ - INFO - グループ計算開始: group_6a_momentum_basic
2026-06-15 23:12:35,142 - __main__ - INFO - モメンタム特徴量計算開始
2026-06-15 23:12:35,143 - __main__ - INFO - モメンタム特徴量計算完了: 17個
2026-06-15 23:12:35,143 - __main__ - INFO - 品質保証システム適用開始 (EWMベース, timeframe=D1)
2026-06-15 23:12:35,144 - __main__ - INFO - 品質保証適用: 8個の特徴量 (timeframe=D1)
2026-06-15 23:12:35,145 - __main__ - INFO - 品質保証適用完了: 8列
2026-06-15 23:12:35,145 - __main__ - INFO - グループ計算完了: group_6a_momentum_basic - 8個の特徴量
2026-06-15 23:12:35,238 - __main__ - INFO - [Phase D-3] artifact 抽出完了 (engine_1_C): 8 features (group_6a_momentum_basic)
2026-06-15 23:12:35,287 - __main__ - INFO - グループ処理開始: group_6b_momentum_extended (9個の特徴量)
2026-06-15 23:12:35,288 - __main__ - INFO - グループ計算開始: group_6b_momentum_extended
2026-06-15 23:12:35,289 - __main__ - INFO - モメンタム特徴量計算開始
2026-06-15 23:12:35,289 - __main__ - INFO - モメンタム特徴量計算完了: 17個
2026-06-15 23:12:35,290 - __main__ - INFO - 品質保証システム適用開始 (EWMベース, timeframe=D1)
2026-06-15 23:12:35,291 - __main__ - INFO - 品質保証適用: 9個の特徴量 (timeframe=D1)
2026-06-15 23:12:35,292 - __main__ - INFO - 品質保証適用完了: 9列
2026-06-15 23:12:35,292 - __main__ - INFO - グループ計算完了: group_6b_momentum_extended - 9個の特徴量
2026-06-15 23:12:35,416 - __main__ - INFO - [Phase D-3] artifact 抽出完了 (engine_1_C): 9 features (group_6b_momentum_extended)
2026-06-15 23:12:35,464 - __main__ - INFO - グループ処理開始: group_7_moving_averages (15個の特徴量)
2026-06-15 23:12:35,465 - __main__ - INFO - グループ計算開始: group_7_moving_averages
2026-06-15 23:12:35,465 - __main__ - INFO - 移動平均線特徴量計算開始
2026-06-15 23:12:35,467 - __main__ - INFO - 移動平均線特徴量計算完了: 39個
2026-06-15 23:12:35,468 - __main__ - INFO - 品質保証システム適用開始 (EWMベース, timeframe=D1)
2026-06-15 23:12:35,468 - __main__ - INFO - 品質保証適用: 15個の特徴量 (timeframe=D1)
2026-06-15 23:12:35,470 - __main__ - INFO - 品質保証適用完了: 15列
2026-06-15 23:12:35,470 - __main__ - INFO - グループ計算完了: group_7_moving_averages - 19個の特徴量
2026-06-15 23:12:35,648 - __main__ - INFO - [Phase D-3] artifact 抽出完了 (engine_1_C): 15 features (group_7_moving_averages)
2026-06-15 23:12:35,698 - __main__ - INFO - グループ処理開始: group_8_advanced (14個の特徴量)
2026-06-15 23:12:35,698 - __main__ - INFO - グループ計算開始: group_8_advanced
2026-06-15 23:12:35,699 - __main__ - INFO - 高度な指標特徴量計算開始
2026-06-15 23:12:35,700 - __main__ - INFO - 高度な指標特徴量計算完了: 14個
2026-06-15 23:12:35,701 - __main__ - INFO - 品質保証システム適用開始 (EWMベース, timeframe=D1)
2026-06-15 23:12:35,702 - __main__ - INFO - 品質保証適用: 14個の特徴量 (timeframe=D1)
2026-06-15 23:12:35,704 - __main__ - INFO - 品質保証適用完了: 14列
2026-06-15 23:12:35,704 - __main__ - INFO - グループ計算完了: group_8_advanced - 15個の特徴量
2026-06-15 23:12:35,929 - __main__ - INFO - [Phase D-3] artifact 抽出完了 (engine_1_C): 14 features (group_8_advanced)
2026-06-15 23:12:35,981 - __main__ - INFO - グループ処理開始: group_9_moving_extended (24個の特徴量)
2026-06-15 23:12:35,981 - __main__ - INFO - グループ計算開始: group_9_moving_extended
2026-06-15 23:12:35,982 - __main__ - INFO - 移動平均線特徴量計算開始
2026-06-15 23:12:35,983 - __main__ - INFO - 移動平均線特徴量計算完了: 39個
2026-06-15 23:12:35,984 - __main__ - INFO - 品質保証システム適用開始 (EWMベース, timeframe=D1)
2026-06-15 23:12:35,985 - __main__ - INFO - 品質保証適用: 24個の特徴量 (timeframe=D1)
2026-06-15 23:12:35,987 - __main__ - INFO - 品質保証適用完了: 24列
2026-06-15 23:12:35,988 - __main__ - INFO - グループ計算完了: group_9_moving_extended - 30個の特徴量
2026-06-15 23:12:36,307 - __main__ - INFO - [Phase D-3] artifact 抽出完了 (engine_1_C): 24 features (group_9_moving_extended)
2026-06-15 23:12:36,355 - __main__ - INFO - 全グループ計算完了。ファイルの結合を開始します...
2026-06-15 23:12:37,118 - __main__ - INFO - NaN埋め処理完了: 184個の特徴量 (basic=7, ホワイトリスト方式)
2026-06-15 23:12:37,144 - __main__ - INFO - 保存完了: features_e1c_D1.parquet (0.12MB, 0.02秒)
2026-06-15 23:12:37,145 - __main__ - INFO - === 通常処理完了: D1 - 4.20秒 ===
2026-06-15 23:12:37,145 - __main__ - INFO - === 通常処理開始: timeframe=W1 ===
2026-06-15 23:12:37,146 - __main__ - INFO - DataEngine初期化: /workspace/data/XAUUSD/stratum_1_base/master_processed
2026-06-15 23:12:37,147 - __main__ - INFO - 一時ディレクトリ作成: /tmp/features_e1c_8nkymd3h
2026-06-15 23:12:37,147 - __main__ - INFO - CalculationEngine初期化: e1c_
2026-06-15 23:12:37,151 - __main__ - INFO - OutputEngine初期化: /workspace/data/XAUUSD/stratum_2_features/feature_value_a_vast_universeC
2026-06-15 23:12:37,182 - __main__ - INFO - データサマリー: {'columns': ['timeframe', 'timestamp', 'open', 'high', 'low', 'close', 'volume', 'disc', 'log_return', 'rolling_volatility', 'rolling_avg_volume', 'price_direction', 'price_momentum', 'volume_ratio'], 'dtypes': {'timeframe': 'String', 'timestamp': "Datetime(time_unit='ns', time_zone=None)", 'open': 'Float64', 'high': 'Float64', 'low': 'Float64', 'close': 'Float64', 'volume': 'Int64', 'disc': 'Boolean', 'log_return': 'Float64', 'rolling_volatility': 'Float64', 'rolling_avg_volume': 'Float64', 'price_direction': 'Int8', 'price_momentum': 'Float64', 'volume_ratio': 'Float64'}, 'sample_rows': 13, 'memory_usage_mb': 0.0011272430419921875}
2026-06-15 23:12:37,189 - __main__ - INFO - グループ処理開始: group_1a_rsi_basic (4個の特徴量)
2026-06-15 23:12:37,190 - __main__ - INFO - グループ計算開始: group_1a_rsi_basic
2026-06-15 23:12:37,190 - __main__ - INFO - RSI特徴量計算開始
2026-06-15 23:12:37,191 - __main__ - INFO - RSI特徴量計算完了: 12個
2026-06-15 23:12:37,192 - __main__ - INFO - 品質保証システム適用開始 (EWMベース, timeframe=W1)
2026-06-15 23:12:37,192 - __main__ - INFO - 品質保証適用: 6個の特徴量 (timeframe=W1)
2026-06-15 23:12:37,194 - __main__ - INFO - 品質保証適用完了: 6列
2026-06-15 23:12:37,194 - __main__ - INFO - グループ計算完了: group_1a_rsi_basic - 6個の特徴量
2026-06-15 23:12:37,266 - __main__ - INFO - [Phase D-3] artifact 抽出完了 (engine_1_C): 6 features (group_1a_rsi_basic)
2026-06-15 23:12:37,309 - __main__ - INFO - グループ処理開始: group_1b_rsi_extended (4個の特徴量)
2026-06-15 23:12:37,309 - __main__ - INFO - グループ計算開始: group_1b_rsi_extended
2026-06-15 23:12:37,310 - __main__ - INFO - RSI特徴量計算開始
2026-06-15 23:12:37,310 - __main__ - INFO - RSI特徴量計算完了: 12個
2026-06-15 23:12:37,311 - __main__ - INFO - 品質保証システム適用開始 (EWMベース, timeframe=W1)
2026-06-15 23:12:37,312 - __main__ - INFO - 品質保証適用: 4個の特徴量 (timeframe=W1)
2026-06-15 23:12:37,313 - __main__ - INFO - 品質保証適用完了: 4列
2026-06-15 23:12:37,313 - __main__ - INFO - グループ計算完了: group_1b_rsi_extended - 4個の特徴量
2026-06-15 23:12:37,358 - __main__ - INFO - [Phase D-3] artifact 抽出完了 (engine_1_C): 4 features (group_1b_rsi_extended)
2026-06-15 23:12:37,401 - __main__ - INFO - グループ処理開始: group_1c_rsi_stochastic (2個の特徴量)
2026-06-15 23:12:37,402 - __main__ - INFO - グループ計算開始: group_1c_rsi_stochastic
2026-06-15 23:12:37,402 - __main__ - INFO - RSI特徴量計算開始
2026-06-15 23:12:37,403 - __main__ - INFO - RSI特徴量計算完了: 12個
2026-06-15 23:12:37,403 - __main__ - INFO - 品質保証システム適用開始 (EWMベース, timeframe=W1)
2026-06-15 23:12:37,404 - __main__ - INFO - 品質保証適用: 2個の特徴量 (timeframe=W1)
2026-06-15 23:12:37,405 - __main__ - INFO - 品質保証適用完了: 2列
2026-06-15 23:12:37,405 - __main__ - INFO - グループ計算完了: group_1c_rsi_stochastic - 2個の特徴量
2026-06-15 23:12:37,429 - __main__ - INFO - [Phase D-3] artifact 抽出完了 (engine_1_C): 2 features (group_1c_rsi_stochastic)
2026-06-15 23:12:37,472 - __main__ - INFO - グループ処理開始: group_1d_rsi_divergence (2個の特徴量)
2026-06-15 23:12:37,473 - __main__ - INFO - グループ計算開始: group_1d_rsi_divergence
2026-06-15 23:12:37,473 - __main__ - INFO - RSI特徴量計算開始
2026-06-15 23:12:37,474 - __main__ - INFO - RSI特徴量計算完了: 12個
2026-06-15 23:12:37,475 - __main__ - INFO - 品質保証システム適用開始 (EWMベース, timeframe=W1)
2026-06-15 23:12:37,475 - __main__ - INFO - 品質保証適用: 2個の特徴量 (timeframe=W1)
2026-06-15 23:12:37,476 - __main__ - INFO - 品質保証適用完了: 2列
2026-06-15 23:12:37,476 - __main__ - INFO - グループ計算完了: group_1d_rsi_divergence - 2個の特徴量
2026-06-15 23:12:37,502 - __main__ - INFO - [Phase D-3] artifact 抽出完了 (engine_1_C): 2 features (group_1d_rsi_divergence)
2026-06-15 23:12:37,544 - __main__ - INFO - グループ処理開始: group_2a_macd_standard (3個の特徴量)
2026-06-15 23:12:37,544 - __main__ - INFO - グループ計算開始: group_2a_macd_standard
2026-06-15 23:12:37,545 - __main__ - INFO - MACD特徴量計算開始
2026-06-15 23:12:37,546 - __main__ - INFO - MACD特徴量計算完了: 9個
2026-06-15 23:12:37,546 - __main__ - INFO - 品質保証システム適用開始 (EWMベース, timeframe=W1)
2026-06-15 23:12:37,547 - __main__ - INFO - 品質保証適用: 3個の特徴量 (timeframe=W1)
2026-06-15 23:12:37,547 - __main__ - INFO - 品質保証適用完了: 3列
2026-06-15 23:12:37,548 - __main__ - INFO - グループ計算完了: group_2a_macd_standard - 3個の特徴量
2026-06-15 23:12:37,583 - __main__ - INFO - [Phase D-3] artifact 抽出完了 (engine_1_C): 3 features (group_2a_macd_standard)
2026-06-15 23:12:37,626 - __main__ - INFO - グループ処理開始: group_2b_macd_variants (6個の特徴量)
2026-06-15 23:12:37,627 - __main__ - INFO - グループ計算開始: group_2b_macd_variants
2026-06-15 23:12:37,627 - __main__ - INFO - MACD特徴量計算開始
2026-06-15 23:12:37,628 - __main__ - INFO - MACD特徴量計算完了: 9個
2026-06-15 23:12:37,628 - __main__ - INFO - 品質保証システム適用開始 (EWMベース, timeframe=W1)
2026-06-15 23:12:37,629 - __main__ - INFO - 品質保証適用: 6個の特徴量 (timeframe=W1)
2026-06-15 23:12:37,630 - __main__ - INFO - 品質保証適用完了: 6列
2026-06-15 23:12:37,630 - __main__ - INFO - グループ計算完了: group_2b_macd_variants - 6個の特徴量
2026-06-15 23:12:37,696 - __main__ - INFO - [Phase D-3] artifact 抽出完了 (engine_1_C): 6 features (group_2b_macd_variants)
2026-06-15 23:12:37,739 - __main__ - INFO - グループ処理開始: group_3a_bb_20 (10個の特徴量)
2026-06-15 23:12:37,740 - __main__ - INFO - グループ計算開始: group_3a_bb_20
2026-06-15 23:12:37,740 - __main__ - INFO - ボリンジャーバンド特徴量計算開始
2026-06-15 23:12:37,742 - __main__ - INFO - ボリンジャーバンド特徴量計算完了: 54個
2026-06-15 23:12:37,743 - __main__ - INFO - 品質保証システム適用開始 (EWMベース, timeframe=W1)
2026-06-15 23:12:37,745 - __main__ - INFO - 品質保証適用: 14個の特徴量 (timeframe=W1)
2026-06-15 23:12:37,746 - __main__ - INFO - 品質保証適用完了: 14列
2026-06-15 23:12:37,746 - __main__ - INFO - グループ計算完了: group_3a_bb_20 - 16個の特徴量
2026-06-15 23:12:37,911 - __main__ - INFO - [Phase D-3] artifact 抽出完了 (engine_1_C): 14 features (group_3a_bb_20)
2026-06-15 23:12:37,955 - __main__ - INFO - グループ処理開始: group_3b_bb_30_50 (26個の特徴量)
2026-06-15 23:12:37,955 - __main__ - INFO - グループ計算開始: group_3b_bb_30_50
2026-06-15 23:12:37,956 - __main__ - INFO - ボリンジャーバンド特徴量計算開始
2026-06-15 23:12:37,957 - __main__ - INFO - ボリンジャーバンド特徴量計算完了: 54個
2026-06-15 23:12:37,959 - __main__ - INFO - 品質保証システム適用開始 (EWMベース, timeframe=W1)
2026-06-15 23:12:37,960 - __main__ - INFO - 品質保証適用: 30個の特徴量 (timeframe=W1)
2026-06-15 23:12:37,962 - __main__ - INFO - 品質保証適用完了: 30列
2026-06-15 23:12:37,963 - __main__ - INFO - グループ計算完了: group_3b_bb_30_50 - 38個の特徴量
2026-06-15 23:12:38,357 - __main__ - INFO - [Phase D-3] artifact 抽出完了 (engine_1_C): 30 features (group_3b_bb_30_50)
2026-06-15 23:12:38,401 - __main__ - INFO - グループ処理開始: group_3c_bb_variants (6個の特徴量)
2026-06-15 23:12:38,401 - __main__ - INFO - グループ計算開始: group_3c_bb_variants
2026-06-15 23:12:38,402 - __main__ - INFO - ボリンジャーバンド特徴量計算開始
2026-06-15 23:12:38,403 - __main__ - INFO - ボリンジャーバンド特徴量計算完了: 54個
2026-06-15 23:12:38,404 - __main__ - INFO - 品質保証システム適用開始 (EWMベース, timeframe=W1)
2026-06-15 23:12:38,406 - __main__ - INFO - 品質保証適用: 6個の特徴量 (timeframe=W1)
2026-06-15 23:12:38,406 - __main__ - INFO - 品質保証適用完了: 6列
2026-06-15 23:12:38,407 - __main__ - INFO - グループ計算完了: group_3c_bb_variants - 6個の特徴量
2026-06-15 23:12:38,475 - __main__ - INFO - [Phase D-3] artifact 抽出完了 (engine_1_C): 6 features (group_3c_bb_variants)
2026-06-15 23:12:38,517 - __main__ - INFO - グループ処理開始: group_4a_atr_basic (4個の特徴量)
2026-06-15 23:12:38,518 - __main__ - INFO - グループ計算開始: group_4a_atr_basic
2026-06-15 23:12:38,518 - __main__ - INFO - ATR特徴量計算開始
2026-06-15 23:12:38,519 - __main__ - INFO - ATR特徴量計算完了: 16個
2026-06-15 23:12:38,519 - __main__ - INFO - 品質保証システム適用開始 (EWMベース, timeframe=W1)
2026-06-15 23:12:38,520 - __main__ - INFO - 品質保証適用: 4個の特徴量 (timeframe=W1)
2026-06-15 23:12:38,521 - __main__ - INFO - 品質保証適用完了: 4列
2026-06-15 23:12:38,521 - __main__ - INFO - グループ計算完了: group_4a_atr_basic - 4個の特徴量
2026-06-15 23:12:38,564 - __main__ - INFO - [Phase D-3] artifact 抽出完了 (engine_1_C): 4 features (group_4a_atr_basic)
2026-06-15 23:12:38,607 - __main__ - INFO - グループ処理開始: group_4b_atr_extended (12個の特徴量)
2026-06-15 23:12:38,607 - __main__ - INFO - グループ計算開始: group_4b_atr_extended
2026-06-15 23:12:38,608 - __main__ - INFO - ATR特徴量計算開始
2026-06-15 23:12:38,608 - __main__ - INFO - ATR特徴量計算完了: 16個
2026-06-15 23:12:38,609 - __main__ - INFO - 品質保証システム適用開始 (EWMベース, timeframe=W1)
2026-06-15 23:12:38,610 - __main__ - INFO - 品質保証適用: 12個の特徴量 (timeframe=W1)
2026-06-15 23:12:38,611 - __main__ - INFO - 品質保証適用完了: 12列
2026-06-15 23:12:38,611 - __main__ - INFO - グループ計算完了: group_4b_atr_extended - 12個の特徴量
2026-06-15 23:12:38,741 - __main__ - INFO - [Phase D-3] artifact 抽出完了 (engine_1_C): 12 features (group_4b_atr_extended)
2026-06-15 23:12:38,784 - __main__ - INFO - グループ処理開始: group_5a_oscillators_basic (9個の特徴量)
2026-06-15 23:12:38,784 - __main__ - INFO - グループ計算開始: group_5a_oscillators_basic
2026-06-15 23:12:38,785 - __main__ - INFO - オシレーター特徴量計算開始
2026-06-15 23:12:38,785 - __main__ - INFO - オシレーター特徴量計算完了: 30個
2026-06-15 23:12:38,786 - __main__ - INFO - 品質保証システム適用開始 (EWMベース, timeframe=W1)
2026-06-15 23:12:38,787 - __main__ - INFO - 品質保証適用: 9個の特徴量 (timeframe=W1)
2026-06-15 23:12:38,788 - __main__ - INFO - 品質保証適用完了: 9列
2026-06-15 23:12:38,788 - __main__ - INFO - グループ計算完了: group_5a_oscillators_basic - 9個の特徴量
2026-06-15 23:12:38,882 - __main__ - INFO - [Phase D-3] artifact 抽出完了 (engine_1_C): 9 features (group_5a_oscillators_basic)
2026-06-15 23:12:38,925 - __main__ - INFO - グループ処理開始: group_5b_oscillators_extended (21個の特徴量)
2026-06-15 23:12:38,925 - __main__ - INFO - グループ計算開始: group_5b_oscillators_extended
2026-06-15 23:12:38,926 - __main__ - INFO - オシレーター特徴量計算開始
2026-06-15 23:12:38,926 - __main__ - INFO - オシレーター特徴量計算完了: 30個
2026-06-15 23:12:38,927 - __main__ - INFO - 品質保証システム適用開始 (EWMベース, timeframe=W1)
2026-06-15 23:12:38,928 - __main__ - INFO - 品質保証適用: 21個の特徴量 (timeframe=W1)
2026-06-15 23:12:38,930 - __main__ - INFO - 品質保証適用完了: 21列
2026-06-15 23:12:38,930 - __main__ - INFO - グループ計算完了: group_5b_oscillators_extended - 21個の特徴量
2026-06-15 23:12:39,161 - __main__ - INFO - [Phase D-3] artifact 抽出完了 (engine_1_C): 21 features (group_5b_oscillators_extended)
2026-06-15 23:12:39,205 - __main__ - INFO - グループ処理開始: group_6a_momentum_basic (8個の特徴量)
2026-06-15 23:12:39,205 - __main__ - INFO - グループ計算開始: group_6a_momentum_basic
2026-06-15 23:12:39,206 - __main__ - INFO - モメンタム特徴量計算開始
2026-06-15 23:12:39,206 - __main__ - INFO - モメンタム特徴量計算完了: 17個
2026-06-15 23:12:39,207 - __main__ - INFO - 品質保証システム適用開始 (EWMベース, timeframe=W1)
2026-06-15 23:12:39,208 - __main__ - INFO - 品質保証適用: 8個の特徴量 (timeframe=W1)
2026-06-15 23:12:39,209 - __main__ - INFO - 品質保証適用完了: 8列
2026-06-15 23:12:39,209 - __main__ - INFO - グループ計算完了: group_6a_momentum_basic - 8個の特徴量
2026-06-15 23:12:39,290 - __main__ - INFO - [Phase D-3] artifact 抽出完了 (engine_1_C): 8 features (group_6a_momentum_basic)
2026-06-15 23:12:39,333 - __main__ - INFO - グループ処理開始: group_6b_momentum_extended (9個の特徴量)
2026-06-15 23:12:39,334 - __main__ - INFO - グループ計算開始: group_6b_momentum_extended
2026-06-15 23:12:39,334 - __main__ - INFO - モメンタム特徴量計算開始
2026-06-15 23:12:39,335 - __main__ - INFO - モメンタム特徴量計算完了: 17個
2026-06-15 23:12:39,336 - __main__ - INFO - 品質保証システム適用開始 (EWMベース, timeframe=W1)
2026-06-15 23:12:39,336 - __main__ - INFO - 品質保証適用: 9個の特徴量 (timeframe=W1)
2026-06-15 23:12:39,337 - __main__ - INFO - 品質保証適用完了: 9列
2026-06-15 23:12:39,338 - __main__ - INFO - グループ計算完了: group_6b_momentum_extended - 9個の特徴量
2026-06-15 23:12:39,428 - __main__ - INFO - [Phase D-3] artifact 抽出完了 (engine_1_C): 9 features (group_6b_momentum_extended)
2026-06-15 23:12:39,472 - __main__ - INFO - グループ処理開始: group_7_moving_averages (15個の特徴量)
2026-06-15 23:12:39,473 - __main__ - INFO - グループ計算開始: group_7_moving_averages
2026-06-15 23:12:39,473 - __main__ - INFO - 移動平均線特徴量計算開始
2026-06-15 23:12:39,474 - __main__ - INFO - 移動平均線特徴量計算完了: 39個
2026-06-15 23:12:39,475 - __main__ - INFO - 品質保証システム適用開始 (EWMベース, timeframe=W1)
2026-06-15 23:12:39,476 - __main__ - INFO - 品質保証適用: 15個の特徴量 (timeframe=W1)
2026-06-15 23:12:39,478 - __main__ - INFO - 品質保証適用完了: 15列
2026-06-15 23:12:39,478 - __main__ - INFO - グループ計算完了: group_7_moving_averages - 19個の特徴量
2026-06-15 23:12:39,635 - __main__ - INFO - [Phase D-3] artifact 抽出完了 (engine_1_C): 15 features (group_7_moving_averages)
2026-06-15 23:12:39,679 - __main__ - INFO - グループ処理開始: group_8_advanced (14個の特徴量)
2026-06-15 23:12:39,679 - __main__ - INFO - グループ計算開始: group_8_advanced
2026-06-15 23:12:39,680 - __main__ - INFO - 高度な指標特徴量計算開始
2026-06-15 23:12:39,681 - __main__ - INFO - 高度な指標特徴量計算完了: 14個
2026-06-15 23:12:39,682 - __main__ - INFO - 品質保証システム適用開始 (EWMベース, timeframe=W1)
2026-06-15 23:12:39,683 - __main__ - INFO - 品質保証適用: 14個の特徴量 (timeframe=W1)
2026-06-15 23:12:39,685 - __main__ - INFO - 品質保証適用完了: 14列
2026-06-15 23:12:39,685 - __main__ - INFO - グループ計算完了: group_8_advanced - 15個の特徴量
2026-06-15 23:12:39,841 - __main__ - INFO - [Phase D-3] artifact 抽出完了 (engine_1_C): 14 features (group_8_advanced)
2026-06-15 23:12:39,888 - __main__ - INFO - グループ処理開始: group_9_moving_extended (24個の特徴量)
2026-06-15 23:12:39,888 - __main__ - INFO - グループ計算開始: group_9_moving_extended
2026-06-15 23:12:39,889 - __main__ - INFO - 移動平均線特徴量計算開始
2026-06-15 23:12:39,890 - __main__ - INFO - 移動平均線特徴量計算完了: 39個
2026-06-15 23:12:39,891 - __main__ - INFO - 品質保証システム適用開始 (EWMベース, timeframe=W1)
2026-06-15 23:12:39,892 - __main__ - INFO - 品質保証適用: 24個の特徴量 (timeframe=W1)
2026-06-15 23:12:39,894 - __main__ - INFO - 品質保証適用完了: 24列
2026-06-15 23:12:39,894 - __main__ - INFO - グループ計算完了: group_9_moving_extended - 30個の特徴量
2026-06-15 23:12:40,182 - __main__ - INFO - [Phase D-3] artifact 抽出完了 (engine_1_C): 24 features (group_9_moving_extended)
2026-06-15 23:12:40,226 - __main__ - INFO - 全グループ計算完了。ファイルの結合を開始します...
2026-06-15 23:12:40,910 - __main__ - INFO - NaN埋め処理完了: 184個の特徴量 (basic=7, ホワイトリスト方式)
2026-06-15 23:12:40,939 - __main__ - INFO - 保存完了: features_e1c_W1.parquet (0.07MB, 0.02秒)
2026-06-15 23:12:40,939 - __main__ - INFO - === 通常処理完了: W1 - 3.79秒 ===
2026-06-15 23:12:40,940 - __main__ - INFO - === 通常処理開始: timeframe=MN ===
2026-06-15 23:12:40,941 - __main__ - INFO - DataEngine初期化: /workspace/data/XAUUSD/stratum_1_base/master_processed
2026-06-15 23:12:40,942 - __main__ - INFO - 一時ディレクトリ作成: /tmp/features_e1c_hdpbncog
2026-06-15 23:12:40,942 - __main__ - INFO - CalculationEngine初期化: e1c_
2026-06-15 23:12:40,948 - __main__ - INFO - OutputEngine初期化: /workspace/data/XAUUSD/stratum_2_features/feature_value_a_vast_universeC
2026-06-15 23:12:40,983 - __main__ - INFO - データサマリー: {'columns': ['timeframe', 'timestamp', 'open', 'high', 'low', 'close', 'volume', 'disc', 'log_return', 'rolling_volatility', 'rolling_avg_volume', 'price_direction', 'price_momentum', 'volume_ratio'], 'dtypes': {'timeframe': 'String', 'timestamp': "Datetime(time_unit='ns', time_zone=None)", 'open': 'Float64', 'high': 'Float64', 'low': 'Float64', 'close': 'Float64', 'volume': 'Int64', 'disc': 'Boolean', 'log_return': 'Float64', 'rolling_volatility': 'Float64', 'rolling_avg_volume': 'Float64', 'price_direction': 'Int8', 'price_momentum': 'Float64', 'volume_ratio': 'Float64'}, 'sample_rows': 4, 'memory_usage_mb': 0.00035572052001953125}
2026-06-15 23:12:40,990 - __main__ - INFO - グループ処理開始: group_1a_rsi_basic (4個の特徴量)
2026-06-15 23:12:40,990 - __main__ - INFO - グループ計算開始: group_1a_rsi_basic
2026-06-15 23:12:40,991 - __main__ - INFO - RSI特徴量計算開始
2026-06-15 23:12:40,991 - __main__ - INFO - RSI特徴量計算完了: 12個
2026-06-15 23:12:40,992 - __main__ - INFO - 品質保証システム適用開始 (EWMベース, timeframe=MN)
2026-06-15 23:12:40,992 - __main__ - INFO - 品質保証適用: 6個の特徴量 (timeframe=MN)
2026-06-15 23:12:40,993 - __main__ - INFO - 品質保証適用完了: 6列
2026-06-15 23:12:40,993 - __main__ - INFO - グループ計算完了: group_1a_rsi_basic - 6個の特徴量
2026-06-15 23:12:41,058 - __main__ - INFO - [Phase D-3] artifact 抽出完了 (engine_1_C): 6 features (group_1a_rsi_basic)
2026-06-15 23:12:41,102 - __main__ - INFO - グループ処理開始: group_1b_rsi_extended (4個の特徴量)
2026-06-15 23:12:41,102 - __main__ - INFO - グループ計算開始: group_1b_rsi_extended
2026-06-15 23:12:41,103 - __main__ - INFO - RSI特徴量計算開始
2026-06-15 23:12:41,104 - __main__ - INFO - RSI特徴量計算完了: 12個
2026-06-15 23:12:41,104 - __main__ - INFO - 品質保証システム適用開始 (EWMベース, timeframe=MN)
2026-06-15 23:12:41,105 - __main__ - INFO - 品質保証適用: 4個の特徴量 (timeframe=MN)
2026-06-15 23:12:41,105 - __main__ - INFO - 品質保証適用完了: 4列
2026-06-15 23:12:41,106 - __main__ - INFO - グループ計算完了: group_1b_rsi_extended - 4個の特徴量
2026-06-15 23:12:41,148 - __main__ - INFO - [Phase D-3] artifact 抽出完了 (engine_1_C): 4 features (group_1b_rsi_extended)
2026-06-15 23:12:41,191 - __main__ - INFO - グループ処理開始: group_1c_rsi_stochastic (2個の特徴量)
2026-06-15 23:12:41,192 - __main__ - INFO - グループ計算開始: group_1c_rsi_stochastic
2026-06-15 23:12:41,192 - __main__ - INFO - RSI特徴量計算開始
2026-06-15 23:12:41,193 - __main__ - INFO - RSI特徴量計算完了: 12個
2026-06-15 23:12:41,193 - __main__ - INFO - 品質保証システム適用開始 (EWMベース, timeframe=MN)
2026-06-15 23:12:41,194 - __main__ - INFO - 品質保証適用: 2個の特徴量 (timeframe=MN)
2026-06-15 23:12:41,194 - __main__ - INFO - 品質保証適用完了: 2列
2026-06-15 23:12:41,195 - __main__ - INFO - グループ計算完了: group_1c_rsi_stochastic - 2個の特徴量
2026-06-15 23:12:41,217 - __main__ - INFO - [Phase D-3] artifact 抽出完了 (engine_1_C): 2 features (group_1c_rsi_stochastic)
2026-06-15 23:12:41,261 - __main__ - INFO - グループ処理開始: group_1d_rsi_divergence (2個の特徴量)
2026-06-15 23:12:41,262 - __main__ - INFO - グループ計算開始: group_1d_rsi_divergence
2026-06-15 23:12:41,262 - __main__ - INFO - RSI特徴量計算開始
2026-06-15 23:12:41,263 - __main__ - INFO - RSI特徴量計算完了: 12個
2026-06-15 23:12:41,264 - __main__ - INFO - 品質保証システム適用開始 (EWMベース, timeframe=MN)
2026-06-15 23:12:41,264 - __main__ - INFO - 品質保証適用: 2個の特徴量 (timeframe=MN)
2026-06-15 23:12:41,265 - __main__ - INFO - 品質保証適用完了: 2列
2026-06-15 23:12:41,265 - __main__ - INFO - グループ計算完了: group_1d_rsi_divergence - 2個の特徴量
2026-06-15 23:12:41,291 - __main__ - INFO - [Phase D-3] artifact 抽出完了 (engine_1_C): 2 features (group_1d_rsi_divergence)
2026-06-15 23:12:41,331 - __main__ - INFO - グループ処理開始: group_2a_macd_standard (3個の特徴量)
2026-06-15 23:12:41,332 - __main__ - INFO - グループ計算開始: group_2a_macd_standard
2026-06-15 23:12:41,332 - __main__ - INFO - MACD特徴量計算開始
2026-06-15 23:12:41,333 - __main__ - INFO - MACD特徴量計算完了: 9個
2026-06-15 23:12:41,334 - __main__ - INFO - 品質保証システム適用開始 (EWMベース, timeframe=MN)
2026-06-15 23:12:41,334 - __main__ - INFO - 品質保証適用: 3個の特徴量 (timeframe=MN)
2026-06-15 23:12:41,335 - __main__ - INFO - 品質保証適用完了: 3列
2026-06-15 23:12:41,335 - __main__ - INFO - グループ計算完了: group_2a_macd_standard - 3個の特徴量
2026-06-15 23:12:41,368 - __main__ - INFO - [Phase D-3] artifact 抽出完了 (engine_1_C): 3 features (group_2a_macd_standard)
2026-06-15 23:12:41,410 - __main__ - INFO - グループ処理開始: group_2b_macd_variants (6個の特徴量)
2026-06-15 23:12:41,411 - __main__ - INFO - グループ計算開始: group_2b_macd_variants
2026-06-15 23:12:41,411 - __main__ - INFO - MACD特徴量計算開始
2026-06-15 23:12:41,412 - __main__ - INFO - MACD特徴量計算完了: 9個
2026-06-15 23:12:41,413 - __main__ - INFO - 品質保証システム適用開始 (EWMベース, timeframe=MN)
2026-06-15 23:12:41,413 - __main__ - INFO - 品質保証適用: 6個の特徴量 (timeframe=MN)
2026-06-15 23:12:41,414 - __main__ - INFO - 品質保証適用完了: 6列
2026-06-15 23:12:41,415 - __main__ - INFO - グループ計算完了: group_2b_macd_variants - 6個の特徴量
2026-06-15 23:12:41,476 - __main__ - INFO - [Phase D-3] artifact 抽出完了 (engine_1_C): 6 features (group_2b_macd_variants)
2026-06-15 23:12:41,518 - __main__ - INFO - グループ処理開始: group_3a_bb_20 (10個の特徴量)
2026-06-15 23:12:41,518 - __main__ - INFO - グループ計算開始: group_3a_bb_20
2026-06-15 23:12:41,519 - __main__ - INFO - ボリンジャーバンド特徴量計算開始
2026-06-15 23:12:41,520 - __main__ - INFO - ボリンジャーバンド特徴量計算完了: 54個
2026-06-15 23:12:41,522 - __main__ - INFO - 品質保証システム適用開始 (EWMベース, timeframe=MN)
2026-06-15 23:12:41,523 - __main__ - INFO - 品質保証適用: 14個の特徴量 (timeframe=MN)
2026-06-15 23:12:41,524 - __main__ - INFO - 品質保証適用完了: 14列
2026-06-15 23:12:41,525 - __main__ - INFO - グループ計算完了: group_3a_bb_20 - 16個の特徴量
2026-06-15 23:12:41,685 - __main__ - INFO - [Phase D-3] artifact 抽出完了 (engine_1_C): 14 features (group_3a_bb_20)
2026-06-15 23:12:41,729 - __main__ - INFO - グループ処理開始: group_3b_bb_30_50 (26個の特徴量)
2026-06-15 23:12:41,729 - __main__ - INFO - グループ計算開始: group_3b_bb_30_50
2026-06-15 23:12:41,730 - __main__ - INFO - ボリンジャーバンド特徴量計算開始
2026-06-15 23:12:41,731 - __main__ - INFO - ボリンジャーバンド特徴量計算完了: 54個
2026-06-15 23:12:41,733 - __main__ - INFO - 品質保証システム適用開始 (EWMベース, timeframe=MN)
2026-06-15 23:12:41,734 - __main__ - INFO - 品質保証適用: 30個の特徴量 (timeframe=MN)
2026-06-15 23:12:41,736 - __main__ - INFO - 品質保証適用完了: 30列
2026-06-15 23:12:41,737 - __main__ - INFO - グループ計算完了: group_3b_bb_30_50 - 38個の特徴量
2026-06-15 23:12:42,116 - __main__ - INFO - [Phase D-3] artifact 抽出完了 (engine_1_C): 30 features (group_3b_bb_30_50)
2026-06-15 23:12:42,159 - __main__ - INFO - グループ処理開始: group_3c_bb_variants (6個の特徴量)
2026-06-15 23:12:42,159 - __main__ - INFO - グループ計算開始: group_3c_bb_variants
2026-06-15 23:12:42,160 - __main__ - INFO - ボリンジャーバンド特徴量計算開始
2026-06-15 23:12:42,161 - __main__ - INFO - ボリンジャーバンド特徴量計算完了: 54個
2026-06-15 23:12:42,162 - __main__ - INFO - 品質保証システム適用開始 (EWMベース, timeframe=MN)
2026-06-15 23:12:42,163 - __main__ - INFO - 品質保証適用: 6個の特徴量 (timeframe=MN)
2026-06-15 23:12:42,164 - __main__ - INFO - 品質保証適用完了: 6列
2026-06-15 23:12:42,165 - __main__ - INFO - グループ計算完了: group_3c_bb_variants - 6個の特徴量
2026-06-15 23:12:42,228 - __main__ - INFO - [Phase D-3] artifact 抽出完了 (engine_1_C): 6 features (group_3c_bb_variants)
2026-06-15 23:12:42,271 - __main__ - INFO - グループ処理開始: group_4a_atr_basic (4個の特徴量)
2026-06-15 23:12:42,272 - __main__ - INFO - グループ計算開始: group_4a_atr_basic
2026-06-15 23:12:42,272 - __main__ - INFO - ATR特徴量計算開始
2026-06-15 23:12:42,273 - __main__ - INFO - ATR特徴量計算完了: 16個
2026-06-15 23:12:42,274 - __main__ - INFO - 品質保証システム適用開始 (EWMベース, timeframe=MN)
2026-06-15 23:12:42,274 - __main__ - INFO - 品質保証適用: 4個の特徴量 (timeframe=MN)
2026-06-15 23:12:42,275 - __main__ - INFO - 品質保証適用完了: 4列
2026-06-15 23:12:42,275 - __main__ - INFO - グループ計算完了: group_4a_atr_basic - 4個の特徴量
2026-06-15 23:12:42,316 - __main__ - INFO - [Phase D-3] artifact 抽出完了 (engine_1_C): 4 features (group_4a_atr_basic)
2026-06-15 23:12:42,359 - __main__ - INFO - グループ処理開始: group_4b_atr_extended (12個の特徴量)
2026-06-15 23:12:42,359 - __main__ - INFO - グループ計算開始: group_4b_atr_extended
2026-06-15 23:12:42,360 - __main__ - INFO - ATR特徴量計算開始
2026-06-15 23:12:42,360 - __main__ - INFO - ATR特徴量計算完了: 16個
2026-06-15 23:12:42,361 - __main__ - INFO - 品質保証システム適用開始 (EWMベース, timeframe=MN)
2026-06-15 23:12:42,362 - __main__ - INFO - 品質保証適用: 12個の特徴量 (timeframe=MN)
2026-06-15 23:12:42,363 - __main__ - INFO - 品質保証適用完了: 12列
2026-06-15 23:12:42,363 - __main__ - INFO - グループ計算完了: group_4b_atr_extended - 12個の特徴量
2026-06-15 23:12:42,481 - __main__ - INFO - [Phase D-3] artifact 抽出完了 (engine_1_C): 12 features (group_4b_atr_extended)
2026-06-15 23:12:42,524 - __main__ - INFO - グループ処理開始: group_5a_oscillators_basic (9個の特徴量)
2026-06-15 23:12:42,524 - __main__ - INFO - グループ計算開始: group_5a_oscillators_basic
2026-06-15 23:12:42,525 - __main__ - INFO - オシレーター特徴量計算開始
2026-06-15 23:12:42,525 - __main__ - INFO - オシレーター特徴量計算完了: 30個
2026-06-15 23:12:42,526 - __main__ - INFO - 品質保証システム適用開始 (EWMベース, timeframe=MN)
2026-06-15 23:12:42,527 - __main__ - INFO - 品質保証適用: 9個の特徴量 (timeframe=MN)
2026-06-15 23:12:42,528 - __main__ - INFO - 品質保証適用完了: 9列
2026-06-15 23:12:42,528 - __main__ - INFO - グループ計算完了: group_5a_oscillators_basic - 9個の特徴量
2026-06-15 23:12:42,618 - __main__ - INFO - [Phase D-3] artifact 抽出完了 (engine_1_C): 9 features (group_5a_oscillators_basic)
2026-06-15 23:12:42,662 - __main__ - INFO - グループ処理開始: group_5b_oscillators_extended (21個の特徴量)
2026-06-15 23:12:42,663 - __main__ - INFO - グループ計算開始: group_5b_oscillators_extended
2026-06-15 23:12:42,663 - __main__ - INFO - オシレーター特徴量計算開始
2026-06-15 23:12:42,664 - __main__ - INFO - オシレーター特徴量計算完了: 30個
2026-06-15 23:12:42,664 - __main__ - INFO - 品質保証システム適用開始 (EWMベース, timeframe=MN)
2026-06-15 23:12:42,665 - __main__ - INFO - 品質保証適用: 21個の特徴量 (timeframe=MN)
2026-06-15 23:12:42,667 - __main__ - INFO - 品質保証適用完了: 21列
2026-06-15 23:12:42,667 - __main__ - INFO - グループ計算完了: group_5b_oscillators_extended - 21個の特徴量
2026-06-15 23:12:42,886 - __main__ - INFO - [Phase D-3] artifact 抽出完了 (engine_1_C): 21 features (group_5b_oscillators_extended)
2026-06-15 23:12:42,929 - __main__ - INFO - グループ処理開始: group_6a_momentum_basic (8個の特徴量)
2026-06-15 23:12:42,930 - __main__ - INFO - グループ計算開始: group_6a_momentum_basic
2026-06-15 23:12:42,930 - __main__ - INFO - モメンタム特徴量計算開始
2026-06-15 23:12:42,931 - __main__ - INFO - モメンタム特徴量計算完了: 17個
2026-06-15 23:12:42,932 - __main__ - INFO - 品質保証システム適用開始 (EWMベース, timeframe=MN)
2026-06-15 23:12:42,932 - __main__ - INFO - 品質保証適用: 8個の特徴量 (timeframe=MN)
2026-06-15 23:12:42,933 - __main__ - INFO - 品質保証適用完了: 8列
2026-06-15 23:12:42,934 - __main__ - INFO - グループ計算完了: group_6a_momentum_basic - 8個の特徴量
2026-06-15 23:12:43,012 - __main__ - INFO - [Phase D-3] artifact 抽出完了 (engine_1_C): 8 features (group_6a_momentum_basic)
2026-06-15 23:12:43,056 - __main__ - INFO - グループ処理開始: group_6b_momentum_extended (9個の特徴量)
2026-06-15 23:12:43,056 - __main__ - INFO - グループ計算開始: group_6b_momentum_extended
2026-06-15 23:12:43,057 - __main__ - INFO - モメンタム特徴量計算開始
2026-06-15 23:12:43,057 - __main__ - INFO - モメンタム特徴量計算完了: 17個
2026-06-15 23:12:43,058 - __main__ - INFO - 品質保証システム適用開始 (EWMベース, timeframe=MN)
2026-06-15 23:12:43,059 - __main__ - INFO - 品質保証適用: 9個の特徴量 (timeframe=MN)
2026-06-15 23:12:43,060 - __main__ - INFO - 品質保証適用完了: 9列
2026-06-15 23:12:43,060 - __main__ - INFO - グループ計算完了: group_6b_momentum_extended - 9個の特徴量
2026-06-15 23:12:43,154 - __main__ - INFO - [Phase D-3] artifact 抽出完了 (engine_1_C): 9 features (group_6b_momentum_extended)
2026-06-15 23:12:43,201 - __main__ - INFO - グループ処理開始: group_7_moving_averages (15個の特徴量)
2026-06-15 23:12:43,202 - __main__ - INFO - グループ計算開始: group_7_moving_averages
2026-06-15 23:12:43,202 - __main__ - INFO - 移動平均線特徴量計算開始
2026-06-15 23:12:43,204 - __main__ - INFO - 移動平均線特徴量計算完了: 39個
2026-06-15 23:12:43,205 - __main__ - INFO - 品質保証システム適用開始 (EWMベース, timeframe=MN)
2026-06-15 23:12:43,205 - __main__ - INFO - 品質保証適用: 15個の特徴量 (timeframe=MN)
2026-06-15 23:12:43,207 - __main__ - INFO - 品質保証適用完了: 15列
2026-06-15 23:12:43,207 - __main__ - INFO - グループ計算完了: group_7_moving_averages - 19個の特徴量
2026-06-15 23:12:43,359 - __main__ - INFO - [Phase D-3] artifact 抽出完了 (engine_1_C): 15 features (group_7_moving_averages)
2026-06-15 23:12:43,401 - __main__ - INFO - グループ処理開始: group_8_advanced (14個の特徴量)
2026-06-15 23:12:43,401 - __main__ - INFO - グループ計算開始: group_8_advanced
2026-06-15 23:12:43,402 - __main__ - INFO - 高度な指標特徴量計算開始
2026-06-15 23:12:43,403 - __main__ - INFO - 高度な指標特徴量計算完了: 14個
2026-06-15 23:12:43,404 - __main__ - INFO - 品質保証システム適用開始 (EWMベース, timeframe=MN)
2026-06-15 23:12:43,405 - __main__ - INFO - 品質保証適用: 14個の特徴量 (timeframe=MN)
2026-06-15 23:12:43,406 - __main__ - INFO - 品質保証適用完了: 14列
2026-06-15 23:12:43,407 - __main__ - INFO - グループ計算完了: group_8_advanced - 15個の特徴量
2026-06-15 23:12:43,565 - __main__ - INFO - [Phase D-3] artifact 抽出完了 (engine_1_C): 14 features (group_8_advanced)
2026-06-15 23:12:43,609 - __main__ - INFO - グループ処理開始: group_9_moving_extended (24個の特徴量)
2026-06-15 23:12:43,609 - __main__ - INFO - グループ計算開始: group_9_moving_extended
2026-06-15 23:12:43,610 - __main__ - INFO - 移動平均線特徴量計算開始
2026-06-15 23:12:43,611 - __main__ - INFO - 移動平均線特徴量計算完了: 39個
2026-06-15 23:12:43,612 - __main__ - INFO - 品質保証システム適用開始 (EWMベース, timeframe=MN)
2026-06-15 23:12:43,613 - __main__ - INFO - 品質保証適用: 24個の特徴量 (timeframe=MN)
2026-06-15 23:12:43,615 - __main__ - INFO - 品質保証適用完了: 24列
2026-06-15 23:12:43,615 - __main__ - INFO - グループ計算完了: group_9_moving_extended - 30個の特徴量
2026-06-15 23:12:43,894 - __main__ - INFO - [Phase D-3] artifact 抽出完了 (engine_1_C): 24 features (group_9_moving_extended)
2026-06-15 23:12:43,938 - __main__ - INFO - 全グループ計算完了。ファイルの結合を開始します...
2026-06-15 23:12:44,632 - __main__ - INFO - NaN埋め処理完了: 184個の特徴量 (basic=7, ホワイトリスト方式)
2026-06-15 23:12:44,658 - __main__ - INFO - 保存完了: features_e1c_MN.parquet (0.06MB, 0.02秒)
2026-06-15 23:12:44,658 - __main__ - INFO - === 通常処理完了: MN - 3.72秒 ===
2026-06-15 23:12:44,685 - __main__ - INFO - [Phase D-3] QAState artifact 保存完了: /workspace/data/XAUUSD/stratum_3_artifacts/qa_states_v5/qa_state_e1c.pkl (2576 entries)
2026-06-18 18:12:14,947 - __main__ - INFO - 出力ディレクトリを作成: /workspace/data/XAUUSD/stratum_2_features/feature_value_a_vast_universeC
2026-06-18 18:12:14,948 - __main__ - INFO - DataEngine初期化: /workspace/data/XAUUSD/stratum_1_base/master_processed
2026-06-18 18:12:14,991 - __main__ - INFO - 検出されたタイムフレーム: 15個
2026-06-18 18:12:14,992 - __main__ - INFO - 並列処理スレッド数: 12
2026-06-18 18:12:14,992 - __main__ - INFO - === 通常処理開始: timeframe=M0.5 ===
2026-06-18 18:12:14,993 - __main__ - INFO - DataEngine初期化: /workspace/data/XAUUSD/stratum_1_base/master_processed
2026-06-18 18:12:14,994 - __main__ - INFO - 一時ディレクトリ作成: /tmp/features_e1c_cgmc6uls
2026-06-18 18:12:14,994 - __main__ - INFO - CalculationEngine初期化: e1c_
2026-06-18 18:12:14,998 - __main__ - INFO - OutputEngine初期化: /workspace/data/XAUUSD/stratum_2_features/feature_value_a_vast_universeC
2026-06-18 18:12:15,095 - __main__ - INFO - データサマリー: {'columns': ['timeframe', 'timestamp', 'open', 'high', 'low', 'close', 'volume', 'disc', 'log_return', 'rolling_volatility', 'rolling_avg_volume', 'price_direction', 'price_momentum', 'volume_ratio'], 'dtypes': {'timeframe': 'String', 'timestamp': "Datetime(time_unit='ns', time_zone=None)", 'open': 'Float64', 'high': 'Float64', 'low': 'Float64', 'close': 'Float64', 'volume': 'Int64', 'disc': 'Boolean', 'log_return': 'Float64', 'rolling_volatility': 'Float64', 'rolling_avg_volume': 'Float64', 'price_direction': 'Int8', 'price_momentum': 'Float64', 'volume_ratio': 'Float64'}, 'sample_rows': 1000, 'memory_usage_mb': 0.0850687026977539}
2026-06-18 18:12:15,171 - __main__ - INFO - グループ処理開始: group_1a_rsi_basic (4個の特徴量)
2026-06-18 18:12:15,172 - __main__ - INFO - グループ計算開始: group_1a_rsi_basic
2026-06-18 18:12:15,172 - __main__ - INFO - RSI特徴量計算開始
2026-06-18 18:12:15,173 - __main__ - INFO - RSI特徴量計算完了: 12個
2026-06-18 18:12:15,173 - __main__ - INFO - 品質保証システム適用開始 (EWMベース, timeframe=M0.5)
2026-06-18 18:12:15,173 - __main__ - INFO - 品質保証適用: 6個の特徴量 (timeframe=M0.5)
2026-06-18 18:12:15,174 - __main__ - INFO - 品質保証適用完了: 6列
2026-06-18 18:12:15,175 - __main__ - INFO - グループ計算完了: group_1a_rsi_basic - 6個の特徴量
2026-06-18 18:12:16,102 - __main__ - INFO - [Phase D-3] artifact 抽出完了 (engine_1_C): 6 features (group_1a_rsi_basic)
2026-06-18 18:12:16,174 - __main__ - INFO - グループ処理開始: group_1b_rsi_extended (4個の特徴量)
2026-06-18 18:12:16,175 - __main__ - INFO - グループ計算開始: group_1b_rsi_extended
2026-06-18 18:12:16,175 - __main__ - INFO - RSI特徴量計算開始
2026-06-18 18:12:16,176 - __main__ - INFO - RSI特徴量計算完了: 12個
2026-06-18 18:12:16,177 - __main__ - INFO - 品質保証システム適用開始 (EWMベース, timeframe=M0.5)
2026-06-18 18:12:16,177 - __main__ - INFO - 品質保証適用: 4個の特徴量 (timeframe=M0.5)
2026-06-18 18:12:16,178 - __main__ - INFO - 品質保証適用完了: 4列
2026-06-18 18:12:16,178 - __main__ - INFO - グループ計算完了: group_1b_rsi_extended - 4個の特徴量
2026-06-18 18:12:16,678 - __main__ - INFO - [Phase D-3] artifact 抽出完了 (engine_1_C): 4 features (group_1b_rsi_extended)
2026-06-18 18:12:16,746 - __main__ - INFO - グループ処理開始: group_1c_rsi_stochastic (2個の特徴量)
2026-06-18 18:12:16,747 - __main__ - INFO - グループ計算開始: group_1c_rsi_stochastic
2026-06-18 18:12:16,747 - __main__ - INFO - RSI特徴量計算開始
2026-06-18 18:12:16,748 - __main__ - INFO - RSI特徴量計算完了: 12個
2026-06-18 18:12:16,749 - __main__ - INFO - 品質保証システム適用開始 (EWMベース, timeframe=M0.5)
2026-06-18 18:12:16,749 - __main__ - INFO - 品質保証適用: 2個の特徴量 (timeframe=M0.5)
2026-06-18 18:12:16,750 - __main__ - INFO - 品質保証適用完了: 2列
2026-06-18 18:12:16,750 - __main__ - INFO - グループ計算完了: group_1c_rsi_stochastic - 2個の特徴量
2026-06-18 18:12:17,019 - __main__ - INFO - [Phase D-3] artifact 抽出完了 (engine_1_C): 2 features (group_1c_rsi_stochastic)
2026-06-18 18:12:17,088 - __main__ - INFO - グループ処理開始: group_1d_rsi_divergence (2個の特徴量)
2026-06-18 18:12:17,089 - __main__ - INFO - グループ計算開始: group_1d_rsi_divergence
2026-06-18 18:12:17,089 - __main__ - INFO - RSI特徴量計算開始
2026-06-18 18:12:17,090 - __main__ - INFO - RSI特徴量計算完了: 12個
2026-06-18 18:12:17,090 - __main__ - INFO - 品質保証システム適用開始 (EWMベース, timeframe=M0.5)
2026-06-18 18:12:17,091 - __main__ - INFO - 品質保証適用: 2個の特徴量 (timeframe=M0.5)
2026-06-18 18:12:17,091 - __main__ - INFO - 品質保証適用完了: 2列
2026-06-18 18:12:17,092 - __main__ - INFO - グループ計算完了: group_1d_rsi_divergence - 2個の特徴量
2026-06-18 18:12:17,348 - __main__ - INFO - [Phase D-3] artifact 抽出完了 (engine_1_C): 2 features (group_1d_rsi_divergence)
2026-06-18 18:12:17,418 - __main__ - INFO - グループ処理開始: group_2a_macd_standard (3個の特徴量)
2026-06-18 18:12:17,418 - __main__ - INFO - グループ計算開始: group_2a_macd_standard
2026-06-18 18:12:17,419 - __main__ - INFO - MACD特徴量計算開始
2026-06-18 18:12:17,419 - __main__ - INFO - MACD特徴量計算完了: 9個
2026-06-18 18:12:17,420 - __main__ - INFO - 品質保証システム適用開始 (EWMベース, timeframe=M0.5)
2026-06-18 18:12:17,420 - __main__ - INFO - 品質保証適用: 3個の特徴量 (timeframe=M0.5)
2026-06-18 18:12:17,421 - __main__ - INFO - 品質保証適用完了: 3列
2026-06-18 18:12:17,421 - __main__ - INFO - グループ計算完了: group_2a_macd_standard - 3個の特徴量
2026-06-18 18:12:17,812 - __main__ - INFO - [Phase D-3] artifact 抽出完了 (engine_1_C): 3 features (group_2a_macd_standard)
2026-06-18 18:12:17,882 - __main__ - INFO - グループ処理開始: group_2b_macd_variants (6個の特徴量)
2026-06-18 18:12:17,882 - __main__ - INFO - グループ計算開始: group_2b_macd_variants
2026-06-18 18:12:17,883 - __main__ - INFO - MACD特徴量計算開始
2026-06-18 18:12:17,883 - __main__ - INFO - MACD特徴量計算完了: 9個
2026-06-18 18:12:17,884 - __main__ - INFO - 品質保証システム適用開始 (EWMベース, timeframe=M0.5)
2026-06-18 18:12:17,884 - __main__ - INFO - 品質保証適用: 6個の特徴量 (timeframe=M0.5)
2026-06-18 18:12:17,885 - __main__ - INFO - 品質保証適用完了: 6列
2026-06-18 18:12:17,886 - __main__ - INFO - グループ計算完了: group_2b_macd_variants - 6個の特徴量
2026-06-18 18:12:18,537 - __main__ - INFO - [Phase D-3] artifact 抽出完了 (engine_1_C): 6 features (group_2b_macd_variants)
2026-06-18 18:12:18,604 - __main__ - INFO - グループ処理開始: group_3a_bb_20 (10個の特徴量)
2026-06-18 18:12:18,604 - __main__ - INFO - グループ計算開始: group_3a_bb_20
2026-06-18 18:12:18,605 - __main__ - INFO - ボリンジャーバンド特徴量計算開始
2026-06-18 18:12:18,606 - __main__ - INFO - ボリンジャーバンド特徴量計算完了: 54個
2026-06-18 18:12:18,608 - __main__ - INFO - 品質保証システム適用開始 (EWMベース, timeframe=M0.5)
2026-06-18 18:12:18,609 - __main__ - INFO - 品質保証適用: 14個の特徴量 (timeframe=M0.5)
2026-06-18 18:12:18,610 - __main__ - INFO - 品質保証適用完了: 14列
2026-06-18 18:12:18,611 - __main__ - INFO - グループ計算完了: group_3a_bb_20 - 16個の特徴量
2026-06-18 18:12:20,729 - __main__ - INFO - [Phase D-3] artifact 抽出完了 (engine_1_C): 14 features (group_3a_bb_20)
2026-06-18 18:12:20,808 - __main__ - INFO - グループ処理開始: group_3b_bb_30_50 (26個の特徴量)
2026-06-18 18:12:20,809 - __main__ - INFO - グループ計算開始: group_3b_bb_30_50
2026-06-18 18:12:20,810 - __main__ - INFO - ボリンジャーバンド特徴量計算開始
2026-06-18 18:12:20,811 - __main__ - INFO - ボリンジャーバンド特徴量計算完了: 54個
2026-06-18 18:12:20,812 - __main__ - INFO - 品質保証システム適用開始 (EWMベース, timeframe=M0.5)
2026-06-18 18:12:20,814 - __main__ - INFO - 品質保証適用: 30個の特徴量 (timeframe=M0.5)
2026-06-18 18:12:20,816 - __main__ - INFO - 品質保証適用完了: 30列
2026-06-18 18:12:20,816 - __main__ - INFO - グループ計算完了: group_3b_bb_30_50 - 38個の特徴量
2026-06-18 18:12:26,146 - __main__ - INFO - [Phase D-3] artifact 抽出完了 (engine_1_C): 30 features (group_3b_bb_30_50)
2026-06-18 18:12:26,270 - __main__ - INFO - グループ処理開始: group_3c_bb_variants (6個の特徴量)
2026-06-18 18:12:26,271 - __main__ - INFO - グループ計算開始: group_3c_bb_variants
2026-06-18 18:12:26,271 - __main__ - INFO - ボリンジャーバンド特徴量計算開始
2026-06-18 18:12:26,272 - __main__ - INFO - ボリンジャーバンド特徴量計算完了: 54個
2026-06-18 18:12:26,274 - __main__ - INFO - 品質保証システム適用開始 (EWMベース, timeframe=M0.5)
2026-06-18 18:12:26,275 - __main__ - INFO - 品質保証適用: 6個の特徴量 (timeframe=M0.5)
2026-06-18 18:12:26,276 - __main__ - INFO - 品質保証適用完了: 6列
2026-06-18 18:12:26,276 - __main__ - INFO - グループ計算完了: group_3c_bb_variants - 6個の特徴量
2026-06-18 18:12:27,113 - __main__ - INFO - [Phase D-3] artifact 抽出完了 (engine_1_C): 6 features (group_3c_bb_variants)
2026-06-18 18:12:27,195 - __main__ - INFO - グループ処理開始: group_4a_atr_basic (4個の特徴量)
2026-06-18 18:12:27,195 - __main__ - INFO - グループ計算開始: group_4a_atr_basic
2026-06-18 18:12:27,196 - __main__ - INFO - ATR特徴量計算開始
2026-06-18 18:12:27,197 - __main__ - INFO - ATR特徴量計算完了: 16個
2026-06-18 18:12:27,197 - __main__ - INFO - 品質保証システム適用開始 (EWMベース, timeframe=M0.5)
2026-06-18 18:12:27,198 - __main__ - INFO - 品質保証適用: 4個の特徴量 (timeframe=M0.5)
2026-06-18 18:12:27,199 - __main__ - INFO - 品質保証適用完了: 4列
2026-06-18 18:12:27,199 - __main__ - INFO - グループ計算完了: group_4a_atr_basic - 4個の特徴量
2026-06-18 18:12:27,679 - __main__ - INFO - [Phase D-3] artifact 抽出完了 (engine_1_C): 4 features (group_4a_atr_basic)
2026-06-18 18:12:27,753 - __main__ - INFO - グループ処理開始: group_4b_atr_extended (12個の特徴量)
2026-06-18 18:12:27,753 - __main__ - INFO - グループ計算開始: group_4b_atr_extended
2026-06-18 18:12:27,754 - __main__ - INFO - ATR特徴量計算開始
2026-06-18 18:12:27,754 - __main__ - INFO - ATR特徴量計算完了: 16個
2026-06-18 18:12:27,755 - __main__ - INFO - 品質保証システム適用開始 (EWMベース, timeframe=M0.5)
2026-06-18 18:12:27,756 - __main__ - INFO - 品質保証適用: 12個の特徴量 (timeframe=M0.5)
2026-06-18 18:12:27,758 - __main__ - INFO - 品質保証適用完了: 12列
2026-06-18 18:12:27,759 - __main__ - INFO - グループ計算完了: group_4b_atr_extended - 12個の特徴量
2026-06-18 18:12:29,245 - __main__ - INFO - [Phase D-3] artifact 抽出完了 (engine_1_C): 12 features (group_4b_atr_extended)
2026-06-18 18:12:29,324 - __main__ - INFO - グループ処理開始: group_5a_oscillators_basic (9個の特徴量)
2026-06-18 18:12:29,324 - __main__ - INFO - グループ計算開始: group_5a_oscillators_basic
2026-06-18 18:12:29,325 - __main__ - INFO - オシレーター特徴量計算開始
2026-06-18 18:12:29,325 - __main__ - INFO - オシレーター特徴量計算完了: 30個
2026-06-18 18:12:29,326 - __main__ - INFO - 品質保証システム適用開始 (EWMベース, timeframe=M0.5)
2026-06-18 18:12:29,327 - __main__ - INFO - 品質保証適用: 9個の特徴量 (timeframe=M0.5)
2026-06-18 18:12:29,328 - __main__ - INFO - 品質保証適用完了: 9列
2026-06-18 18:12:29,328 - __main__ - INFO - グループ計算完了: group_5a_oscillators_basic - 9個の特徴量
2026-06-18 18:12:30,535 - __main__ - INFO - [Phase D-3] artifact 抽出完了 (engine_1_C): 9 features (group_5a_oscillators_basic)
2026-06-18 18:12:30,616 - __main__ - INFO - グループ処理開始: group_5b_oscillators_extended (21個の特徴量)
2026-06-18 18:12:30,617 - __main__ - INFO - グループ計算開始: group_5b_oscillators_extended
2026-06-18 18:12:30,617 - __main__ - INFO - オシレーター特徴量計算開始
2026-06-18 18:12:30,618 - __main__ - INFO - オシレーター特徴量計算完了: 30個
2026-06-18 18:12:30,619 - __main__ - INFO - 品質保証システム適用開始 (EWMベース, timeframe=M0.5)
2026-06-18 18:12:30,619 - __main__ - INFO - 品質保証適用: 21個の特徴量 (timeframe=M0.5)
2026-06-18 18:12:30,621 - __main__ - INFO - 品質保証適用完了: 21列
2026-06-18 18:12:30,621 - __main__ - INFO - グループ計算完了: group_5b_oscillators_extended - 21個の特徴量
2026-06-18 18:12:33,287 - __main__ - INFO - [Phase D-3] artifact 抽出完了 (engine_1_C): 21 features (group_5b_oscillators_extended)
2026-06-18 18:12:33,380 - __main__ - INFO - グループ処理開始: group_6a_momentum_basic (8個の特徴量)
2026-06-18 18:12:33,380 - __main__ - INFO - グループ計算開始: group_6a_momentum_basic
2026-06-18 18:12:33,380 - __main__ - INFO - モメンタム特徴量計算開始
2026-06-18 18:12:33,381 - __main__ - INFO - モメンタム特徴量計算完了: 17個
2026-06-18 18:12:33,382 - __main__ - INFO - 品質保証システム適用開始 (EWMベース, timeframe=M0.5)
2026-06-18 18:12:33,382 - __main__ - INFO - 品質保証適用: 8個の特徴量 (timeframe=M0.5)
2026-06-18 18:12:33,383 - __main__ - INFO - 品質保証適用完了: 8列
2026-06-18 18:12:33,383 - __main__ - INFO - グループ計算完了: group_6a_momentum_basic - 8個の特徴量
2026-06-18 18:12:34,382 - __main__ - INFO - [Phase D-3] artifact 抽出完了 (engine_1_C): 8 features (group_6a_momentum_basic)
2026-06-18 18:12:34,465 - __main__ - INFO - グループ処理開始: group_6b_momentum_extended (9個の特徴量)
2026-06-18 18:12:34,466 - __main__ - INFO - グループ計算開始: group_6b_momentum_extended
2026-06-18 18:12:34,467 - __main__ - INFO - モメンタム特徴量計算開始
2026-06-18 18:12:34,467 - __main__ - INFO - モメンタム特徴量計算完了: 17個
2026-06-18 18:12:34,468 - __main__ - INFO - 品質保証システム適用開始 (EWMベース, timeframe=M0.5)
2026-06-18 18:12:34,469 - __main__ - INFO - 品質保証適用: 9個の特徴量 (timeframe=M0.5)
2026-06-18 18:12:34,470 - __main__ - INFO - 品質保証適用完了: 9列
2026-06-18 18:12:34,470 - __main__ - INFO - グループ計算完了: group_6b_momentum_extended - 9個の特徴量
2026-06-18 18:12:35,687 - __main__ - INFO - [Phase D-3] artifact 抽出完了 (engine_1_C): 9 features (group_6b_momentum_extended)
2026-06-18 18:12:35,776 - __main__ - INFO - グループ処理開始: group_7_moving_averages (15個の特徴量)
2026-06-18 18:12:35,776 - __main__ - INFO - グループ計算開始: group_7_moving_averages
2026-06-18 18:12:35,777 - __main__ - INFO - 移動平均線特徴量計算開始
2026-06-18 18:12:35,778 - __main__ - INFO - 移動平均線特徴量計算完了: 39個
2026-06-18 18:12:35,780 - __main__ - INFO - 品質保証システム適用開始 (EWMベース, timeframe=M0.5)
2026-06-18 18:12:35,780 - __main__ - INFO - 品質保証適用: 15個の特徴量 (timeframe=M0.5)
2026-06-18 18:12:35,782 - __main__ - INFO - 品質保証適用完了: 15列
2026-06-18 18:12:35,782 - __main__ - INFO - グループ計算完了: group_7_moving_averages - 19個の特徴量
2026-06-18 18:12:37,739 - __main__ - INFO - [Phase D-3] artifact 抽出完了 (engine_1_C): 15 features (group_7_moving_averages)
2026-06-18 18:12:37,825 - __main__ - INFO - グループ処理開始: group_8_advanced (14個の特徴量)
2026-06-18 18:12:37,826 - __main__ - INFO - グループ計算開始: group_8_advanced
2026-06-18 18:12:37,826 - __main__ - INFO - 高度な指標特徴量計算開始
2026-06-18 18:12:37,827 - __main__ - INFO - 高度な指標特徴量計算完了: 14個
2026-06-18 18:12:37,828 - __main__ - INFO - 品質保証システム適用開始 (EWMベース, timeframe=M0.5)
2026-06-18 18:12:37,829 - __main__ - INFO - 品質保証適用: 14個の特徴量 (timeframe=M0.5)
2026-06-18 18:12:37,831 - __main__ - INFO - 品質保証適用完了: 14列
2026-06-18 18:12:37,832 - __main__ - INFO - グループ計算完了: group_8_advanced - 15個の特徴量
2026-06-18 18:12:39,696 - __main__ - INFO - [Phase D-3] artifact 抽出完了 (engine_1_C): 14 features (group_8_advanced)
2026-06-18 18:12:39,784 - __main__ - INFO - グループ処理開始: group_9_moving_extended (24個の特徴量)
2026-06-18 18:12:39,785 - __main__ - INFO - グループ計算開始: group_9_moving_extended
2026-06-18 18:12:39,785 - __main__ - INFO - 移動平均線特徴量計算開始
2026-06-18 18:12:39,787 - __main__ - INFO - 移動平均線特徴量計算完了: 39個
2026-06-18 18:12:39,788 - __main__ - INFO - 品質保証システム適用開始 (EWMベース, timeframe=M0.5)
2026-06-18 18:12:39,789 - __main__ - INFO - 品質保証適用: 24個の特徴量 (timeframe=M0.5)
2026-06-18 18:12:39,791 - __main__ - INFO - 品質保証適用完了: 24列
2026-06-18 18:12:39,791 - __main__ - INFO - グループ計算完了: group_9_moving_extended - 30個の特徴量
2026-06-18 18:12:42,959 - __main__ - INFO - [Phase D-3] artifact 抽出完了 (engine_1_C): 24 features (group_9_moving_extended)
2026-06-18 18:12:43,058 - __main__ - INFO - 全グループ計算完了。ファイルの結合を開始します...
2026-06-18 18:12:44,143 - __main__ - INFO - NaN埋め処理完了: 184個の特徴量 (basic=7, ホワイトリスト方式)
2026-06-18 18:12:45,357 - __main__ - INFO - 保存完了: features_e1c_M0.5.parquet (210.39MB, 1.21秒)
2026-06-18 18:12:45,357 - __main__ - INFO - === 通常処理完了: M0.5 - 30.36秒 ===
2026-06-18 18:12:45,359 - __main__ - INFO - === 通常処理開始: timeframe=M1 ===
2026-06-18 18:12:45,359 - __main__ - INFO - DataEngine初期化: /workspace/data/XAUUSD/stratum_1_base/master_processed
2026-06-18 18:12:45,360 - __main__ - INFO - 一時ディレクトリ作成: /tmp/features_e1c_sirnvy0n
2026-06-18 18:12:45,361 - __main__ - INFO - CalculationEngine初期化: e1c_
2026-06-18 18:12:45,366 - __main__ - INFO - OutputEngine初期化: /workspace/data/XAUUSD/stratum_2_features/feature_value_a_vast_universeC
2026-06-18 18:12:45,428 - __main__ - INFO - データサマリー: {'columns': ['timeframe', 'timestamp', 'open', 'high', 'low', 'close', 'volume', 'disc', 'log_return', 'rolling_volatility', 'rolling_avg_volume', 'price_direction', 'price_momentum', 'volume_ratio'], 'dtypes': {'timeframe': 'String', 'timestamp': "Datetime(time_unit='ns', time_zone=None)", 'open': 'Float64', 'high': 'Float64', 'low': 'Float64', 'close': 'Float64', 'volume': 'Int64', 'disc': 'Boolean', 'log_return': 'Float64', 'rolling_volatility': 'Float64', 'rolling_avg_volume': 'Float64', 'price_direction': 'Int8', 'price_momentum': 'Float64', 'volume_ratio': 'Float64'}, 'sample_rows': 1000, 'memory_usage_mb': 0.08504581451416016}
2026-06-18 18:12:45,472 - __main__ - INFO - グループ処理開始: group_1a_rsi_basic (4個の特徴量)
2026-06-18 18:12:45,472 - __main__ - INFO - グループ計算開始: group_1a_rsi_basic
2026-06-18 18:12:45,472 - __main__ - INFO - RSI特徴量計算開始
2026-06-18 18:12:45,473 - __main__ - INFO - RSI特徴量計算完了: 12個
2026-06-18 18:12:45,473 - __main__ - INFO - 品質保証システム適用開始 (EWMベース, timeframe=M1)
2026-06-18 18:12:45,474 - __main__ - INFO - 品質保証適用: 6個の特徴量 (timeframe=M1)
2026-06-18 18:12:45,475 - __main__ - INFO - 品質保証適用完了: 6列
2026-06-18 18:12:45,475 - __main__ - INFO - グループ計算完了: group_1a_rsi_basic - 6個の特徴量
2026-06-18 18:12:45,905 - __main__ - INFO - [Phase D-3] artifact 抽出完了 (engine_1_C): 6 features (group_1a_rsi_basic)
2026-06-18 18:12:45,964 - __main__ - INFO - グループ処理開始: group_1b_rsi_extended (4個の特徴量)
2026-06-18 18:12:45,964 - __main__ - INFO - グループ計算開始: group_1b_rsi_extended
2026-06-18 18:12:45,965 - __main__ - INFO - RSI特徴量計算開始
2026-06-18 18:12:45,966 - __main__ - INFO - RSI特徴量計算完了: 12個
2026-06-18 18:12:45,966 - __main__ - INFO - 品質保証システム適用開始 (EWMベース, timeframe=M1)
2026-06-18 18:12:45,967 - __main__ - INFO - 品質保証適用: 4個の特徴量 (timeframe=M1)
2026-06-18 18:12:45,967 - __main__ - INFO - 品質保証適用完了: 4列
2026-06-18 18:12:45,968 - __main__ - INFO - グループ計算完了: group_1b_rsi_extended - 4個の特徴量
2026-06-18 18:12:46,244 - __main__ - INFO - [Phase D-3] artifact 抽出完了 (engine_1_C): 4 features (group_1b_rsi_extended)
2026-06-18 18:12:46,298 - __main__ - INFO - グループ処理開始: group_1c_rsi_stochastic (2個の特徴量)
2026-06-18 18:12:46,299 - __main__ - INFO - グループ計算開始: group_1c_rsi_stochastic
2026-06-18 18:12:46,299 - __main__ - INFO - RSI特徴量計算開始
2026-06-18 18:12:46,300 - __main__ - INFO - RSI特徴量計算完了: 12個
2026-06-18 18:12:46,301 - __main__ - INFO - 品質保証システム適用開始 (EWMベース, timeframe=M1)
2026-06-18 18:12:46,301 - __main__ - INFO - 品質保証適用: 2個の特徴量 (timeframe=M1)
2026-06-18 18:12:46,302 - __main__ - INFO - 品質保証適用完了: 2列
2026-06-18 18:12:46,302 - __main__ - INFO - グループ計算完了: group_1c_rsi_stochastic - 2個の特徴量
2026-06-18 18:12:46,450 - __main__ - INFO - [Phase D-3] artifact 抽出完了 (engine_1_C): 2 features (group_1c_rsi_stochastic)
2026-06-18 18:12:46,503 - __main__ - INFO - グループ処理開始: group_1d_rsi_divergence (2個の特徴量)
2026-06-18 18:12:46,504 - __main__ - INFO - グループ計算開始: group_1d_rsi_divergence
2026-06-18 18:12:46,504 - __main__ - INFO - RSI特徴量計算開始
2026-06-18 18:12:46,505 - __main__ - INFO - RSI特徴量計算完了: 12個
2026-06-18 18:12:46,505 - __main__ - INFO - 品質保証システム適用開始 (EWMベース, timeframe=M1)
2026-06-18 18:12:46,506 - __main__ - INFO - 品質保証適用: 2個の特徴量 (timeframe=M1)
2026-06-18 18:12:46,506 - __main__ - INFO - 品質保証適用完了: 2列
2026-06-18 18:12:46,507 - __main__ - INFO - グループ計算完了: group_1d_rsi_divergence - 2個の特徴量
2026-06-18 18:12:46,651 - __main__ - INFO - [Phase D-3] artifact 抽出完了 (engine_1_C): 2 features (group_1d_rsi_divergence)
2026-06-18 18:12:46,705 - __main__ - INFO - グループ処理開始: group_2a_macd_standard (3個の特徴量)
2026-06-18 18:12:46,705 - __main__ - INFO - グループ計算開始: group_2a_macd_standard
2026-06-18 18:12:46,706 - __main__ - INFO - MACD特徴量計算開始
2026-06-18 18:12:46,706 - __main__ - INFO - MACD特徴量計算完了: 9個
2026-06-18 18:12:46,707 - __main__ - INFO - 品質保証システム適用開始 (EWMベース, timeframe=M1)
2026-06-18 18:12:46,707 - __main__ - INFO - 品質保証適用: 3個の特徴量 (timeframe=M1)
2026-06-18 18:12:46,708 - __main__ - INFO - 品質保証適用完了: 3列
2026-06-18 18:12:46,708 - __main__ - INFO - グループ計算完了: group_2a_macd_standard - 3個の特徴量
2026-06-18 18:12:46,890 - __main__ - INFO - [Phase D-3] artifact 抽出完了 (engine_1_C): 3 features (group_2a_macd_standard)
2026-06-18 18:12:46,948 - __main__ - INFO - グループ処理開始: group_2b_macd_variants (6個の特徴量)
2026-06-18 18:12:46,949 - __main__ - INFO - グループ計算開始: group_2b_macd_variants
2026-06-18 18:12:46,950 - __main__ - INFO - MACD特徴量計算開始
2026-06-18 18:12:46,951 - __main__ - INFO - MACD特徴量計算完了: 9個
2026-06-18 18:12:46,952 - __main__ - INFO - 品質保証システム適用開始 (EWMベース, timeframe=M1)
2026-06-18 18:12:46,952 - __main__ - INFO - 品質保証適用: 6個の特徴量 (timeframe=M1)
2026-06-18 18:12:46,953 - __main__ - INFO - 品質保証適用完了: 6列
2026-06-18 18:12:46,953 - __main__ - INFO - グループ計算完了: group_2b_macd_variants - 6個の特徴量
2026-06-18 18:12:47,320 - __main__ - INFO - [Phase D-3] artifact 抽出完了 (engine_1_C): 6 features (group_2b_macd_variants)
2026-06-18 18:12:47,378 - __main__ - INFO - グループ処理開始: group_3a_bb_20 (10個の特徴量)
2026-06-18 18:12:47,379 - __main__ - INFO - グループ計算開始: group_3a_bb_20
2026-06-18 18:12:47,379 - __main__ - INFO - ボリンジャーバンド特徴量計算開始
2026-06-18 18:12:47,380 - __main__ - INFO - ボリンジャーバンド特徴量計算完了: 54個
2026-06-18 18:12:47,382 - __main__ - INFO - 品質保証システム適用開始 (EWMベース, timeframe=M1)
2026-06-18 18:12:47,383 - __main__ - INFO - 品質保証適用: 14個の特徴量 (timeframe=M1)
2026-06-18 18:12:47,384 - __main__ - INFO - 品質保証適用完了: 14列
2026-06-18 18:12:47,385 - __main__ - INFO - グループ計算完了: group_3a_bb_20 - 16個の特徴量
2026-06-18 18:12:48,456 - __main__ - INFO - [Phase D-3] artifact 抽出完了 (engine_1_C): 14 features (group_3a_bb_20)
2026-06-18 18:12:48,517 - __main__ - INFO - グループ処理開始: group_3b_bb_30_50 (26個の特徴量)
2026-06-18 18:12:48,517 - __main__ - INFO - グループ計算開始: group_3b_bb_30_50
2026-06-18 18:12:48,518 - __main__ - INFO - ボリンジャーバンド特徴量計算開始
2026-06-18 18:12:48,519 - __main__ - INFO - ボリンジャーバンド特徴量計算完了: 54個
2026-06-18 18:12:48,521 - __main__ - INFO - 品質保証システム適用開始 (EWMベース, timeframe=M1)
2026-06-18 18:12:48,522 - __main__ - INFO - 品質保証適用: 30個の特徴量 (timeframe=M1)
2026-06-18 18:12:48,524 - __main__ - INFO - 品質保証適用完了: 30列
2026-06-18 18:12:48,524 - __main__ - INFO - グループ計算完了: group_3b_bb_30_50 - 38個の特徴量
2026-06-18 18:12:51,058 - __main__ - INFO - [Phase D-3] artifact 抽出完了 (engine_1_C): 30 features (group_3b_bb_30_50)
2026-06-18 18:12:51,128 - __main__ - INFO - グループ処理開始: group_3c_bb_variants (6個の特徴量)
2026-06-18 18:12:51,128 - __main__ - INFO - グループ計算開始: group_3c_bb_variants
2026-06-18 18:12:51,129 - __main__ - INFO - ボリンジャーバンド特徴量計算開始
2026-06-18 18:12:51,130 - __main__ - INFO - ボリンジャーバンド特徴量計算完了: 54個
2026-06-18 18:12:51,131 - __main__ - INFO - 品質保証システム適用開始 (EWMベース, timeframe=M1)
2026-06-18 18:12:51,133 - __main__ - INFO - 品質保証適用: 6個の特徴量 (timeframe=M1)
2026-06-18 18:12:51,133 - __main__ - INFO - 品質保証適用完了: 6列
2026-06-18 18:12:51,134 - __main__ - INFO - グループ計算完了: group_3c_bb_variants - 6個の特徴量
2026-06-18 18:12:51,580 - __main__ - INFO - [Phase D-3] artifact 抽出完了 (engine_1_C): 6 features (group_3c_bb_variants)
2026-06-18 18:12:51,640 - __main__ - INFO - グループ処理開始: group_4a_atr_basic (4個の特徴量)
2026-06-18 18:12:51,640 - __main__ - INFO - グループ計算開始: group_4a_atr_basic
2026-06-18 18:12:51,641 - __main__ - INFO - ATR特徴量計算開始
2026-06-18 18:12:51,642 - __main__ - INFO - ATR特徴量計算完了: 16個
2026-06-18 18:12:51,643 - __main__ - INFO - 品質保証システム適用開始 (EWMベース, timeframe=M1)
2026-06-18 18:12:51,644 - __main__ - INFO - 品質保証適用: 4個の特徴量 (timeframe=M1)
2026-06-18 18:12:51,645 - __main__ - INFO - 品質保証適用完了: 4列
2026-06-18 18:12:51,645 - __main__ - INFO - グループ計算完了: group_4a_atr_basic - 4個の特徴量
2026-06-18 18:12:51,887 - __main__ - INFO - [Phase D-3] artifact 抽出完了 (engine_1_C): 4 features (group_4a_atr_basic)
2026-06-18 18:12:51,939 - __main__ - INFO - グループ処理開始: group_4b_atr_extended (12個の特徴量)
2026-06-18 18:12:51,940 - __main__ - INFO - グループ計算開始: group_4b_atr_extended
2026-06-18 18:12:51,940 - __main__ - INFO - ATR特徴量計算開始
2026-06-18 18:12:51,941 - __main__ - INFO - ATR特徴量計算完了: 16個
2026-06-18 18:12:51,941 - __main__ - INFO - 品質保証システム適用開始 (EWMベース, timeframe=M1)
2026-06-18 18:12:51,942 - __main__ - INFO - 品質保証適用: 12個の特徴量 (timeframe=M1)
2026-06-18 18:12:51,943 - __main__ - INFO - 品質保証適用完了: 12列
2026-06-18 18:12:51,944 - __main__ - INFO - グループ計算完了: group_4b_atr_extended - 12個の特徴量
2026-06-18 18:12:52,747 - __main__ - INFO - [Phase D-3] artifact 抽出完了 (engine_1_C): 12 features (group_4b_atr_extended)
2026-06-18 18:12:52,807 - __main__ - INFO - グループ処理開始: group_5a_oscillators_basic (9個の特徴量)
2026-06-18 18:12:52,808 - __main__ - INFO - グループ計算開始: group_5a_oscillators_basic
2026-06-18 18:12:52,808 - __main__ - INFO - オシレーター特徴量計算開始
2026-06-18 18:12:52,809 - __main__ - INFO - オシレーター特徴量計算完了: 30個
2026-06-18 18:12:52,809 - __main__ - INFO - 品質保証システム適用開始 (EWMベース, timeframe=M1)
2026-06-18 18:12:52,810 - __main__ - INFO - 品質保証適用: 9個の特徴量 (timeframe=M1)
2026-06-18 18:12:52,811 - __main__ - INFO - 品質保証適用完了: 9列
2026-06-18 18:12:52,811 - __main__ - INFO - グループ計算完了: group_5a_oscillators_basic - 9個の特徴量
2026-06-18 18:12:53,428 - __main__ - INFO - [Phase D-3] artifact 抽出完了 (engine_1_C): 9 features (group_5a_oscillators_basic)
2026-06-18 18:12:53,488 - __main__ - INFO - グループ処理開始: group_5b_oscillators_extended (21個の特徴量)
2026-06-18 18:12:53,488 - __main__ - INFO - グループ計算開始: group_5b_oscillators_extended
2026-06-18 18:12:53,489 - __main__ - INFO - オシレーター特徴量計算開始
2026-06-18 18:12:53,489 - __main__ - INFO - オシレーター特徴量計算完了: 30個
2026-06-18 18:12:53,490 - __main__ - INFO - 品質保証システム適用開始 (EWMベース, timeframe=M1)
2026-06-18 18:12:53,490 - __main__ - INFO - 品質保証適用: 21個の特徴量 (timeframe=M1)
2026-06-18 18:12:53,492 - __main__ - INFO - 品質保証適用完了: 21列
2026-06-18 18:12:53,493 - __main__ - INFO - グループ計算完了: group_5b_oscillators_extended - 21個の特徴量
2026-06-18 18:12:54,972 - __main__ - INFO - [Phase D-3] artifact 抽出完了 (engine_1_C): 21 features (group_5b_oscillators_extended)
2026-06-18 18:12:55,036 - __main__ - INFO - グループ処理開始: group_6a_momentum_basic (8個の特徴量)
2026-06-18 18:12:55,036 - __main__ - INFO - グループ計算開始: group_6a_momentum_basic
2026-06-18 18:12:55,037 - __main__ - INFO - モメンタム特徴量計算開始
2026-06-18 18:12:55,037 - __main__ - INFO - モメンタム特徴量計算完了: 17個
2026-06-18 18:12:55,038 - __main__ - INFO - 品質保証システム適用開始 (EWMベース, timeframe=M1)
2026-06-18 18:12:55,039 - __main__ - INFO - 品質保証適用: 8個の特徴量 (timeframe=M1)
2026-06-18 18:12:55,040 - __main__ - INFO - 品質保証適用完了: 8列
2026-06-18 18:12:55,040 - __main__ - INFO - グループ計算完了: group_6a_momentum_basic - 8個の特徴量
2026-06-18 18:12:55,612 - __main__ - INFO - [Phase D-3] artifact 抽出完了 (engine_1_C): 8 features (group_6a_momentum_basic)
2026-06-18 18:12:55,689 - __main__ - INFO - グループ処理開始: group_6b_momentum_extended (9個の特徴量)
2026-06-18 18:12:55,690 - __main__ - INFO - グループ計算開始: group_6b_momentum_extended
2026-06-18 18:12:55,690 - __main__ - INFO - モメンタム特徴量計算開始
2026-06-18 18:12:55,691 - __main__ - INFO - モメンタム特徴量計算完了: 17個
2026-06-18 18:12:55,692 - __main__ - INFO - 品質保証システム適用開始 (EWMベース, timeframe=M1)
2026-06-18 18:12:55,693 - __main__ - INFO - 品質保証適用: 9個の特徴量 (timeframe=M1)
2026-06-18 18:12:55,695 - __main__ - INFO - 品質保証適用完了: 9列
2026-06-18 18:12:55,695 - __main__ - INFO - グループ計算完了: group_6b_momentum_extended - 9個の特徴量
2026-06-18 18:12:56,387 - __main__ - INFO - [Phase D-3] artifact 抽出完了 (engine_1_C): 9 features (group_6b_momentum_extended)
2026-06-18 18:12:56,468 - __main__ - INFO - グループ処理開始: group_7_moving_averages (15個の特徴量)
2026-06-18 18:12:56,469 - __main__ - INFO - グループ計算開始: group_7_moving_averages
2026-06-18 18:12:56,469 - __main__ - INFO - 移動平均線特徴量計算開始
2026-06-18 18:12:56,470 - __main__ - INFO - 移動平均線特徴量計算完了: 39個
2026-06-18 18:12:56,471 - __main__ - INFO - 品質保証システム適用開始 (EWMベース, timeframe=M1)
2026-06-18 18:12:56,472 - __main__ - INFO - 品質保証適用: 15個の特徴量 (timeframe=M1)
2026-06-18 18:12:56,473 - __main__ - INFO - 品質保証適用完了: 15列
2026-06-18 18:12:56,474 - __main__ - INFO - グループ計算完了: group_7_moving_averages - 19個の特徴量
2026-06-18 18:12:57,542 - __main__ - INFO - [Phase D-3] artifact 抽出完了 (engine_1_C): 15 features (group_7_moving_averages)
2026-06-18 18:12:57,620 - __main__ - INFO - グループ処理開始: group_8_advanced (14個の特徴量)
2026-06-18 18:12:57,620 - __main__ - INFO - グループ計算開始: group_8_advanced
2026-06-18 18:12:57,621 - __main__ - INFO - 高度な指標特徴量計算開始
2026-06-18 18:12:57,622 - __main__ - INFO - 高度な指標特徴量計算完了: 14個
2026-06-18 18:12:57,623 - __main__ - INFO - 品質保証システム適用開始 (EWMベース, timeframe=M1)
2026-06-18 18:12:57,624 - __main__ - INFO - 品質保証適用: 14個の特徴量 (timeframe=M1)
2026-06-18 18:12:57,625 - __main__ - INFO - 品質保証適用完了: 14列
2026-06-18 18:12:57,626 - __main__ - INFO - グループ計算完了: group_8_advanced - 15個の特徴量
2026-06-18 18:12:58,700 - __main__ - INFO - [Phase D-3] artifact 抽出完了 (engine_1_C): 14 features (group_8_advanced)
2026-06-18 18:12:58,761 - __main__ - INFO - グループ処理開始: group_9_moving_extended (24個の特徴量)
2026-06-18 18:12:58,762 - __main__ - INFO - グループ計算開始: group_9_moving_extended
2026-06-18 18:12:58,762 - __main__ - INFO - 移動平均線特徴量計算開始
2026-06-18 18:12:58,763 - __main__ - INFO - 移動平均線特徴量計算完了: 39個
2026-06-18 18:12:58,764 - __main__ - INFO - 品質保証システム適用開始 (EWMベース, timeframe=M1)
2026-06-18 18:12:58,765 - __main__ - INFO - 品質保証適用: 24個の特徴量 (timeframe=M1)
2026-06-18 18:12:58,767 - __main__ - INFO - 品質保証適用完了: 24列
2026-06-18 18:12:58,768 - __main__ - INFO - グループ計算完了: group_9_moving_extended - 30個の特徴量
2026-06-18 18:13:00,551 - __main__ - INFO - [Phase D-3] artifact 抽出完了 (engine_1_C): 24 features (group_9_moving_extended)
2026-06-18 18:13:00,622 - __main__ - INFO - 全グループ計算完了。ファイルの結合を開始します...
2026-06-18 18:13:01,437 - __main__ - INFO - NaN埋め処理完了: 184個の特徴量 (basic=7, ホワイトリスト方式)
2026-06-18 18:13:02,045 - __main__ - INFO - 保存完了: features_e1c_M1.parquet (105.18MB, 0.60秒)
2026-06-18 18:13:02,046 - __main__ - INFO - === 通常処理完了: M1 - 16.69秒 ===
2026-06-18 18:13:02,047 - __main__ - INFO - === 通常処理開始: timeframe=M3 ===
2026-06-18 18:13:02,047 - __main__ - INFO - DataEngine初期化: /workspace/data/XAUUSD/stratum_1_base/master_processed
2026-06-18 18:13:02,049 - __main__ - INFO - 一時ディレクトリ作成: /tmp/features_e1c_g_pw50rv
2026-06-18 18:13:02,049 - __main__ - INFO - CalculationEngine初期化: e1c_
2026-06-18 18:13:02,054 - __main__ - INFO - OutputEngine初期化: /workspace/data/XAUUSD/stratum_2_features/feature_value_a_vast_universeC
2026-06-18 18:13:02,095 - __main__ - INFO - データサマリー: {'columns': ['timeframe', 'timestamp', 'open', 'high', 'low', 'close', 'volume', 'disc', 'log_return', 'rolling_volatility', 'rolling_avg_volume', 'price_direction', 'price_momentum', 'volume_ratio'], 'dtypes': {'timeframe': 'String', 'timestamp': "Datetime(time_unit='ns', time_zone=None)", 'open': 'Float64', 'high': 'Float64', 'low': 'Float64', 'close': 'Float64', 'volume': 'Int64', 'disc': 'Boolean', 'log_return': 'Float64', 'rolling_volatility': 'Float64', 'rolling_avg_volume': 'Float64', 'price_direction': 'Int8', 'price_momentum': 'Float64', 'volume_ratio': 'Float64'}, 'sample_rows': 1000, 'memory_usage_mb': 0.08504581451416016}
2026-06-18 18:13:02,115 - __main__ - INFO - グループ処理開始: group_1a_rsi_basic (4個の特徴量)
2026-06-18 18:13:02,115 - __main__ - INFO - グループ計算開始: group_1a_rsi_basic
2026-06-18 18:13:02,116 - __main__ - INFO - RSI特徴量計算開始
2026-06-18 18:13:02,116 - __main__ - INFO - RSI特徴量計算完了: 12個
2026-06-18 18:13:02,117 - __main__ - INFO - 品質保証システム適用開始 (EWMベース, timeframe=M3)
2026-06-18 18:13:02,117 - __main__ - INFO - 品質保証適用: 6個の特徴量 (timeframe=M3)
2026-06-18 18:13:02,118 - __main__ - INFO - 品質保証適用完了: 6列
2026-06-18 18:13:02,118 - __main__ - INFO - グループ計算完了: group_1a_rsi_basic - 6個の特徴量
2026-06-18 18:13:02,325 - __main__ - INFO - [Phase D-3] artifact 抽出完了 (engine_1_C): 6 features (group_1a_rsi_basic)
2026-06-18 18:13:02,373 - __main__ - INFO - グループ処理開始: group_1b_rsi_extended (4個の特徴量)
2026-06-18 18:13:02,373 - __main__ - INFO - グループ計算開始: group_1b_rsi_extended
2026-06-18 18:13:02,374 - __main__ - INFO - RSI特徴量計算開始
2026-06-18 18:13:02,374 - __main__ - INFO - RSI特徴量計算完了: 12個
2026-06-18 18:13:02,375 - __main__ - INFO - 品質保証システム適用開始 (EWMベース, timeframe=M3)
2026-06-18 18:13:02,376 - __main__ - INFO - 品質保証適用: 4個の特徴量 (timeframe=M3)
2026-06-18 18:13:02,377 - __main__ - INFO - 品質保証適用完了: 4列
2026-06-18 18:13:02,377 - __main__ - INFO - グループ計算完了: group_1b_rsi_extended - 4個の特徴量
2026-06-18 18:13:02,505 - __main__ - INFO - [Phase D-3] artifact 抽出完了 (engine_1_C): 4 features (group_1b_rsi_extended)
2026-06-18 18:13:02,553 - __main__ - INFO - グループ処理開始: group_1c_rsi_stochastic (2個の特徴量)
2026-06-18 18:13:02,554 - __main__ - INFO - グループ計算開始: group_1c_rsi_stochastic
2026-06-18 18:13:02,554 - __main__ - INFO - RSI特徴量計算開始
2026-06-18 18:13:02,555 - __main__ - INFO - RSI特徴量計算完了: 12個
2026-06-18 18:13:02,556 - __main__ - INFO - 品質保証システム適用開始 (EWMベース, timeframe=M3)
2026-06-18 18:13:02,556 - __main__ - INFO - 品質保証適用: 2個の特徴量 (timeframe=M3)
2026-06-18 18:13:02,557 - __main__ - INFO - 品質保証適用完了: 2列
2026-06-18 18:13:02,557 - __main__ - INFO - グループ計算完了: group_1c_rsi_stochastic - 2個の特徴量
2026-06-18 18:13:02,625 - __main__ - INFO - [Phase D-3] artifact 抽出完了 (engine_1_C): 2 features (group_1c_rsi_stochastic)
2026-06-18 18:13:02,673 - __main__ - INFO - グループ処理開始: group_1d_rsi_divergence (2個の特徴量)
2026-06-18 18:13:02,673 - __main__ - INFO - グループ計算開始: group_1d_rsi_divergence
2026-06-18 18:13:02,674 - __main__ - INFO - RSI特徴量計算開始
2026-06-18 18:13:02,674 - __main__ - INFO - RSI特徴量計算完了: 12個
2026-06-18 18:13:02,675 - __main__ - INFO - 品質保証システム適用開始 (EWMベース, timeframe=M3)
2026-06-18 18:13:02,676 - __main__ - INFO - 品質保証適用: 2個の特徴量 (timeframe=M3)
2026-06-18 18:13:02,676 - __main__ - INFO - 品質保証適用完了: 2列
2026-06-18 18:13:02,677 - __main__ - INFO - グループ計算完了: group_1d_rsi_divergence - 2個の特徴量
2026-06-18 18:13:02,749 - __main__ - INFO - [Phase D-3] artifact 抽出完了 (engine_1_C): 2 features (group_1d_rsi_divergence)
2026-06-18 18:13:02,797 - __main__ - INFO - グループ処理開始: group_2a_macd_standard (3個の特徴量)
2026-06-18 18:13:02,797 - __main__ - INFO - グループ計算開始: group_2a_macd_standard
2026-06-18 18:13:02,797 - __main__ - INFO - MACD特徴量計算開始
2026-06-18 18:13:02,798 - __main__ - INFO - MACD特徴量計算完了: 9個
2026-06-18 18:13:02,798 - __main__ - INFO - 品質保証システム適用開始 (EWMベース, timeframe=M3)
2026-06-18 18:13:02,799 - __main__ - INFO - 品質保証適用: 3個の特徴量 (timeframe=M3)
2026-06-18 18:13:02,799 - __main__ - INFO - 品質保証適用完了: 3列
2026-06-18 18:13:02,800 - __main__ - INFO - グループ計算完了: group_2a_macd_standard - 3個の特徴量
2026-06-18 18:13:02,887 - __main__ - INFO - [Phase D-3] artifact 抽出完了 (engine_1_C): 3 features (group_2a_macd_standard)
2026-06-18 18:13:02,935 - __main__ - INFO - グループ処理開始: group_2b_macd_variants (6個の特徴量)
2026-06-18 18:13:02,935 - __main__ - INFO - グループ計算開始: group_2b_macd_variants
2026-06-18 18:13:02,935 - __main__ - INFO - MACD特徴量計算開始
2026-06-18 18:13:02,936 - __main__ - INFO - MACD特徴量計算完了: 9個
2026-06-18 18:13:02,937 - __main__ - INFO - 品質保証システム適用開始 (EWMベース, timeframe=M3)
2026-06-18 18:13:02,937 - __main__ - INFO - 品質保証適用: 6個の特徴量 (timeframe=M3)
2026-06-18 18:13:02,938 - __main__ - INFO - 品質保証適用完了: 6列
2026-06-18 18:13:02,938 - __main__ - INFO - グループ計算完了: group_2b_macd_variants - 6個の特徴量
2026-06-18 18:13:03,117 - __main__ - INFO - [Phase D-3] artifact 抽出完了 (engine_1_C): 6 features (group_2b_macd_variants)
2026-06-18 18:13:03,163 - __main__ - INFO - グループ処理開始: group_3a_bb_20 (10個の特徴量)
2026-06-18 18:13:03,164 - __main__ - INFO - グループ計算開始: group_3a_bb_20
2026-06-18 18:13:03,164 - __main__ - INFO - ボリンジャーバンド特徴量計算開始
2026-06-18 18:13:03,165 - __main__ - INFO - ボリンジャーバンド特徴量計算完了: 54個
2026-06-18 18:13:03,167 - __main__ - INFO - 品質保証システム適用開始 (EWMベース, timeframe=M3)
2026-06-18 18:13:03,168 - __main__ - INFO - 品質保証適用: 14個の特徴量 (timeframe=M3)
2026-06-18 18:13:03,169 - __main__ - INFO - 品質保証適用完了: 14列
2026-06-18 18:13:03,170 - __main__ - INFO - グループ計算完了: group_3a_bb_20 - 16個の特徴量
2026-06-18 18:13:03,659 - __main__ - INFO - [Phase D-3] artifact 抽出完了 (engine_1_C): 14 features (group_3a_bb_20)
2026-06-18 18:13:03,707 - __main__ - INFO - グループ処理開始: group_3b_bb_30_50 (26個の特徴量)
2026-06-18 18:13:03,708 - __main__ - INFO - グループ計算開始: group_3b_bb_30_50
2026-06-18 18:13:03,708 - __main__ - INFO - ボリンジャーバンド特徴量計算開始
2026-06-18 18:13:03,709 - __main__ - INFO - ボリンジャーバンド特徴量計算完了: 54個
2026-06-18 18:13:03,711 - __main__ - INFO - 品質保証システム適用開始 (EWMベース, timeframe=M3)
2026-06-18 18:13:03,712 - __main__ - INFO - 品質保証適用: 30個の特徴量 (timeframe=M3)
2026-06-18 18:13:03,715 - __main__ - INFO - 品質保証適用完了: 30列
2026-06-18 18:13:03,715 - __main__ - INFO - グループ計算完了: group_3b_bb_30_50 - 38個の特徴量
2026-06-18 18:13:04,894 - __main__ - INFO - [Phase D-3] artifact 抽出完了 (engine_1_C): 30 features (group_3b_bb_30_50)
2026-06-18 18:13:04,946 - __main__ - INFO - グループ処理開始: group_3c_bb_variants (6個の特徴量)
2026-06-18 18:13:04,946 - __main__ - INFO - グループ計算開始: group_3c_bb_variants
2026-06-18 18:13:04,947 - __main__ - INFO - ボリンジャーバンド特徴量計算開始
2026-06-18 18:13:04,948 - __main__ - INFO - ボリンジャーバンド特徴量計算完了: 54個
2026-06-18 18:13:04,950 - __main__ - INFO - 品質保証システム適用開始 (EWMベース, timeframe=M3)
2026-06-18 18:13:04,951 - __main__ - INFO - 品質保証適用: 6個の特徴量 (timeframe=M3)
2026-06-18 18:13:04,952 - __main__ - INFO - 品質保証適用完了: 6列
2026-06-18 18:13:04,952 - __main__ - INFO - グループ計算完了: group_3c_bb_variants - 6個の特徴量
2026-06-18 18:13:05,155 - __main__ - INFO - [Phase D-3] artifact 抽出完了 (engine_1_C): 6 features (group_3c_bb_variants)
2026-06-18 18:13:05,203 - __main__ - INFO - グループ処理開始: group_4a_atr_basic (4個の特徴量)
2026-06-18 18:13:05,203 - __main__ - INFO - グループ計算開始: group_4a_atr_basic
2026-06-18 18:13:05,203 - __main__ - INFO - ATR特徴量計算開始
2026-06-18 18:13:05,204 - __main__ - INFO - ATR特徴量計算完了: 16個
2026-06-18 18:13:05,205 - __main__ - INFO - 品質保証システム適用開始 (EWMベース, timeframe=M3)
2026-06-18 18:13:05,206 - __main__ - INFO - 品質保証適用: 4個の特徴量 (timeframe=M3)
2026-06-18 18:13:05,206 - __main__ - INFO - 品質保証適用完了: 4列
2026-06-18 18:13:05,207 - __main__ - INFO - グループ計算完了: group_4a_atr_basic - 4個の特徴量
2026-06-18 18:13:05,322 - __main__ - INFO - [Phase D-3] artifact 抽出完了 (engine_1_C): 4 features (group_4a_atr_basic)
2026-06-18 18:13:05,368 - __main__ - INFO - グループ処理開始: group_4b_atr_extended (12個の特徴量)
2026-06-18 18:13:05,369 - __main__ - INFO - グループ計算開始: group_4b_atr_extended
2026-06-18 18:13:05,369 - __main__ - INFO - ATR特徴量計算開始
2026-06-18 18:13:05,370 - __main__ - INFO - ATR特徴量計算完了: 16個
2026-06-18 18:13:05,371 - __main__ - INFO - 品質保証システム適用開始 (EWMベース, timeframe=M3)
2026-06-18 18:13:05,372 - __main__ - INFO - 品質保証適用: 12個の特徴量 (timeframe=M3)
2026-06-18 18:13:05,373 - __main__ - INFO - 品質保証適用完了: 12列
2026-06-18 18:13:05,373 - __main__ - INFO - グループ計算完了: group_4b_atr_extended - 12個の特徴量
2026-06-18 18:13:05,750 - __main__ - INFO - [Phase D-3] artifact 抽出完了 (engine_1_C): 12 features (group_4b_atr_extended)
2026-06-18 18:13:05,804 - __main__ - INFO - グループ処理開始: group_5a_oscillators_basic (9個の特徴量)
2026-06-18 18:13:05,804 - __main__ - INFO - グループ計算開始: group_5a_oscillators_basic
2026-06-18 18:13:05,805 - __main__ - INFO - オシレーター特徴量計算開始
2026-06-18 18:13:05,806 - __main__ - INFO - オシレーター特徴量計算完了: 30個
2026-06-18 18:13:05,806 - __main__ - INFO - 品質保証システム適用開始 (EWMベース, timeframe=M3)
2026-06-18 18:13:05,807 - __main__ - INFO - 品質保証適用: 9個の特徴量 (timeframe=M3)
2026-06-18 18:13:05,808 - __main__ - INFO - 品質保証適用完了: 9列
2026-06-18 18:13:05,808 - __main__ - INFO - グループ計算完了: group_5a_oscillators_basic - 9個の特徴量
2026-06-18 18:13:06,085 - __main__ - INFO - [Phase D-3] artifact 抽出完了 (engine_1_C): 9 features (group_5a_oscillators_basic)
2026-06-18 18:13:06,133 - __main__ - INFO - グループ処理開始: group_5b_oscillators_extended (21個の特徴量)
2026-06-18 18:13:06,133 - __main__ - INFO - グループ計算開始: group_5b_oscillators_extended
2026-06-18 18:13:06,134 - __main__ - INFO - オシレーター特徴量計算開始
2026-06-18 18:13:06,135 - __main__ - INFO - オシレーター特徴量計算完了: 30個
2026-06-18 18:13:06,135 - __main__ - INFO - 品質保証システム適用開始 (EWMベース, timeframe=M3)
2026-06-18 18:13:06,136 - __main__ - INFO - 品質保証適用: 21個の特徴量 (timeframe=M3)
2026-06-18 18:13:06,138 - __main__ - INFO - 品質保証適用完了: 21列
2026-06-18 18:13:06,138 - __main__ - INFO - グループ計算完了: group_5b_oscillators_extended - 21個の特徴量
2026-06-18 18:13:06,822 - __main__ - INFO - [Phase D-3] artifact 抽出完了 (engine_1_C): 21 features (group_5b_oscillators_extended)
2026-06-18 18:13:06,876 - __main__ - INFO - グループ処理開始: group_6a_momentum_basic (8個の特徴量)
2026-06-18 18:13:06,876 - __main__ - INFO - グループ計算開始: group_6a_momentum_basic
2026-06-18 18:13:06,877 - __main__ - INFO - モメンタム特徴量計算開始
2026-06-18 18:13:06,878 - __main__ - INFO - モメンタム特徴量計算完了: 17個
2026-06-18 18:13:06,878 - __main__ - INFO - 品質保証システム適用開始 (EWMベース, timeframe=M3)
2026-06-18 18:13:06,879 - __main__ - INFO - 品質保証適用: 8個の特徴量 (timeframe=M3)
2026-06-18 18:13:06,880 - __main__ - INFO - 品質保証適用完了: 8列
2026-06-18 18:13:06,880 - __main__ - INFO - グループ計算完了: group_6a_momentum_basic - 8個の特徴量
2026-06-18 18:13:07,124 - __main__ - INFO - [Phase D-3] artifact 抽出完了 (engine_1_C): 8 features (group_6a_momentum_basic)
2026-06-18 18:13:07,172 - __main__ - INFO - グループ処理開始: group_6b_momentum_extended (9個の特徴量)
2026-06-18 18:13:07,173 - __main__ - INFO - グループ計算開始: group_6b_momentum_extended
2026-06-18 18:13:07,173 - __main__ - INFO - モメンタム特徴量計算開始
2026-06-18 18:13:07,174 - __main__ - INFO - モメンタム特徴量計算完了: 17個
2026-06-18 18:13:07,175 - __main__ - INFO - 品質保証システム適用開始 (EWMベース, timeframe=M3)
2026-06-18 18:13:07,175 - __main__ - INFO - 品質保証適用: 9個の特徴量 (timeframe=M3)
2026-06-18 18:13:07,176 - __main__ - INFO - 品質保証適用完了: 9列
2026-06-18 18:13:07,177 - __main__ - INFO - グループ計算完了: group_6b_momentum_extended - 9個の特徴量
2026-06-18 18:13:07,505 - __main__ - INFO - [Phase D-3] artifact 抽出完了 (engine_1_C): 9 features (group_6b_momentum_extended)
2026-06-18 18:13:07,554 - __main__ - INFO - グループ処理開始: group_7_moving_averages (15個の特徴量)
2026-06-18 18:13:07,554 - __main__ - INFO - グループ計算開始: group_7_moving_averages
2026-06-18 18:13:07,555 - __main__ - INFO - 移動平均線特徴量計算開始
2026-06-18 18:13:07,556 - __main__ - INFO - 移動平均線特徴量計算完了: 39個
2026-06-18 18:13:07,557 - __main__ - INFO - 品質保証システム適用開始 (EWMベース, timeframe=M3)
2026-06-18 18:13:07,558 - __main__ - INFO - 品質保証適用: 15個の特徴量 (timeframe=M3)
2026-06-18 18:13:07,559 - __main__ - INFO - 品質保証適用完了: 15列
2026-06-18 18:13:07,560 - __main__ - INFO - グループ計算完了: group_7_moving_averages - 19個の特徴量
2026-06-18 18:13:08,040 - __main__ - INFO - [Phase D-3] artifact 抽出完了 (engine_1_C): 15 features (group_7_moving_averages)
2026-06-18 18:13:08,088 - __main__ - INFO - グループ処理開始: group_8_advanced (14個の特徴量)
2026-06-18 18:13:08,089 - __main__ - INFO - グループ計算開始: group_8_advanced
2026-06-18 18:13:08,089 - __main__ - INFO - 高度な指標特徴量計算開始
2026-06-18 18:13:08,090 - __main__ - INFO - 高度な指標特徴量計算完了: 14個
2026-06-18 18:13:08,091 - __main__ - INFO - 品質保証システム適用開始 (EWMベース, timeframe=M3)
2026-06-18 18:13:08,092 - __main__ - INFO - 品質保証適用: 14個の特徴量 (timeframe=M3)
2026-06-18 18:13:08,094 - __main__ - INFO - 品質保証適用完了: 14列
2026-06-18 18:13:08,094 - __main__ - INFO - グループ計算完了: group_8_advanced - 15個の特徴量
2026-06-18 18:13:08,628 - __main__ - INFO - [Phase D-3] artifact 抽出完了 (engine_1_C): 14 features (group_8_advanced)
2026-06-18 18:13:08,679 - __main__ - INFO - グループ処理開始: group_9_moving_extended (24個の特徴量)
2026-06-18 18:13:08,680 - __main__ - INFO - グループ計算開始: group_9_moving_extended
2026-06-18 18:13:08,680 - __main__ - INFO - 移動平均線特徴量計算開始
2026-06-18 18:13:08,682 - __main__ - INFO - 移動平均線特徴量計算完了: 39個
2026-06-18 18:13:08,683 - __main__ - INFO - 品質保証システム適用開始 (EWMベース, timeframe=M3)
2026-06-18 18:13:08,683 - __main__ - INFO - 品質保証適用: 24個の特徴量 (timeframe=M3)
2026-06-18 18:13:08,685 - __main__ - INFO - 品質保証適用完了: 24列
2026-06-18 18:13:08,686 - __main__ - INFO - グループ計算完了: group_9_moving_extended - 30個の特徴量
2026-06-18 18:13:09,494 - __main__ - INFO - [Phase D-3] artifact 抽出完了 (engine_1_C): 24 features (group_9_moving_extended)
2026-06-18 18:13:09,549 - __main__ - INFO - 全グループ計算完了。ファイルの結合を開始します...
2026-06-18 18:13:10,344 - __main__ - INFO - NaN埋め処理完了: 184個の特徴量 (basic=7, ホワイトリスト方式)
2026-06-18 18:13:10,616 - __main__ - INFO - 保存完了: features_e1c_M3.parquet (35.17MB, 0.27秒)
2026-06-18 18:13:10,616 - __main__ - INFO - === 通常処理完了: M3 - 8.57秒 ===
2026-06-18 18:13:10,617 - __main__ - INFO - === 通常処理開始: timeframe=M5 ===
2026-06-18 18:13:10,618 - __main__ - INFO - DataEngine初期化: /workspace/data/XAUUSD/stratum_1_base/master_processed
2026-06-18 18:13:10,618 - __main__ - INFO - 一時ディレクトリ作成: /tmp/features_e1c_r0p6u_dd
2026-06-18 18:13:10,619 - __main__ - INFO - CalculationEngine初期化: e1c_
2026-06-18 18:13:10,623 - __main__ - INFO - OutputEngine初期化: /workspace/data/XAUUSD/stratum_2_features/feature_value_a_vast_universeC
2026-06-18 18:13:10,659 - __main__ - INFO - データサマリー: {'columns': ['timeframe', 'timestamp', 'open', 'high', 'low', 'close', 'volume', 'disc', 'log_return', 'rolling_volatility', 'rolling_avg_volume', 'price_direction', 'price_momentum', 'volume_ratio'], 'dtypes': {'timeframe': 'String', 'timestamp': "Datetime(time_unit='ns', time_zone=None)", 'open': 'Float64', 'high': 'Float64', 'low': 'Float64', 'close': 'Float64', 'volume': 'Int64', 'disc': 'Boolean', 'log_return': 'Float64', 'rolling_volatility': 'Float64', 'rolling_avg_volume': 'Float64', 'price_direction': 'Int8', 'price_momentum': 'Float64', 'volume_ratio': 'Float64'}, 'sample_rows': 1000, 'memory_usage_mb': 0.08504581451416016}
2026-06-18 18:13:10,674 - __main__ - INFO - グループ処理開始: group_1a_rsi_basic (4個の特徴量)
2026-06-18 18:13:10,674 - __main__ - INFO - グループ計算開始: group_1a_rsi_basic
2026-06-18 18:13:10,674 - __main__ - INFO - RSI特徴量計算開始
2026-06-18 18:13:10,675 - __main__ - INFO - RSI特徴量計算完了: 12個
2026-06-18 18:13:10,676 - __main__ - INFO - 品質保証システム適用開始 (EWMベース, timeframe=M5)
2026-06-18 18:13:10,676 - __main__ - INFO - 品質保証適用: 6個の特徴量 (timeframe=M5)
2026-06-18 18:13:10,678 - __main__ - INFO - 品質保証適用完了: 6列
2026-06-18 18:13:10,678 - __main__ - INFO - グループ計算完了: group_1a_rsi_basic - 6個の特徴量
2026-06-18 18:13:10,849 - __main__ - INFO - [Phase D-3] artifact 抽出完了 (engine_1_C): 6 features (group_1a_rsi_basic)
2026-06-18 18:13:10,897 - __main__ - INFO - グループ処理開始: group_1b_rsi_extended (4個の特徴量)
2026-06-18 18:13:10,898 - __main__ - INFO - グループ計算開始: group_1b_rsi_extended
2026-06-18 18:13:10,898 - __main__ - INFO - RSI特徴量計算開始
2026-06-18 18:13:10,899 - __main__ - INFO - RSI特徴量計算完了: 12個
2026-06-18 18:13:10,900 - __main__ - INFO - 品質保証システム適用開始 (EWMベース, timeframe=M5)
2026-06-18 18:13:10,900 - __main__ - INFO - 品質保証適用: 4個の特徴量 (timeframe=M5)
2026-06-18 18:13:10,901 - __main__ - INFO - 品質保証適用完了: 4列
2026-06-18 18:13:10,901 - __main__ - INFO - グループ計算完了: group_1b_rsi_extended - 4個の特徴量
2026-06-18 18:13:11,009 - __main__ - INFO - [Phase D-3] artifact 抽出完了 (engine_1_C): 4 features (group_1b_rsi_extended)
2026-06-18 18:13:11,056 - __main__ - INFO - グループ処理開始: group_1c_rsi_stochastic (2個の特徴量)
2026-06-18 18:13:11,056 - __main__ - INFO - グループ計算開始: group_1c_rsi_stochastic
2026-06-18 18:13:11,057 - __main__ - INFO - RSI特徴量計算開始
2026-06-18 18:13:11,057 - __main__ - INFO - RSI特徴量計算完了: 12個
2026-06-18 18:13:11,058 - __main__ - INFO - 品質保証システム適用開始 (EWMベース, timeframe=M5)
2026-06-18 18:13:11,058 - __main__ - INFO - 品質保証適用: 2個の特徴量 (timeframe=M5)
2026-06-18 18:13:11,059 - __main__ - INFO - 品質保証適用完了: 2列
2026-06-18 18:13:11,059 - __main__ - INFO - グループ計算完了: group_1c_rsi_stochastic - 2個の特徴量
2026-06-18 18:13:11,111 - __main__ - INFO - [Phase D-3] artifact 抽出完了 (engine_1_C): 2 features (group_1c_rsi_stochastic)
2026-06-18 18:13:11,158 - __main__ - INFO - グループ処理開始: group_1d_rsi_divergence (2個の特徴量)
2026-06-18 18:13:11,159 - __main__ - INFO - グループ計算開始: group_1d_rsi_divergence
2026-06-18 18:13:11,159 - __main__ - INFO - RSI特徴量計算開始
2026-06-18 18:13:11,160 - __main__ - INFO - RSI特徴量計算完了: 12個
2026-06-18 18:13:11,160 - __main__ - INFO - 品質保証システム適用開始 (EWMベース, timeframe=M5)
2026-06-18 18:13:11,161 - __main__ - INFO - 品質保証適用: 2個の特徴量 (timeframe=M5)
2026-06-18 18:13:11,162 - __main__ - INFO - 品質保証適用完了: 2列
2026-06-18 18:13:11,162 - __main__ - INFO - グループ計算完了: group_1d_rsi_divergence - 2個の特徴量
2026-06-18 18:13:11,225 - __main__ - INFO - [Phase D-3] artifact 抽出完了 (engine_1_C): 2 features (group_1d_rsi_divergence)
2026-06-18 18:13:11,283 - __main__ - INFO - グループ処理開始: group_2a_macd_standard (3個の特徴量)
2026-06-18 18:13:11,284 - __main__ - INFO - グループ計算開始: group_2a_macd_standard
2026-06-18 18:13:11,284 - __main__ - INFO - MACD特徴量計算開始
2026-06-18 18:13:11,285 - __main__ - INFO - MACD特徴量計算完了: 9個
2026-06-18 18:13:11,286 - __main__ - INFO - 品質保証システム適用開始 (EWMベース, timeframe=M5)
2026-06-18 18:13:11,286 - __main__ - INFO - 品質保証適用: 3個の特徴量 (timeframe=M5)
2026-06-18 18:13:11,287 - __main__ - INFO - 品質保証適用完了: 3列
2026-06-18 18:13:11,287 - __main__ - INFO - グループ計算完了: group_2a_macd_standard - 3個の特徴量
2026-06-18 18:13:11,357 - __main__ - INFO - [Phase D-3] artifact 抽出完了 (engine_1_C): 3 features (group_2a_macd_standard)
2026-06-18 18:13:11,408 - __main__ - INFO - グループ処理開始: group_2b_macd_variants (6個の特徴量)
2026-06-18 18:13:11,408 - __main__ - INFO - グループ計算開始: group_2b_macd_variants
2026-06-18 18:13:11,408 - __main__ - INFO - MACD特徴量計算開始
2026-06-18 18:13:11,409 - __main__ - INFO - MACD特徴量計算完了: 9個
2026-06-18 18:13:11,410 - __main__ - INFO - 品質保証システム適用開始 (EWMベース, timeframe=M5)
2026-06-18 18:13:11,410 - __main__ - INFO - 品質保証適用: 6個の特徴量 (timeframe=M5)
2026-06-18 18:13:11,411 - __main__ - INFO - 品質保証適用完了: 6列
2026-06-18 18:13:11,412 - __main__ - INFO - グループ計算完了: group_2b_macd_variants - 6個の特徴量
2026-06-18 18:13:11,552 - __main__ - INFO - [Phase D-3] artifact 抽出完了 (engine_1_C): 6 features (group_2b_macd_variants)
2026-06-18 18:13:11,598 - __main__ - INFO - グループ処理開始: group_3a_bb_20 (10個の特徴量)
2026-06-18 18:13:11,598 - __main__ - INFO - グループ計算開始: group_3a_bb_20
2026-06-18 18:13:11,599 - __main__ - INFO - ボリンジャーバンド特徴量計算開始
2026-06-18 18:13:11,600 - __main__ - INFO - ボリンジャーバンド特徴量計算完了: 54個
2026-06-18 18:13:11,602 - __main__ - INFO - 品質保証システム適用開始 (EWMベース, timeframe=M5)
2026-06-18 18:13:11,603 - __main__ - INFO - 品質保証適用: 14個の特徴量 (timeframe=M5)
2026-06-18 18:13:11,604 - __main__ - INFO - 品質保証適用完了: 14列
2026-06-18 18:13:11,604 - __main__ - INFO - グループ計算完了: group_3a_bb_20 - 16個の特徴量
2026-06-18 18:13:11,973 - __main__ - INFO - [Phase D-3] artifact 抽出完了 (engine_1_C): 14 features (group_3a_bb_20)
2026-06-18 18:13:12,018 - __main__ - INFO - グループ処理開始: group_3b_bb_30_50 (26個の特徴量)
2026-06-18 18:13:12,018 - __main__ - INFO - グループ計算開始: group_3b_bb_30_50
2026-06-18 18:13:12,019 - __main__ - INFO - ボリンジャーバンド特徴量計算開始
2026-06-18 18:13:12,020 - __main__ - INFO - ボリンジャーバンド特徴量計算完了: 54個
2026-06-18 18:13:12,021 - __main__ - INFO - 品質保証システム適用開始 (EWMベース, timeframe=M5)
2026-06-18 18:13:12,023 - __main__ - INFO - 品質保証適用: 30個の特徴量 (timeframe=M5)
2026-06-18 18:13:12,025 - __main__ - INFO - 品質保証適用完了: 30列
2026-06-18 18:13:12,025 - __main__ - INFO - グループ計算完了: group_3b_bb_30_50 - 38個の特徴量
2026-06-18 18:13:12,945 - __main__ - INFO - [Phase D-3] artifact 抽出完了 (engine_1_C): 30 features (group_3b_bb_30_50)
2026-06-18 18:13:12,997 - __main__ - INFO - グループ処理開始: group_3c_bb_variants (6個の特徴量)
2026-06-18 18:13:12,997 - __main__ - INFO - グループ計算開始: group_3c_bb_variants
2026-06-18 18:13:12,998 - __main__ - INFO - ボリンジャーバンド特徴量計算開始
2026-06-18 18:13:12,999 - __main__ - INFO - ボリンジャーバンド特徴量計算完了: 54個
2026-06-18 18:13:13,000 - __main__ - INFO - 品質保証システム適用開始 (EWMベース, timeframe=M5)
2026-06-18 18:13:13,002 - __main__ - INFO - 品質保証適用: 6個の特徴量 (timeframe=M5)
2026-06-18 18:13:13,002 - __main__ - INFO - 品質保証適用完了: 6列
2026-06-18 18:13:13,003 - __main__ - INFO - グループ計算完了: group_3c_bb_variants - 6個の特徴量
2026-06-18 18:13:13,159 - __main__ - INFO - [Phase D-3] artifact 抽出完了 (engine_1_C): 6 features (group_3c_bb_variants)
2026-06-18 18:13:13,208 - __main__ - INFO - グループ処理開始: group_4a_atr_basic (4個の特徴量)
2026-06-18 18:13:13,208 - __main__ - INFO - グループ計算開始: group_4a_atr_basic
2026-06-18 18:13:13,208 - __main__ - INFO - ATR特徴量計算開始
2026-06-18 18:13:13,210 - __main__ - INFO - ATR特徴量計算完了: 16個
2026-06-18 18:13:13,210 - __main__ - INFO - 品質保証システム適用開始 (EWMベース, timeframe=M5)
2026-06-18 18:13:13,211 - __main__ - INFO - 品質保証適用: 4個の特徴量 (timeframe=M5)
2026-06-18 18:13:13,212 - __main__ - INFO - 品質保証適用完了: 4列
2026-06-18 18:13:13,212 - __main__ - INFO - グループ計算完了: group_4a_atr_basic - 4個の特徴量
2026-06-18 18:13:13,300 - __main__ - INFO - [Phase D-3] artifact 抽出完了 (engine_1_C): 4 features (group_4a_atr_basic)
2026-06-18 18:13:13,346 - __main__ - INFO - グループ処理開始: group_4b_atr_extended (12個の特徴量)
2026-06-18 18:13:13,346 - __main__ - INFO - グループ計算開始: group_4b_atr_extended
2026-06-18 18:13:13,347 - __main__ - INFO - ATR特徴量計算開始
2026-06-18 18:13:13,347 - __main__ - INFO - ATR特徴量計算完了: 16個
2026-06-18 18:13:13,348 - __main__ - INFO - 品質保証システム適用開始 (EWMベース, timeframe=M5)
2026-06-18 18:13:13,349 - __main__ - INFO - 品質保証適用: 12個の特徴量 (timeframe=M5)
2026-06-18 18:13:13,350 - __main__ - INFO - 品質保証適用完了: 12列
2026-06-18 18:13:13,350 - __main__ - INFO - グループ計算完了: group_4b_atr_extended - 12個の特徴量
2026-06-18 18:13:13,647 - __main__ - INFO - [Phase D-3] artifact 抽出完了 (engine_1_C): 12 features (group_4b_atr_extended)
2026-06-18 18:13:13,692 - __main__ - INFO - グループ処理開始: group_5a_oscillators_basic (9個の特徴量)
2026-06-18 18:13:13,693 - __main__ - INFO - グループ計算開始: group_5a_oscillators_basic
2026-06-18 18:13:13,693 - __main__ - INFO - オシレーター特徴量計算開始
2026-06-18 18:13:13,694 - __main__ - INFO - オシレーター特徴量計算完了: 30個
2026-06-18 18:13:13,695 - __main__ - INFO - 品質保証システム適用開始 (EWMベース, timeframe=M5)
2026-06-18 18:13:13,696 - __main__ - INFO - 品質保証適用: 9個の特徴量 (timeframe=M5)
2026-06-18 18:13:13,697 - __main__ - INFO - 品質保証適用完了: 9列
2026-06-18 18:13:13,697 - __main__ - INFO - グループ計算完了: group_5a_oscillators_basic - 9個の特徴量
2026-06-18 18:13:13,909 - __main__ - INFO - [Phase D-3] artifact 抽出完了 (engine_1_C): 9 features (group_5a_oscillators_basic)
2026-06-18 18:13:13,954 - __main__ - INFO - グループ処理開始: group_5b_oscillators_extended (21個の特徴量)
2026-06-18 18:13:13,954 - __main__ - INFO - グループ計算開始: group_5b_oscillators_extended
2026-06-18 18:13:13,955 - __main__ - INFO - オシレーター特徴量計算開始
2026-06-18 18:13:13,956 - __main__ - INFO - オシレーター特徴量計算完了: 30個
2026-06-18 18:13:13,956 - __main__ - INFO - 品質保証システム適用開始 (EWMベース, timeframe=M5)
2026-06-18 18:13:13,957 - __main__ - INFO - 品質保証適用: 21個の特徴量 (timeframe=M5)
2026-06-18 18:13:13,959 - __main__ - INFO - 品質保証適用完了: 21列
2026-06-18 18:13:13,959 - __main__ - INFO - グループ計算完了: group_5b_oscillators_extended - 21個の特徴量
2026-06-18 18:13:14,510 - __main__ - INFO - [Phase D-3] artifact 抽出完了 (engine_1_C): 21 features (group_5b_oscillators_extended)
2026-06-18 18:13:14,561 - __main__ - INFO - グループ処理開始: group_6a_momentum_basic (8個の特徴量)
2026-06-18 18:13:14,562 - __main__ - INFO - グループ計算開始: group_6a_momentum_basic
2026-06-18 18:13:14,562 - __main__ - INFO - モメンタム特徴量計算開始
2026-06-18 18:13:14,563 - __main__ - INFO - モメンタム特徴量計算完了: 17個
2026-06-18 18:13:14,564 - __main__ - INFO - 品質保証システム適用開始 (EWMベース, timeframe=M5)
2026-06-18 18:13:14,564 - __main__ - INFO - 品質保証適用: 8個の特徴量 (timeframe=M5)
2026-06-18 18:13:14,565 - __main__ - INFO - 品質保証適用完了: 8列
2026-06-18 18:13:14,566 - __main__ - INFO - グループ計算完了: group_6a_momentum_basic - 8個の特徴量
2026-06-18 18:13:14,755 - __main__ - INFO - [Phase D-3] artifact 抽出完了 (engine_1_C): 8 features (group_6a_momentum_basic)
2026-06-18 18:13:14,801 - __main__ - INFO - グループ処理開始: group_6b_momentum_extended (9個の特徴量)
2026-06-18 18:13:14,802 - __main__ - INFO - グループ計算開始: group_6b_momentum_extended
2026-06-18 18:13:14,802 - __main__ - INFO - モメンタム特徴量計算開始
2026-06-18 18:13:14,803 - __main__ - INFO - モメンタム特徴量計算完了: 17個
2026-06-18 18:13:14,804 - __main__ - INFO - 品質保証システム適用開始 (EWMベース, timeframe=M5)
2026-06-18 18:13:14,804 - __main__ - INFO - 品質保証適用: 9個の特徴量 (timeframe=M5)
2026-06-18 18:13:14,806 - __main__ - INFO - 品質保証適用完了: 9列
2026-06-18 18:13:14,806 - __main__ - INFO - グループ計算完了: group_6b_momentum_extended - 9個の特徴量
2026-06-18 18:13:15,062 - __main__ - INFO - [Phase D-3] artifact 抽出完了 (engine_1_C): 9 features (group_6b_momentum_extended)
2026-06-18 18:13:15,107 - __main__ - INFO - グループ処理開始: group_7_moving_averages (15個の特徴量)
2026-06-18 18:13:15,108 - __main__ - INFO - グループ計算開始: group_7_moving_averages
2026-06-18 18:13:15,108 - __main__ - INFO - 移動平均線特徴量計算開始
2026-06-18 18:13:15,110 - __main__ - INFO - 移動平均線特徴量計算完了: 39個
2026-06-18 18:13:15,111 - __main__ - INFO - 品質保証システム適用開始 (EWMベース, timeframe=M5)
2026-06-18 18:13:15,111 - __main__ - INFO - 品質保証適用: 15個の特徴量 (timeframe=M5)
2026-06-18 18:13:15,113 - __main__ - INFO - 品質保証適用完了: 15列
2026-06-18 18:13:15,113 - __main__ - INFO - グループ計算完了: group_7_moving_averages - 19個の特徴量
2026-06-18 18:13:15,486 - __main__ - INFO - [Phase D-3] artifact 抽出完了 (engine_1_C): 15 features (group_7_moving_averages)
2026-06-18 18:13:15,535 - __main__ - INFO - グループ処理開始: group_8_advanced (14個の特徴量)
2026-06-18 18:13:15,535 - __main__ - INFO - グループ計算開始: group_8_advanced
2026-06-18 18:13:15,536 - __main__ - INFO - 高度な指標特徴量計算開始
2026-06-18 18:13:15,537 - __main__ - INFO - 高度な指標特徴量計算完了: 14個
2026-06-18 18:13:15,538 - __main__ - INFO - 品質保証システム適用開始 (EWMベース, timeframe=M5)
2026-06-18 18:13:15,539 - __main__ - INFO - 品質保証適用: 14個の特徴量 (timeframe=M5)
2026-06-18 18:13:15,540 - __main__ - INFO - 品質保証適用完了: 14列
2026-06-18 18:13:15,541 - __main__ - INFO - グループ計算完了: group_8_advanced - 15個の特徴量
2026-06-18 18:13:15,951 - __main__ - INFO - [Phase D-3] artifact 抽出完了 (engine_1_C): 14 features (group_8_advanced)
2026-06-18 18:13:16,001 - __main__ - INFO - グループ処理開始: group_9_moving_extended (24個の特徴量)
2026-06-18 18:13:16,001 - __main__ - INFO - グループ計算開始: group_9_moving_extended
2026-06-18 18:13:16,002 - __main__ - INFO - 移動平均線特徴量計算開始
2026-06-18 18:13:16,003 - __main__ - INFO - 移動平均線特徴量計算完了: 39個
2026-06-18 18:13:16,004 - __main__ - INFO - 品質保証システム適用開始 (EWMベース, timeframe=M5)
2026-06-18 18:13:16,005 - __main__ - INFO - 品質保証適用: 24個の特徴量 (timeframe=M5)
2026-06-18 18:13:16,007 - __main__ - INFO - 品質保証適用完了: 24列
2026-06-18 18:13:16,007 - __main__ - INFO - グループ計算完了: group_9_moving_extended - 30個の特徴量
2026-06-18 18:13:16,638 - __main__ - INFO - [Phase D-3] artifact 抽出完了 (engine_1_C): 24 features (group_9_moving_extended)
2026-06-18 18:13:16,688 - __main__ - INFO - 全グループ計算完了。ファイルの結合を開始します...
2026-06-18 18:13:17,401 - __main__ - INFO - NaN埋め処理完了: 184個の特徴量 (basic=7, ホワイトリスト方式)
2026-06-18 18:13:17,559 - __main__ - INFO - 保存完了: features_e1c_M5.parquet (21.12MB, 0.15秒)
2026-06-18 18:13:17,560 - __main__ - INFO - === 通常処理完了: M5 - 6.94秒 ===
2026-06-18 18:13:17,561 - __main__ - INFO - === 通常処理開始: timeframe=M8 ===
2026-06-18 18:13:17,561 - __main__ - INFO - DataEngine初期化: /workspace/data/XAUUSD/stratum_1_base/master_processed
2026-06-18 18:13:17,562 - __main__ - INFO - 一時ディレクトリ作成: /tmp/features_e1c_ui0w2r_m
2026-06-18 18:13:17,562 - __main__ - INFO - CalculationEngine初期化: e1c_
2026-06-18 18:13:17,567 - __main__ - INFO - OutputEngine初期化: /workspace/data/XAUUSD/stratum_2_features/feature_value_a_vast_universeC
2026-06-18 18:13:17,605 - __main__ - INFO - データサマリー: {'columns': ['timeframe', 'timestamp', 'open', 'high', 'low', 'close', 'volume', 'disc', 'log_return', 'rolling_volatility', 'rolling_avg_volume', 'price_direction', 'price_momentum', 'volume_ratio'], 'dtypes': {'timeframe': 'String', 'timestamp': "Datetime(time_unit='ns', time_zone=None)", 'open': 'Float64', 'high': 'Float64', 'low': 'Float64', 'close': 'Float64', 'volume': 'Int64', 'disc': 'Boolean', 'log_return': 'Float64', 'rolling_volatility': 'Float64', 'rolling_avg_volume': 'Float64', 'price_direction': 'Int8', 'price_momentum': 'Float64', 'volume_ratio': 'Float64'}, 'sample_rows': 1000, 'memory_usage_mb': 0.08504581451416016}
2026-06-18 18:13:17,620 - __main__ - INFO - グループ処理開始: group_1a_rsi_basic (4個の特徴量)
2026-06-18 18:13:17,621 - __main__ - INFO - グループ計算開始: group_1a_rsi_basic
2026-06-18 18:13:17,621 - __main__ - INFO - RSI特徴量計算開始
2026-06-18 18:13:17,622 - __main__ - INFO - RSI特徴量計算完了: 12個
2026-06-18 18:13:17,622 - __main__ - INFO - 品質保証システム適用開始 (EWMベース, timeframe=M8)
2026-06-18 18:13:17,623 - __main__ - INFO - 品質保証適用: 6個の特徴量 (timeframe=M8)
2026-06-18 18:13:17,624 - __main__ - INFO - 品質保証適用完了: 6列
2026-06-18 18:13:17,624 - __main__ - INFO - グループ計算完了: group_1a_rsi_basic - 6個の特徴量
2026-06-18 18:13:17,755 - __main__ - INFO - [Phase D-3] artifact 抽出完了 (engine_1_C): 6 features (group_1a_rsi_basic)
2026-06-18 18:13:17,800 - __main__ - INFO - グループ処理開始: group_1b_rsi_extended (4個の特徴量)
2026-06-18 18:13:17,801 - __main__ - INFO - グループ計算開始: group_1b_rsi_extended
2026-06-18 18:13:17,801 - __main__ - INFO - RSI特徴量計算開始
2026-06-18 18:13:17,802 - __main__ - INFO - RSI特徴量計算完了: 12個
2026-06-18 18:13:17,802 - __main__ - INFO - 品質保証システム適用開始 (EWMベース, timeframe=M8)
2026-06-18 18:13:17,803 - __main__ - INFO - 品質保証適用: 4個の特徴量 (timeframe=M8)
2026-06-18 18:13:17,804 - __main__ - INFO - 品質保証適用完了: 4列
2026-06-18 18:13:17,804 - __main__ - INFO - グループ計算完了: group_1b_rsi_extended - 4個の特徴量
2026-06-18 18:13:17,889 - __main__ - INFO - [Phase D-3] artifact 抽出完了 (engine_1_C): 4 features (group_1b_rsi_extended)
2026-06-18 18:13:17,934 - __main__ - INFO - グループ処理開始: group_1c_rsi_stochastic (2個の特徴量)
2026-06-18 18:13:17,934 - __main__ - INFO - グループ計算開始: group_1c_rsi_stochastic
2026-06-18 18:13:17,935 - __main__ - INFO - RSI特徴量計算開始
2026-06-18 18:13:17,935 - __main__ - INFO - RSI特徴量計算完了: 12個
2026-06-18 18:13:17,936 - __main__ - INFO - 品質保証システム適用開始 (EWMベース, timeframe=M8)
2026-06-18 18:13:17,936 - __main__ - INFO - 品質保証適用: 2個の特徴量 (timeframe=M8)
2026-06-18 18:13:17,937 - __main__ - INFO - 品質保証適用完了: 2列
2026-06-18 18:13:17,937 - __main__ - INFO - グループ計算完了: group_1c_rsi_stochastic - 2個の特徴量
2026-06-18 18:13:17,980 - __main__ - INFO - [Phase D-3] artifact 抽出完了 (engine_1_C): 2 features (group_1c_rsi_stochastic)
2026-06-18 18:13:18,025 - __main__ - INFO - グループ処理開始: group_1d_rsi_divergence (2個の特徴量)
2026-06-18 18:13:18,026 - __main__ - INFO - グループ計算開始: group_1d_rsi_divergence
2026-06-18 18:13:18,026 - __main__ - INFO - RSI特徴量計算開始
2026-06-18 18:13:18,027 - __main__ - INFO - RSI特徴量計算完了: 12個
2026-06-18 18:13:18,028 - __main__ - INFO - 品質保証システム適用開始 (EWMベース, timeframe=M8)
2026-06-18 18:13:18,028 - __main__ - INFO - 品質保証適用: 2個の特徴量 (timeframe=M8)
2026-06-18 18:13:18,029 - __main__ - INFO - 品質保証適用完了: 2列
2026-06-18 18:13:18,029 - __main__ - INFO - グループ計算完了: group_1d_rsi_divergence - 2個の特徴量
2026-06-18 18:13:18,077 - __main__ - INFO - [Phase D-3] artifact 抽出完了 (engine_1_C): 2 features (group_1d_rsi_divergence)
2026-06-18 18:13:18,122 - __main__ - INFO - グループ処理開始: group_2a_macd_standard (3個の特徴量)
2026-06-18 18:13:18,122 - __main__ - INFO - グループ計算開始: group_2a_macd_standard
2026-06-18 18:13:18,123 - __main__ - INFO - MACD特徴量計算開始
2026-06-18 18:13:18,123 - __main__ - INFO - MACD特徴量計算完了: 9個
2026-06-18 18:13:18,124 - __main__ - INFO - 品質保証システム適用開始 (EWMベース, timeframe=M8)
2026-06-18 18:13:18,124 - __main__ - INFO - 品質保証適用: 3個の特徴量 (timeframe=M8)
2026-06-18 18:13:18,125 - __main__ - INFO - 品質保証適用完了: 3列
2026-06-18 18:13:18,125 - __main__ - INFO - グループ計算完了: group_2a_macd_standard - 3個の特徴量
2026-06-18 18:13:18,182 - __main__ - INFO - [Phase D-3] artifact 抽出完了 (engine_1_C): 3 features (group_2a_macd_standard)
2026-06-18 18:13:18,227 - __main__ - INFO - グループ処理開始: group_2b_macd_variants (6個の特徴量)
2026-06-18 18:13:18,227 - __main__ - INFO - グループ計算開始: group_2b_macd_variants
2026-06-18 18:13:18,228 - __main__ - INFO - MACD特徴量計算開始
2026-06-18 18:13:18,229 - __main__ - INFO - MACD特徴量計算完了: 9個
2026-06-18 18:13:18,229 - __main__ - INFO - 品質保証システム適用開始 (EWMベース, timeframe=M8)
2026-06-18 18:13:18,230 - __main__ - INFO - 品質保証適用: 6個の特徴量 (timeframe=M8)
2026-06-18 18:13:18,230 - __main__ - INFO - 品質保証適用完了: 6列
2026-06-18 18:13:18,231 - __main__ - INFO - グループ計算完了: group_2b_macd_variants - 6個の特徴量
2026-06-18 18:13:18,341 - __main__ - INFO - [Phase D-3] artifact 抽出完了 (engine_1_C): 6 features (group_2b_macd_variants)
2026-06-18 18:13:18,390 - __main__ - INFO - グループ処理開始: group_3a_bb_20 (10個の特徴量)
2026-06-18 18:13:18,390 - __main__ - INFO - グループ計算開始: group_3a_bb_20
2026-06-18 18:13:18,390 - __main__ - INFO - ボリンジャーバンド特徴量計算開始
2026-06-18 18:13:18,392 - __main__ - INFO - ボリンジャーバンド特徴量計算完了: 54個
2026-06-18 18:13:18,394 - __main__ - INFO - 品質保証システム適用開始 (EWMベース, timeframe=M8)
2026-06-18 18:13:18,395 - __main__ - INFO - 品質保証適用: 14個の特徴量 (timeframe=M8)
2026-06-18 18:13:18,396 - __main__ - INFO - 品質保証適用完了: 14列
2026-06-18 18:13:18,397 - __main__ - INFO - グループ計算完了: group_3a_bb_20 - 16個の特徴量
2026-06-18 18:13:18,696 - __main__ - INFO - [Phase D-3] artifact 抽出完了 (engine_1_C): 14 features (group_3a_bb_20)
2026-06-18 18:13:18,743 - __main__ - INFO - グループ処理開始: group_3b_bb_30_50 (26個の特徴量)
2026-06-18 18:13:18,743 - __main__ - INFO - グループ計算開始: group_3b_bb_30_50
2026-06-18 18:13:18,744 - __main__ - INFO - ボリンジャーバンド特徴量計算開始
2026-06-18 18:13:18,745 - __main__ - INFO - ボリンジャーバンド特徴量計算完了: 54個
2026-06-18 18:13:18,747 - __main__ - INFO - 品質保証システム適用開始 (EWMベース, timeframe=M8)
2026-06-18 18:13:18,748 - __main__ - INFO - 品質保証適用: 30個の特徴量 (timeframe=M8)
2026-06-18 18:13:18,750 - __main__ - INFO - 品質保証適用完了: 30列
2026-06-18 18:13:18,751 - __main__ - INFO - グループ計算完了: group_3b_bb_30_50 - 38個の特徴量
2026-06-18 18:13:19,485 - __main__ - INFO - [Phase D-3] artifact 抽出完了 (engine_1_C): 30 features (group_3b_bb_30_50)
2026-06-18 18:13:19,533 - __main__ - INFO - グループ処理開始: group_3c_bb_variants (6個の特徴量)
2026-06-18 18:13:19,534 - __main__ - INFO - グループ計算開始: group_3c_bb_variants
2026-06-18 18:13:19,534 - __main__ - INFO - ボリンジャーバンド特徴量計算開始
2026-06-18 18:13:19,535 - __main__ - INFO - ボリンジャーバンド特徴量計算完了: 54個
2026-06-18 18:13:19,537 - __main__ - INFO - 品質保証システム適用開始 (EWMベース, timeframe=M8)
2026-06-18 18:13:19,538 - __main__ - INFO - 品質保証適用: 6個の特徴量 (timeframe=M8)
2026-06-18 18:13:19,539 - __main__ - INFO - 品質保証適用完了: 6列
2026-06-18 18:13:19,539 - __main__ - INFO - グループ計算完了: group_3c_bb_variants - 6個の特徴量
2026-06-18 18:13:19,664 - __main__ - INFO - [Phase D-3] artifact 抽出完了 (engine_1_C): 6 features (group_3c_bb_variants)
2026-06-18 18:13:19,709 - __main__ - INFO - グループ処理開始: group_4a_atr_basic (4個の特徴量)
2026-06-18 18:13:19,709 - __main__ - INFO - グループ計算開始: group_4a_atr_basic
2026-06-18 18:13:19,710 - __main__ - INFO - ATR特徴量計算開始
2026-06-18 18:13:19,711 - __main__ - INFO - ATR特徴量計算完了: 16個
2026-06-18 18:13:19,711 - __main__ - INFO - 品質保証システム適用開始 (EWMベース, timeframe=M8)
2026-06-18 18:13:19,712 - __main__ - INFO - 品質保証適用: 4個の特徴量 (timeframe=M8)
2026-06-18 18:13:19,713 - __main__ - INFO - 品質保証適用完了: 4列
2026-06-18 18:13:19,713 - __main__ - INFO - グループ計算完了: group_4a_atr_basic - 4個の特徴量
2026-06-18 18:13:19,788 - __main__ - INFO - [Phase D-3] artifact 抽出完了 (engine_1_C): 4 features (group_4a_atr_basic)
2026-06-18 18:13:19,835 - __main__ - INFO - グループ処理開始: group_4b_atr_extended (12個の特徴量)
2026-06-18 18:13:19,835 - __main__ - INFO - グループ計算開始: group_4b_atr_extended
2026-06-18 18:13:19,836 - __main__ - INFO - ATR特徴量計算開始
2026-06-18 18:13:19,837 - __main__ - INFO - ATR特徴量計算完了: 16個
2026-06-18 18:13:19,837 - __main__ - INFO - 品質保証システム適用開始 (EWMベース, timeframe=M8)
2026-06-18 18:13:19,838 - __main__ - INFO - 品質保証適用: 12個の特徴量 (timeframe=M8)
2026-06-18 18:13:19,839 - __main__ - INFO - 品質保証適用完了: 12列
2026-06-18 18:13:19,840 - __main__ - INFO - グループ計算完了: group_4b_atr_extended - 12個の特徴量
2026-06-18 18:13:20,076 - __main__ - INFO - [Phase D-3] artifact 抽出完了 (engine_1_C): 12 features (group_4b_atr_extended)
2026-06-18 18:13:20,123 - __main__ - INFO - グループ処理開始: group_5a_oscillators_basic (9個の特徴量)
2026-06-18 18:13:20,124 - __main__ - INFO - グループ計算開始: group_5a_oscillators_basic
2026-06-18 18:13:20,124 - __main__ - INFO - オシレーター特徴量計算開始
2026-06-18 18:13:20,125 - __main__ - INFO - オシレーター特徴量計算完了: 30個
2026-06-18 18:13:20,126 - __main__ - INFO - 品質保証システム適用開始 (EWMベース, timeframe=M8)
2026-06-18 18:13:20,126 - __main__ - INFO - 品質保証適用: 9個の特徴量 (timeframe=M8)
2026-06-18 18:13:20,127 - __main__ - INFO - 品質保証適用完了: 9列
2026-06-18 18:13:20,128 - __main__ - INFO - グループ計算完了: group_5a_oscillators_basic - 9個の特徴量
2026-06-18 18:13:20,303 - __main__ - INFO - [Phase D-3] artifact 抽出完了 (engine_1_C): 9 features (group_5a_oscillators_basic)
2026-06-18 18:13:20,348 - __main__ - INFO - グループ処理開始: group_5b_oscillators_extended (21個の特徴量)
2026-06-18 18:13:20,349 - __main__ - INFO - グループ計算開始: group_5b_oscillators_extended
2026-06-18 18:13:20,349 - __main__ - INFO - オシレーター特徴量計算開始
2026-06-18 18:13:20,350 - __main__ - INFO - オシレーター特徴量計算完了: 30個
2026-06-18 18:13:20,351 - __main__ - INFO - 品質保証システム適用開始 (EWMベース, timeframe=M8)
2026-06-18 18:13:20,351 - __main__ - INFO - 品質保証適用: 21個の特徴量 (timeframe=M8)
2026-06-18 18:13:20,353 - __main__ - INFO - 品質保証適用完了: 21列
2026-06-18 18:13:20,353 - __main__ - INFO - グループ計算完了: group_5b_oscillators_extended - 21個の特徴量
2026-06-18 18:13:20,779 - __main__ - INFO - [Phase D-3] artifact 抽出完了 (engine_1_C): 21 features (group_5b_oscillators_extended)
2026-06-18 18:13:20,825 - __main__ - INFO - グループ処理開始: group_6a_momentum_basic (8個の特徴量)
2026-06-18 18:13:20,825 - __main__ - INFO - グループ計算開始: group_6a_momentum_basic
2026-06-18 18:13:20,826 - __main__ - INFO - モメンタム特徴量計算開始
2026-06-18 18:13:20,827 - __main__ - INFO - モメンタム特徴量計算完了: 17個
2026-06-18 18:13:20,828 - __main__ - INFO - 品質保証システム適用開始 (EWMベース, timeframe=M8)
2026-06-18 18:13:20,828 - __main__ - INFO - 品質保証適用: 8個の特徴量 (timeframe=M8)
2026-06-18 18:13:20,829 - __main__ - INFO - 品質保証適用完了: 8列
2026-06-18 18:13:20,830 - __main__ - INFO - グループ計算完了: group_6a_momentum_basic - 8個の特徴量
2026-06-18 18:13:20,984 - __main__ - INFO - [Phase D-3] artifact 抽出完了 (engine_1_C): 8 features (group_6a_momentum_basic)
2026-06-18 18:13:21,031 - __main__ - INFO - グループ処理開始: group_6b_momentum_extended (9個の特徴量)
2026-06-18 18:13:21,032 - __main__ - INFO - グループ計算開始: group_6b_momentum_extended
2026-06-18 18:13:21,032 - __main__ - INFO - モメンタム特徴量計算開始
2026-06-18 18:13:21,033 - __main__ - INFO - モメンタム特徴量計算完了: 17個
2026-06-18 18:13:21,034 - __main__ - INFO - 品質保証システム適用開始 (EWMベース, timeframe=M8)
2026-06-18 18:13:21,034 - __main__ - INFO - 品質保証適用: 9個の特徴量 (timeframe=M8)
2026-06-18 18:13:21,035 - __main__ - INFO - 品質保証適用完了: 9列
2026-06-18 18:13:21,036 - __main__ - INFO - グループ計算完了: group_6b_momentum_extended - 9個の特徴量
2026-06-18 18:13:21,255 - __main__ - INFO - [Phase D-3] artifact 抽出完了 (engine_1_C): 9 features (group_6b_momentum_extended)
2026-06-18 18:13:21,302 - __main__ - INFO - グループ処理開始: group_7_moving_averages (15個の特徴量)
2026-06-18 18:13:21,302 - __main__ - INFO - グループ計算開始: group_7_moving_averages
2026-06-18 18:13:21,303 - __main__ - INFO - 移動平均線特徴量計算開始
2026-06-18 18:13:21,304 - __main__ - INFO - 移動平均線特徴量計算完了: 39個
2026-06-18 18:13:21,305 - __main__ - INFO - 品質保証システム適用開始 (EWMベース, timeframe=M8)
2026-06-18 18:13:21,306 - __main__ - INFO - 品質保証適用: 15個の特徴量 (timeframe=M8)
2026-06-18 18:13:21,307 - __main__ - INFO - 品質保証適用完了: 15列
2026-06-18 18:13:21,307 - __main__ - INFO - グループ計算完了: group_7_moving_averages - 19個の特徴量
2026-06-18 18:13:21,605 - __main__ - INFO - [Phase D-3] artifact 抽出完了 (engine_1_C): 15 features (group_7_moving_averages)
2026-06-18 18:13:21,652 - __main__ - INFO - グループ処理開始: group_8_advanced (14個の特徴量)
2026-06-18 18:13:21,653 - __main__ - INFO - グループ計算開始: group_8_advanced
2026-06-18 18:13:21,653 - __main__ - INFO - 高度な指標特徴量計算開始
2026-06-18 18:13:21,654 - __main__ - INFO - 高度な指標特徴量計算完了: 14個
2026-06-18 18:13:21,655 - __main__ - INFO - 品質保証システム適用開始 (EWMベース, timeframe=M8)
2026-06-18 18:13:21,656 - __main__ - INFO - 品質保証適用: 14個の特徴量 (timeframe=M8)
2026-06-18 18:13:21,658 - __main__ - INFO - 品質保証適用完了: 14列
2026-06-18 18:13:21,658 - __main__ - INFO - グループ計算完了: group_8_advanced - 15個の特徴量
2026-06-18 18:13:22,014 - __main__ - INFO - [Phase D-3] artifact 抽出完了 (engine_1_C): 14 features (group_8_advanced)
2026-06-18 18:13:22,064 - __main__ - INFO - グループ処理開始: group_9_moving_extended (24個の特徴量)
2026-06-18 18:13:22,065 - __main__ - INFO - グループ計算開始: group_9_moving_extended
2026-06-18 18:13:22,065 - __main__ - INFO - 移動平均線特徴量計算開始
2026-06-18 18:13:22,067 - __main__ - INFO - 移動平均線特徴量計算完了: 39個
2026-06-18 18:13:22,068 - __main__ - INFO - 品質保証システム適用開始 (EWMベース, timeframe=M8)
2026-06-18 18:13:22,068 - __main__ - INFO - 品質保証適用: 24個の特徴量 (timeframe=M8)
2026-06-18 18:13:22,070 - __main__ - INFO - 品質保証適用完了: 24列
2026-06-18 18:13:22,071 - __main__ - INFO - グループ計算完了: group_9_moving_extended - 30個の特徴量
2026-06-18 18:13:22,586 - __main__ - INFO - [Phase D-3] artifact 抽出完了 (engine_1_C): 24 features (group_9_moving_extended)
2026-06-18 18:13:22,634 - __main__ - INFO - 全グループ計算完了。ファイルの結合を開始します...
2026-06-18 18:13:23,339 - __main__ - INFO - NaN埋め処理完了: 184個の特徴量 (basic=7, ホワイトリスト方式)
2026-06-18 18:13:23,469 - __main__ - INFO - 保存完了: features_e1c_M8.parquet (13.26MB, 0.12秒)
2026-06-18 18:13:23,470 - __main__ - INFO - === 通常処理完了: M8 - 5.91秒 ===
2026-06-18 18:13:23,471 - __main__ - INFO - === 通常処理開始: timeframe=M15 ===
2026-06-18 18:13:23,471 - __main__ - INFO - DataEngine初期化: /workspace/data/XAUUSD/stratum_1_base/master_processed
2026-06-18 18:13:23,472 - __main__ - INFO - 一時ディレクトリ作成: /tmp/features_e1c_iehd12qy
2026-06-18 18:13:23,472 - __main__ - INFO - CalculationEngine初期化: e1c_
2026-06-18 18:13:23,477 - __main__ - INFO - OutputEngine初期化: /workspace/data/XAUUSD/stratum_2_features/feature_value_a_vast_universeC
2026-06-18 18:13:23,520 - __main__ - INFO - データサマリー: {'columns': ['timeframe', 'timestamp', 'open', 'high', 'low', 'close', 'volume', 'disc', 'log_return', 'rolling_volatility', 'rolling_avg_volume', 'price_direction', 'price_momentum', 'volume_ratio'], 'dtypes': {'timeframe': 'String', 'timestamp': "Datetime(time_unit='ns', time_zone=None)", 'open': 'Float64', 'high': 'Float64', 'low': 'Float64', 'close': 'Float64', 'volume': 'Int64', 'disc': 'Boolean', 'log_return': 'Float64', 'rolling_volatility': 'Float64', 'rolling_avg_volume': 'Float64', 'price_direction': 'Int8', 'price_momentum': 'Float64', 'volume_ratio': 'Float64'}, 'sample_rows': 1000, 'memory_usage_mb': 0.08505725860595703}
2026-06-18 18:13:23,531 - __main__ - INFO - グループ処理開始: group_1a_rsi_basic (4個の特徴量)
2026-06-18 18:13:23,532 - __main__ - INFO - グループ計算開始: group_1a_rsi_basic
2026-06-18 18:13:23,532 - __main__ - INFO - RSI特徴量計算開始
2026-06-18 18:13:23,533 - __main__ - INFO - RSI特徴量計算完了: 12個
2026-06-18 18:13:23,533 - __main__ - INFO - 品質保証システム適用開始 (EWMベース, timeframe=M15)
2026-06-18 18:13:23,533 - __main__ - INFO - 品質保証適用: 6個の特徴量 (timeframe=M15)
2026-06-18 18:13:23,534 - __main__ - INFO - 品質保証適用完了: 6列
2026-06-18 18:13:23,534 - __main__ - INFO - グループ計算完了: group_1a_rsi_basic - 6個の特徴量
2026-06-18 18:13:23,642 - __main__ - INFO - [Phase D-3] artifact 抽出完了 (engine_1_C): 6 features (group_1a_rsi_basic)
2026-06-18 18:13:23,689 - __main__ - INFO - グループ処理開始: group_1b_rsi_extended (4個の特徴量)
2026-06-18 18:13:23,689 - __main__ - INFO - グループ計算開始: group_1b_rsi_extended
2026-06-18 18:13:23,690 - __main__ - INFO - RSI特徴量計算開始
2026-06-18 18:13:23,690 - __main__ - INFO - RSI特徴量計算完了: 12個
2026-06-18 18:13:23,691 - __main__ - INFO - 品質保証システム適用開始 (EWMベース, timeframe=M15)
2026-06-18 18:13:23,691 - __main__ - INFO - 品質保証適用: 4個の特徴量 (timeframe=M15)
2026-06-18 18:13:23,692 - __main__ - INFO - 品質保証適用完了: 4列
2026-06-18 18:13:23,692 - __main__ - INFO - グループ計算完了: group_1b_rsi_extended - 4個の特徴量
2026-06-18 18:13:23,764 - __main__ - INFO - [Phase D-3] artifact 抽出完了 (engine_1_C): 4 features (group_1b_rsi_extended)
2026-06-18 18:13:23,810 - __main__ - INFO - グループ処理開始: group_1c_rsi_stochastic (2個の特徴量)
2026-06-18 18:13:23,811 - __main__ - INFO - グループ計算開始: group_1c_rsi_stochastic
2026-06-18 18:13:23,811 - __main__ - INFO - RSI特徴量計算開始
2026-06-18 18:13:23,812 - __main__ - INFO - RSI特徴量計算完了: 12個
2026-06-18 18:13:23,813 - __main__ - INFO - 品質保証システム適用開始 (EWMベース, timeframe=M15)
2026-06-18 18:13:23,813 - __main__ - INFO - 品質保証適用: 2個の特徴量 (timeframe=M15)
2026-06-18 18:13:23,814 - __main__ - INFO - 品質保証適用完了: 2列
2026-06-18 18:13:23,814 - __main__ - INFO - グループ計算完了: group_1c_rsi_stochastic - 2個の特徴量
2026-06-18 18:13:23,849 - __main__ - INFO - [Phase D-3] artifact 抽出完了 (engine_1_C): 2 features (group_1c_rsi_stochastic)
2026-06-18 18:13:23,893 - __main__ - INFO - グループ処理開始: group_1d_rsi_divergence (2個の特徴量)
2026-06-18 18:13:23,893 - __main__ - INFO - グループ計算開始: group_1d_rsi_divergence
2026-06-18 18:13:23,894 - __main__ - INFO - RSI特徴量計算開始
2026-06-18 18:13:23,894 - __main__ - INFO - RSI特徴量計算完了: 12個
2026-06-18 18:13:23,895 - __main__ - INFO - 品質保証システム適用開始 (EWMベース, timeframe=M15)
2026-06-18 18:13:23,896 - __main__ - INFO - 品質保証適用: 2個の特徴量 (timeframe=M15)
2026-06-18 18:13:23,896 - __main__ - INFO - 品質保証適用完了: 2列
2026-06-18 18:13:23,896 - __main__ - INFO - グループ計算完了: group_1d_rsi_divergence - 2個の特徴量
2026-06-18 18:13:23,938 - __main__ - INFO - [Phase D-3] artifact 抽出完了 (engine_1_C): 2 features (group_1d_rsi_divergence)
2026-06-18 18:13:23,983 - __main__ - INFO - グループ処理開始: group_2a_macd_standard (3個の特徴量)
2026-06-18 18:13:23,984 - __main__ - INFO - グループ計算開始: group_2a_macd_standard
2026-06-18 18:13:23,984 - __main__ - INFO - MACD特徴量計算開始
2026-06-18 18:13:23,985 - __main__ - INFO - MACD特徴量計算完了: 9個
2026-06-18 18:13:23,985 - __main__ - INFO - 品質保証システム適用開始 (EWMベース, timeframe=M15)
2026-06-18 18:13:23,986 - __main__ - INFO - 品質保証適用: 3個の特徴量 (timeframe=M15)
2026-06-18 18:13:23,987 - __main__ - INFO - 品質保証適用完了: 3列
2026-06-18 18:13:23,987 - __main__ - INFO - グループ計算完了: group_2a_macd_standard - 3個の特徴量
2026-06-18 18:13:24,034 - __main__ - INFO - [Phase D-3] artifact 抽出完了 (engine_1_C): 3 features (group_2a_macd_standard)
2026-06-18 18:13:24,077 - __main__ - INFO - グループ処理開始: group_2b_macd_variants (6個の特徴量)
2026-06-18 18:13:24,078 - __main__ - INFO - グループ計算開始: group_2b_macd_variants
2026-06-18 18:13:24,078 - __main__ - INFO - MACD特徴量計算開始
2026-06-18 18:13:24,079 - __main__ - INFO - MACD特徴量計算完了: 9個
2026-06-18 18:13:24,080 - __main__ - INFO - 品質保証システム適用開始 (EWMベース, timeframe=M15)
2026-06-18 18:13:24,080 - __main__ - INFO - 品質保証適用: 6個の特徴量 (timeframe=M15)
2026-06-18 18:13:24,081 - __main__ - INFO - 品質保証適用完了: 6列
2026-06-18 18:13:24,081 - __main__ - INFO - グループ計算完了: group_2b_macd_variants - 6個の特徴量
2026-06-18 18:13:24,175 - __main__ - INFO - [Phase D-3] artifact 抽出完了 (engine_1_C): 6 features (group_2b_macd_variants)
2026-06-18 18:13:24,219 - __main__ - INFO - グループ処理開始: group_3a_bb_20 (10個の特徴量)
2026-06-18 18:13:24,219 - __main__ - INFO - グループ計算開始: group_3a_bb_20
2026-06-18 18:13:24,220 - __main__ - INFO - ボリンジャーバンド特徴量計算開始
2026-06-18 18:13:24,221 - __main__ - INFO - ボリンジャーバンド特徴量計算完了: 54個
2026-06-18 18:13:24,223 - __main__ - INFO - 品質保証システム適用開始 (EWMベース, timeframe=M15)
2026-06-18 18:13:24,224 - __main__ - INFO - 品質保証適用: 14個の特徴量 (timeframe=M15)
2026-06-18 18:13:24,225 - __main__ - INFO - 品質保証適用完了: 14列
2026-06-18 18:13:24,225 - __main__ - INFO - グループ計算完了: group_3a_bb_20 - 16個の特徴量
2026-06-18 18:13:24,475 - __main__ - INFO - [Phase D-3] artifact 抽出完了 (engine_1_C): 14 features (group_3a_bb_20)
2026-06-18 18:13:24,524 - __main__ - INFO - グループ処理開始: group_3b_bb_30_50 (26個の特徴量)
2026-06-18 18:13:24,524 - __main__ - INFO - グループ計算開始: group_3b_bb_30_50
2026-06-18 18:13:24,524 - __main__ - INFO - ボリンジャーバンド特徴量計算開始
2026-06-18 18:13:24,526 - __main__ - INFO - ボリンジャーバンド特徴量計算完了: 54個
2026-06-18 18:13:24,527 - __main__ - INFO - 品質保証システム適用開始 (EWMベース, timeframe=M15)
2026-06-18 18:13:24,529 - __main__ - INFO - 品質保証適用: 30個の特徴量 (timeframe=M15)
2026-06-18 18:13:24,531 - __main__ - INFO - 品質保証適用完了: 30列
2026-06-18 18:13:24,532 - __main__ - INFO - グループ計算完了: group_3b_bb_30_50 - 38個の特徴量
2026-06-18 18:13:25,107 - __main__ - INFO - [Phase D-3] artifact 抽出完了 (engine_1_C): 30 features (group_3b_bb_30_50)
2026-06-18 18:13:25,156 - __main__ - INFO - グループ処理開始: group_3c_bb_variants (6個の特徴量)
2026-06-18 18:13:25,157 - __main__ - INFO - グループ計算開始: group_3c_bb_variants
2026-06-18 18:13:25,157 - __main__ - INFO - ボリンジャーバンド特徴量計算開始
2026-06-18 18:13:25,158 - __main__ - INFO - ボリンジャーバンド特徴量計算完了: 54個
2026-06-18 18:13:25,160 - __main__ - INFO - 品質保証システム適用開始 (EWMベース, timeframe=M15)
2026-06-18 18:13:25,161 - __main__ - INFO - 品質保証適用: 6個の特徴量 (timeframe=M15)
2026-06-18 18:13:25,162 - __main__ - INFO - 品質保証適用完了: 6列
2026-06-18 18:13:25,162 - __main__ - INFO - グループ計算完了: group_3c_bb_variants - 6個の特徴量
2026-06-18 18:13:25,261 - __main__ - INFO - [Phase D-3] artifact 抽出完了 (engine_1_C): 6 features (group_3c_bb_variants)
2026-06-18 18:13:25,306 - __main__ - INFO - グループ処理開始: group_4a_atr_basic (4個の特徴量)
2026-06-18 18:13:25,306 - __main__ - INFO - グループ計算開始: group_4a_atr_basic
2026-06-18 18:13:25,307 - __main__ - INFO - ATR特徴量計算開始
2026-06-18 18:13:25,308 - __main__ - INFO - ATR特徴量計算完了: 16個
2026-06-18 18:13:25,308 - __main__ - INFO - 品質保証システム適用開始 (EWMベース, timeframe=M15)
2026-06-18 18:13:25,309 - __main__ - INFO - 品質保証適用: 4個の特徴量 (timeframe=M15)
2026-06-18 18:13:25,309 - __main__ - INFO - 品質保証適用完了: 4列
2026-06-18 18:13:25,310 - __main__ - INFO - グループ計算完了: group_4a_atr_basic - 4個の特徴量
2026-06-18 18:13:25,371 - __main__ - INFO - [Phase D-3] artifact 抽出完了 (engine_1_C): 4 features (group_4a_atr_basic)
2026-06-18 18:13:25,415 - __main__ - INFO - グループ処理開始: group_4b_atr_extended (12個の特徴量)
2026-06-18 18:13:25,416 - __main__ - INFO - グループ計算開始: group_4b_atr_extended
2026-06-18 18:13:25,416 - __main__ - INFO - ATR特徴量計算開始
2026-06-18 18:13:25,417 - __main__ - INFO - ATR特徴量計算完了: 16個
2026-06-18 18:13:25,418 - __main__ - INFO - 品質保証システム適用開始 (EWMベース, timeframe=M15)
2026-06-18 18:13:25,418 - __main__ - INFO - 品質保証適用: 12個の特徴量 (timeframe=M15)
2026-06-18 18:13:25,420 - __main__ - INFO - 品質保証適用完了: 12列
2026-06-18 18:13:25,420 - __main__ - INFO - グループ計算完了: group_4b_atr_extended - 12個の特徴量
2026-06-18 18:13:25,618 - __main__ - INFO - [Phase D-3] artifact 抽出完了 (engine_1_C): 12 features (group_4b_atr_extended)
2026-06-18 18:13:25,662 - __main__ - INFO - グループ処理開始: group_5a_oscillators_basic (9個の特徴量)
2026-06-18 18:13:25,662 - __main__ - INFO - グループ計算開始: group_5a_oscillators_basic
2026-06-18 18:13:25,663 - __main__ - INFO - オシレーター特徴量計算開始
2026-06-18 18:13:25,663 - __main__ - INFO - オシレーター特徴量計算完了: 30個
2026-06-18 18:13:25,664 - __main__ - INFO - 品質保証システム適用開始 (EWMベース, timeframe=M15)
2026-06-18 18:13:25,665 - __main__ - INFO - 品質保証適用: 9個の特徴量 (timeframe=M15)
2026-06-18 18:13:25,666 - __main__ - INFO - 品質保証適用完了: 9列
2026-06-18 18:13:25,666 - __main__ - INFO - グループ計算完了: group_5a_oscillators_basic - 9個の特徴量
2026-06-18 18:13:25,805 - __main__ - INFO - [Phase D-3] artifact 抽出完了 (engine_1_C): 9 features (group_5a_oscillators_basic)
2026-06-18 18:13:25,852 - __main__ - INFO - グループ処理開始: group_5b_oscillators_extended (21個の特徴量)
2026-06-18 18:13:25,852 - __main__ - INFO - グループ計算開始: group_5b_oscillators_extended
2026-06-18 18:13:25,853 - __main__ - INFO - オシレーター特徴量計算開始
2026-06-18 18:13:25,854 - __main__ - INFO - オシレーター特徴量計算完了: 30個
2026-06-18 18:13:25,854 - __main__ - INFO - 品質保証システム適用開始 (EWMベース, timeframe=M15)
2026-06-18 18:13:25,855 - __main__ - INFO - 品質保証適用: 21個の特徴量 (timeframe=M15)
2026-06-18 18:13:25,857 - __main__ - INFO - 品質保証適用完了: 21列
2026-06-18 18:13:25,857 - __main__ - INFO - グループ計算完了: group_5b_oscillators_extended - 21個の特徴量
2026-06-18 18:13:26,215 - __main__ - INFO - [Phase D-3] artifact 抽出完了 (engine_1_C): 21 features (group_5b_oscillators_extended)
2026-06-18 18:13:26,261 - __main__ - INFO - グループ処理開始: group_6a_momentum_basic (8個の特徴量)
2026-06-18 18:13:26,262 - __main__ - INFO - グループ計算開始: group_6a_momentum_basic
2026-06-18 18:13:26,262 - __main__ - INFO - モメンタム特徴量計算開始
2026-06-18 18:13:26,263 - __main__ - INFO - モメンタム特徴量計算完了: 17個
2026-06-18 18:13:26,264 - __main__ - INFO - 品質保証システム適用開始 (EWMベース, timeframe=M15)
2026-06-18 18:13:26,264 - __main__ - INFO - 品質保証適用: 8個の特徴量 (timeframe=M15)
2026-06-18 18:13:26,265 - __main__ - INFO - 品質保証適用完了: 8列
2026-06-18 18:13:26,265 - __main__ - INFO - グループ計算完了: group_6a_momentum_basic - 8個の特徴量
2026-06-18 18:13:26,391 - __main__ - INFO - [Phase D-3] artifact 抽出完了 (engine_1_C): 8 features (group_6a_momentum_basic)
2026-06-18 18:13:26,437 - __main__ - INFO - グループ処理開始: group_6b_momentum_extended (9個の特徴量)
2026-06-18 18:13:26,437 - __main__ - INFO - グループ計算開始: group_6b_momentum_extended
2026-06-18 18:13:26,438 - __main__ - INFO - モメンタム特徴量計算開始
2026-06-18 18:13:26,438 - __main__ - INFO - モメンタム特徴量計算完了: 17個
2026-06-18 18:13:26,439 - __main__ - INFO - 品質保証システム適用開始 (EWMベース, timeframe=M15)
2026-06-18 18:13:26,440 - __main__ - INFO - 品質保証適用: 9個の特徴量 (timeframe=M15)
2026-06-18 18:13:26,441 - __main__ - INFO - 品質保証適用完了: 9列
2026-06-18 18:13:26,441 - __main__ - INFO - グループ計算完了: group_6b_momentum_extended - 9個の特徴量
2026-06-18 18:13:26,636 - __main__ - INFO - [Phase D-3] artifact 抽出完了 (engine_1_C): 9 features (group_6b_momentum_extended)
2026-06-18 18:13:26,680 - __main__ - INFO - グループ処理開始: group_7_moving_averages (15個の特徴量)
2026-06-18 18:13:26,681 - __main__ - INFO - グループ計算開始: group_7_moving_averages
2026-06-18 18:13:26,681 - __main__ - INFO - 移動平均線特徴量計算開始
2026-06-18 18:13:26,683 - __main__ - INFO - 移動平均線特徴量計算完了: 39個
2026-06-18 18:13:26,684 - __main__ - INFO - 品質保証システム適用開始 (EWMベース, timeframe=M15)
2026-06-18 18:13:26,684 - __main__ - INFO - 品質保証適用: 15個の特徴量 (timeframe=M15)
2026-06-18 18:13:26,686 - __main__ - INFO - 品質保証適用完了: 15列
2026-06-18 18:13:26,686 - __main__ - INFO - グループ計算完了: group_7_moving_averages - 19個の特徴量
2026-06-18 18:13:26,939 - __main__ - INFO - [Phase D-3] artifact 抽出完了 (engine_1_C): 15 features (group_7_moving_averages)
2026-06-18 18:13:26,986 - __main__ - INFO - グループ処理開始: group_8_advanced (14個の特徴量)
2026-06-18 18:13:26,987 - __main__ - INFO - グループ計算開始: group_8_advanced
2026-06-18 18:13:26,987 - __main__ - INFO - 高度な指標特徴量計算開始
2026-06-18 18:13:26,988 - __main__ - INFO - 高度な指標特徴量計算完了: 14個
2026-06-18 18:13:26,989 - __main__ - INFO - 品質保証システム適用開始 (EWMベース, timeframe=M15)
2026-06-18 18:13:26,990 - __main__ - INFO - 品質保証適用: 14個の特徴量 (timeframe=M15)
2026-06-18 18:13:26,992 - __main__ - INFO - 品質保証適用完了: 14列
2026-06-18 18:13:26,992 - __main__ - INFO - グループ計算完了: group_8_advanced - 15個の特徴量
2026-06-18 18:13:27,303 - __main__ - INFO - [Phase D-3] artifact 抽出完了 (engine_1_C): 14 features (group_8_advanced)
2026-06-18 18:13:27,352 - __main__ - INFO - グループ処理開始: group_9_moving_extended (24個の特徴量)
2026-06-18 18:13:27,353 - __main__ - INFO - グループ計算開始: group_9_moving_extended
2026-06-18 18:13:27,353 - __main__ - INFO - 移動平均線特徴量計算開始
2026-06-18 18:13:27,355 - __main__ - INFO - 移動平均線特徴量計算完了: 39個
2026-06-18 18:13:27,356 - __main__ - INFO - 品質保証システム適用開始 (EWMベース, timeframe=M15)
2026-06-18 18:13:27,356 - __main__ - INFO - 品質保証適用: 24個の特徴量 (timeframe=M15)
2026-06-18 18:13:27,358 - __main__ - INFO - 品質保証適用完了: 24列
2026-06-18 18:13:27,359 - __main__ - INFO - グループ計算完了: group_9_moving_extended - 30個の特徴量
2026-06-18 18:13:27,787 - __main__ - INFO - [Phase D-3] artifact 抽出完了 (engine_1_C): 24 features (group_9_moving_extended)
2026-06-18 18:13:27,831 - __main__ - INFO - 全グループ計算完了。ファイルの結合を開始します...
2026-06-18 18:13:28,538 - __main__ - INFO - NaN埋め処理完了: 184個の特徴量 (basic=7, ホワイトリスト方式)
2026-06-18 18:13:28,633 - __main__ - INFO - 保存完了: features_e1c_M15.parquet (7.08MB, 0.09秒)
2026-06-18 18:13:28,634 - __main__ - INFO - === 通常処理完了: M15 - 5.16秒 ===
2026-06-18 18:13:28,634 - __main__ - INFO - === 通常処理開始: timeframe=M30 ===
2026-06-18 18:13:28,635 - __main__ - INFO - DataEngine初期化: /workspace/data/XAUUSD/stratum_1_base/master_processed
2026-06-18 18:13:28,636 - __main__ - INFO - 一時ディレクトリ作成: /tmp/features_e1c_nn86dtc7
2026-06-18 18:13:28,636 - __main__ - INFO - CalculationEngine初期化: e1c_
2026-06-18 18:13:28,640 - __main__ - INFO - OutputEngine初期化: /workspace/data/XAUUSD/stratum_2_features/feature_value_a_vast_universeC
2026-06-18 18:13:28,673 - __main__ - INFO - データサマリー: {'columns': ['timeframe', 'timestamp', 'open', 'high', 'low', 'close', 'volume', 'disc', 'log_return', 'rolling_volatility', 'rolling_avg_volume', 'price_direction', 'price_momentum', 'volume_ratio'], 'dtypes': {'timeframe': 'String', 'timestamp': "Datetime(time_unit='ns', time_zone=None)", 'open': 'Float64', 'high': 'Float64', 'low': 'Float64', 'close': 'Float64', 'volume': 'Int64', 'disc': 'Boolean', 'log_return': 'Float64', 'rolling_volatility': 'Float64', 'rolling_avg_volume': 'Float64', 'price_direction': 'Int8', 'price_momentum': 'Float64', 'volume_ratio': 'Float64'}, 'sample_rows': 1000, 'memory_usage_mb': 0.08505725860595703}
2026-06-18 18:13:28,681 - __main__ - INFO - グループ処理開始: group_1a_rsi_basic (4個の特徴量)
2026-06-18 18:13:28,682 - __main__ - INFO - グループ計算開始: group_1a_rsi_basic
2026-06-18 18:13:28,682 - __main__ - INFO - RSI特徴量計算開始
2026-06-18 18:13:28,682 - __main__ - INFO - RSI特徴量計算完了: 12個
2026-06-18 18:13:28,683 - __main__ - INFO - 品質保証システム適用開始 (EWMベース, timeframe=M30)
2026-06-18 18:13:28,683 - __main__ - INFO - 品質保証適用: 6個の特徴量 (timeframe=M30)
2026-06-18 18:13:28,684 - __main__ - INFO - 品質保証適用完了: 6列
2026-06-18 18:13:28,684 - __main__ - INFO - グループ計算完了: group_1a_rsi_basic - 6個の特徴量
2026-06-18 18:13:28,781 - __main__ - INFO - [Phase D-3] artifact 抽出完了 (engine_1_C): 6 features (group_1a_rsi_basic)
2026-06-18 18:13:28,826 - __main__ - INFO - グループ処理開始: group_1b_rsi_extended (4個の特徴量)
2026-06-18 18:13:28,826 - __main__ - INFO - グループ計算開始: group_1b_rsi_extended
2026-06-18 18:13:28,827 - __main__ - INFO - RSI特徴量計算開始
2026-06-18 18:13:28,827 - __main__ - INFO - RSI特徴量計算完了: 12個
2026-06-18 18:13:28,828 - __main__ - INFO - 品質保証システム適用開始 (EWMベース, timeframe=M30)
2026-06-18 18:13:28,828 - __main__ - INFO - 品質保証適用: 4個の特徴量 (timeframe=M30)
2026-06-18 18:13:28,829 - __main__ - INFO - 品質保証適用完了: 4列
2026-06-18 18:13:28,829 - __main__ - INFO - グループ計算完了: group_1b_rsi_extended - 4個の特徴量
2026-06-18 18:13:28,895 - __main__ - INFO - [Phase D-3] artifact 抽出完了 (engine_1_C): 4 features (group_1b_rsi_extended)
2026-06-18 18:13:28,938 - __main__ - INFO - グループ処理開始: group_1c_rsi_stochastic (2個の特徴量)
2026-06-18 18:13:28,939 - __main__ - INFO - グループ計算開始: group_1c_rsi_stochastic
2026-06-18 18:13:28,939 - __main__ - INFO - RSI特徴量計算開始
2026-06-18 18:13:28,940 - __main__ - INFO - RSI特徴量計算完了: 12個
2026-06-18 18:13:28,940 - __main__ - INFO - 品質保証システム適用開始 (EWMベース, timeframe=M30)
2026-06-18 18:13:28,941 - __main__ - INFO - 品質保証適用: 2個の特徴量 (timeframe=M30)
2026-06-18 18:13:28,942 - __main__ - INFO - 品質保証適用完了: 2列
2026-06-18 18:13:28,942 - __main__ - INFO - グループ計算完了: group_1c_rsi_stochastic - 2個の特徴量
2026-06-18 18:13:28,972 - __main__ - INFO - [Phase D-3] artifact 抽出完了 (engine_1_C): 2 features (group_1c_rsi_stochastic)
2026-06-18 18:13:29,014 - __main__ - INFO - グループ処理開始: group_1d_rsi_divergence (2個の特徴量)
2026-06-18 18:13:29,014 - __main__ - INFO - グループ計算開始: group_1d_rsi_divergence
2026-06-18 18:13:29,015 - __main__ - INFO - RSI特徴量計算開始
2026-06-18 18:13:29,015 - __main__ - INFO - RSI特徴量計算完了: 12個
2026-06-18 18:13:29,016 - __main__ - INFO - 品質保証システム適用開始 (EWMベース, timeframe=M30)
2026-06-18 18:13:29,016 - __main__ - INFO - 品質保証適用: 2個の特徴量 (timeframe=M30)
2026-06-18 18:13:29,017 - __main__ - INFO - 品質保証適用完了: 2列
2026-06-18 18:13:29,017 - __main__ - INFO - グループ計算完了: group_1d_rsi_divergence - 2個の特徴量
2026-06-18 18:13:29,057 - __main__ - INFO - [Phase D-3] artifact 抽出完了 (engine_1_C): 2 features (group_1d_rsi_divergence)
2026-06-18 18:13:29,098 - __main__ - INFO - グループ処理開始: group_2a_macd_standard (3個の特徴量)
2026-06-18 18:13:29,099 - __main__ - INFO - グループ計算開始: group_2a_macd_standard
2026-06-18 18:13:29,099 - __main__ - INFO - MACD特徴量計算開始
2026-06-18 18:13:29,100 - __main__ - INFO - MACD特徴量計算完了: 9個
2026-06-18 18:13:29,100 - __main__ - INFO - 品質保証システム適用開始 (EWMベース, timeframe=M30)
2026-06-18 18:13:29,101 - __main__ - INFO - 品質保証適用: 3個の特徴量 (timeframe=M30)
2026-06-18 18:13:29,102 - __main__ - INFO - 品質保証適用完了: 3列
2026-06-18 18:13:29,102 - __main__ - INFO - グループ計算完了: group_2a_macd_standard - 3個の特徴量
2026-06-18 18:13:29,143 - __main__ - INFO - [Phase D-3] artifact 抽出完了 (engine_1_C): 3 features (group_2a_macd_standard)
2026-06-18 18:13:29,190 - __main__ - INFO - グループ処理開始: group_2b_macd_variants (6個の特徴量)
2026-06-18 18:13:29,190 - __main__ - INFO - グループ計算開始: group_2b_macd_variants
2026-06-18 18:13:29,190 - __main__ - INFO - MACD特徴量計算開始
2026-06-18 18:13:29,191 - __main__ - INFO - MACD特徴量計算完了: 9個
2026-06-18 18:13:29,192 - __main__ - INFO - 品質保証システム適用開始 (EWMベース, timeframe=M30)
2026-06-18 18:13:29,192 - __main__ - INFO - 品質保証適用: 6個の特徴量 (timeframe=M30)
2026-06-18 18:13:29,193 - __main__ - INFO - 品質保証適用完了: 6列
2026-06-18 18:13:29,194 - __main__ - INFO - グループ計算完了: group_2b_macd_variants - 6個の特徴量
2026-06-18 18:13:29,276 - __main__ - INFO - [Phase D-3] artifact 抽出完了 (engine_1_C): 6 features (group_2b_macd_variants)
2026-06-18 18:13:29,320 - __main__ - INFO - グループ処理開始: group_3a_bb_20 (10個の特徴量)
2026-06-18 18:13:29,320 - __main__ - INFO - グループ計算開始: group_3a_bb_20
2026-06-18 18:13:29,321 - __main__ - INFO - ボリンジャーバンド特徴量計算開始
2026-06-18 18:13:29,322 - __main__ - INFO - ボリンジャーバンド特徴量計算完了: 54個
2026-06-18 18:13:29,324 - __main__ - INFO - 品質保証システム適用開始 (EWMベース, timeframe=M30)
2026-06-18 18:13:29,325 - __main__ - INFO - 品質保証適用: 14個の特徴量 (timeframe=M30)
2026-06-18 18:13:29,326 - __main__ - INFO - 品質保証適用完了: 14列
2026-06-18 18:13:29,327 - __main__ - INFO - グループ計算完了: group_3a_bb_20 - 16個の特徴量
2026-06-18 18:13:29,536 - __main__ - INFO - [Phase D-3] artifact 抽出完了 (engine_1_C): 14 features (group_3a_bb_20)
2026-06-18 18:13:29,579 - __main__ - INFO - グループ処理開始: group_3b_bb_30_50 (26個の特徴量)
2026-06-18 18:13:29,580 - __main__ - INFO - グループ計算開始: group_3b_bb_30_50
2026-06-18 18:13:29,580 - __main__ - INFO - ボリンジャーバンド特徴量計算開始
2026-06-18 18:13:29,581 - __main__ - INFO - ボリンジャーバンド特徴量計算完了: 54個
2026-06-18 18:13:29,583 - __main__ - INFO - 品質保証システム適用開始 (EWMベース, timeframe=M30)
2026-06-18 18:13:29,584 - __main__ - INFO - 品質保証適用: 30個の特徴量 (timeframe=M30)
2026-06-18 18:13:29,587 - __main__ - INFO - 品質保証適用完了: 30列
2026-06-18 18:13:29,587 - __main__ - INFO - グループ計算完了: group_3b_bb_30_50 - 38個の特徴量
2026-06-18 18:13:30,099 - __main__ - INFO - [Phase D-3] artifact 抽出完了 (engine_1_C): 30 features (group_3b_bb_30_50)
2026-06-18 18:13:30,142 - __main__ - INFO - グループ処理開始: group_3c_bb_variants (6個の特徴量)
2026-06-18 18:13:30,143 - __main__ - INFO - グループ計算開始: group_3c_bb_variants
2026-06-18 18:13:30,144 - __main__ - INFO - ボリンジャーバンド特徴量計算開始
2026-06-18 18:13:30,145 - __main__ - INFO - ボリンジャーバンド特徴量計算完了: 54個
2026-06-18 18:13:30,146 - __main__ - INFO - 品質保証システム適用開始 (EWMベース, timeframe=M30)
2026-06-18 18:13:30,148 - __main__ - INFO - 品質保証適用: 6個の特徴量 (timeframe=M30)
2026-06-18 18:13:30,149 - __main__ - INFO - 品質保証適用完了: 6列
2026-06-18 18:13:30,149 - __main__ - INFO - グループ計算完了: group_3c_bb_variants - 6個の特徴量
2026-06-18 18:13:30,236 - __main__ - INFO - [Phase D-3] artifact 抽出完了 (engine_1_C): 6 features (group_3c_bb_variants)
2026-06-18 18:13:30,279 - __main__ - INFO - グループ処理開始: group_4a_atr_basic (4個の特徴量)
2026-06-18 18:13:30,280 - __main__ - INFO - グループ計算開始: group_4a_atr_basic
2026-06-18 18:13:30,280 - __main__ - INFO - ATR特徴量計算開始
2026-06-18 18:13:30,281 - __main__ - INFO - ATR特徴量計算完了: 16個
2026-06-18 18:13:30,281 - __main__ - INFO - 品質保証システム適用開始 (EWMベース, timeframe=M30)
2026-06-18 18:13:30,282 - __main__ - INFO - 品質保証適用: 4個の特徴量 (timeframe=M30)
2026-06-18 18:13:30,283 - __main__ - INFO - 品質保証適用完了: 4列
2026-06-18 18:13:30,283 - __main__ - INFO - グループ計算完了: group_4a_atr_basic - 4個の特徴量
2026-06-18 18:13:30,334 - __main__ - INFO - [Phase D-3] artifact 抽出完了 (engine_1_C): 4 features (group_4a_atr_basic)
2026-06-18 18:13:30,378 - __main__ - INFO - グループ処理開始: group_4b_atr_extended (12個の特徴量)
2026-06-18 18:13:30,379 - __main__ - INFO - グループ計算開始: group_4b_atr_extended
2026-06-18 18:13:30,379 - __main__ - INFO - ATR特徴量計算開始
2026-06-18 18:13:30,380 - __main__ - INFO - ATR特徴量計算完了: 16個
2026-06-18 18:13:30,381 - __main__ - INFO - 品質保証システム適用開始 (EWMベース, timeframe=M30)
2026-06-18 18:13:30,381 - __main__ - INFO - 品質保証適用: 12個の特徴量 (timeframe=M30)
2026-06-18 18:13:30,382 - __main__ - INFO - 品質保証適用完了: 12列
2026-06-18 18:13:30,383 - __main__ - INFO - グループ計算完了: group_4b_atr_extended - 12個の特徴量
2026-06-18 18:13:30,556 - __main__ - INFO - [Phase D-3] artifact 抽出完了 (engine_1_C): 12 features (group_4b_atr_extended)
2026-06-18 18:13:30,601 - __main__ - INFO - グループ処理開始: group_5a_oscillators_basic (9個の特徴量)
2026-06-18 18:13:30,602 - __main__ - INFO - グループ計算開始: group_5a_oscillators_basic
2026-06-18 18:13:30,602 - __main__ - INFO - オシレーター特徴量計算開始
2026-06-18 18:13:30,603 - __main__ - INFO - オシレーター特徴量計算完了: 30個
2026-06-18 18:13:30,604 - __main__ - INFO - 品質保証システム適用開始 (EWMベース, timeframe=M30)
2026-06-18 18:13:30,605 - __main__ - INFO - 品質保証適用: 9個の特徴量 (timeframe=M30)
2026-06-18 18:13:30,606 - __main__ - INFO - 品質保証適用完了: 9列
2026-06-18 18:13:30,606 - __main__ - INFO - グループ計算完了: group_5a_oscillators_basic - 9個の特徴量
2026-06-18 18:13:30,733 - __main__ - INFO - [Phase D-3] artifact 抽出完了 (engine_1_C): 9 features (group_5a_oscillators_basic)
2026-06-18 18:13:30,779 - __main__ - INFO - グループ処理開始: group_5b_oscillators_extended (21個の特徴量)
2026-06-18 18:13:30,780 - __main__ - INFO - グループ計算開始: group_5b_oscillators_extended
2026-06-18 18:13:30,780 - __main__ - INFO - オシレーター特徴量計算開始
2026-06-18 18:13:30,781 - __main__ - INFO - オシレーター特徴量計算完了: 30個
2026-06-18 18:13:30,782 - __main__ - INFO - 品質保証システム適用開始 (EWMベース, timeframe=M30)
2026-06-18 18:13:30,782 - __main__ - INFO - 品質保証適用: 21個の特徴量 (timeframe=M30)
2026-06-18 18:13:30,784 - __main__ - INFO - 品質保証適用完了: 21列
2026-06-18 18:13:30,784 - __main__ - INFO - グループ計算完了: group_5b_oscillators_extended - 21個の特徴量
2026-06-18 18:13:31,086 - __main__ - INFO - [Phase D-3] artifact 抽出完了 (engine_1_C): 21 features (group_5b_oscillators_extended)
2026-06-18 18:13:31,129 - __main__ - INFO - グループ処理開始: group_6a_momentum_basic (8個の特徴量)
2026-06-18 18:13:31,129 - __main__ - INFO - グループ計算開始: group_6a_momentum_basic
2026-06-18 18:13:31,130 - __main__ - INFO - モメンタム特徴量計算開始
2026-06-18 18:13:31,130 - __main__ - INFO - モメンタム特徴量計算完了: 17個
2026-06-18 18:13:31,131 - __main__ - INFO - 品質保証システム適用開始 (EWMベース, timeframe=M30)
2026-06-18 18:13:31,132 - __main__ - INFO - 品質保証適用: 8個の特徴量 (timeframe=M30)
2026-06-18 18:13:31,133 - __main__ - INFO - 品質保証適用完了: 8列
2026-06-18 18:13:31,133 - __main__ - INFO - グループ計算完了: group_6a_momentum_basic - 8個の特徴量
2026-06-18 18:13:31,236 - __main__ - INFO - [Phase D-3] artifact 抽出完了 (engine_1_C): 8 features (group_6a_momentum_basic)
2026-06-18 18:13:31,280 - __main__ - INFO - グループ処理開始: group_6b_momentum_extended (9個の特徴量)
2026-06-18 18:13:31,281 - __main__ - INFO - グループ計算開始: group_6b_momentum_extended
2026-06-18 18:13:31,281 - __main__ - INFO - モメンタム特徴量計算開始
2026-06-18 18:13:31,282 - __main__ - INFO - モメンタム特徴量計算完了: 17個
2026-06-18 18:13:31,283 - __main__ - INFO - 品質保証システム適用開始 (EWMベース, timeframe=M30)
2026-06-18 18:13:31,283 - __main__ - INFO - 品質保証適用: 9個の特徴量 (timeframe=M30)
2026-06-18 18:13:31,286 - __main__ - INFO - 品質保証適用完了: 9列
2026-06-18 18:13:31,286 - __main__ - INFO - グループ計算完了: group_6b_momentum_extended - 9個の特徴量
2026-06-18 18:13:31,460 - __main__ - INFO - [Phase D-3] artifact 抽出完了 (engine_1_C): 9 features (group_6b_momentum_extended)
2026-06-18 18:13:31,507 - __main__ - INFO - グループ処理開始: group_7_moving_averages (15個の特徴量)
2026-06-18 18:13:31,507 - __main__ - INFO - グループ計算開始: group_7_moving_averages
2026-06-18 18:13:31,508 - __main__ - INFO - 移動平均線特徴量計算開始
2026-06-18 18:13:31,509 - __main__ - INFO - 移動平均線特徴量計算完了: 39個
2026-06-18 18:13:31,510 - __main__ - INFO - 品質保証システム適用開始 (EWMベース, timeframe=M30)
2026-06-18 18:13:31,511 - __main__ - INFO - 品質保証適用: 15個の特徴量 (timeframe=M30)
2026-06-18 18:13:31,513 - __main__ - INFO - 品質保証適用完了: 15列
2026-06-18 18:13:31,513 - __main__ - INFO - グループ計算完了: group_7_moving_averages - 19個の特徴量
2026-06-18 18:13:31,721 - __main__ - INFO - [Phase D-3] artifact 抽出完了 (engine_1_C): 15 features (group_7_moving_averages)
2026-06-18 18:13:31,765 - __main__ - INFO - グループ処理開始: group_8_advanced (14個の特徴量)
2026-06-18 18:13:31,766 - __main__ - INFO - グループ計算開始: group_8_advanced
2026-06-18 18:13:31,766 - __main__ - INFO - 高度な指標特徴量計算開始
2026-06-18 18:13:31,767 - __main__ - INFO - 高度な指標特徴量計算完了: 14個
2026-06-18 18:13:31,769 - __main__ - INFO - 品質保証システム適用開始 (EWMベース, timeframe=M30)
2026-06-18 18:13:31,770 - __main__ - INFO - 品質保証適用: 14個の特徴量 (timeframe=M30)
2026-06-18 18:13:31,771 - __main__ - INFO - 品質保証適用完了: 14列
2026-06-18 18:13:31,772 - __main__ - INFO - グループ計算完了: group_8_advanced - 15個の特徴量
2026-06-18 18:13:32,050 - __main__ - INFO - [Phase D-3] artifact 抽出完了 (engine_1_C): 14 features (group_8_advanced)
2026-06-18 18:13:32,097 - __main__ - INFO - グループ処理開始: group_9_moving_extended (24個の特徴量)
2026-06-18 18:13:32,098 - __main__ - INFO - グループ計算開始: group_9_moving_extended
2026-06-18 18:13:32,098 - __main__ - INFO - 移動平均線特徴量計算開始
2026-06-18 18:13:32,099 - __main__ - INFO - 移動平均線特徴量計算完了: 39個
2026-06-18 18:13:32,100 - __main__ - INFO - 品質保証システム適用開始 (EWMベース, timeframe=M30)
2026-06-18 18:13:32,101 - __main__ - INFO - 品質保証適用: 24個の特徴量 (timeframe=M30)
2026-06-18 18:13:32,103 - __main__ - INFO - 品質保証適用完了: 24列
2026-06-18 18:13:32,104 - __main__ - INFO - グループ計算完了: group_9_moving_extended - 30個の特徴量
2026-06-18 18:13:32,478 - __main__ - INFO - [Phase D-3] artifact 抽出完了 (engine_1_C): 24 features (group_9_moving_extended)
2026-06-18 18:13:32,523 - __main__ - INFO - 全グループ計算完了。ファイルの結合を開始します...
2026-06-18 18:13:33,218 - __main__ - INFO - NaN埋め処理完了: 184個の特徴量 (basic=7, ホワイトリスト方式)
2026-06-18 18:13:33,304 - __main__ - INFO - 保存完了: features_e1c_M30.parquet (3.56MB, 0.08秒)
2026-06-18 18:13:33,304 - __main__ - INFO - === 通常処理完了: M30 - 4.67秒 ===
2026-06-18 18:13:33,305 - __main__ - INFO - === 通常処理開始: timeframe=H1 ===
2026-06-18 18:13:33,306 - __main__ - INFO - DataEngine初期化: /workspace/data/XAUUSD/stratum_1_base/master_processed
2026-06-18 18:13:33,306 - __main__ - INFO - 一時ディレクトリ作成: /tmp/features_e1c_3gkopcya
2026-06-18 18:13:33,307 - __main__ - INFO - CalculationEngine初期化: e1c_
2026-06-18 18:13:33,312 - __main__ - INFO - OutputEngine初期化: /workspace/data/XAUUSD/stratum_2_features/feature_value_a_vast_universeC
2026-06-18 18:13:33,348 - __main__ - INFO - データサマリー: {'columns': ['timeframe', 'timestamp', 'open', 'high', 'low', 'close', 'volume', 'disc', 'log_return', 'rolling_volatility', 'rolling_avg_volume', 'price_direction', 'price_momentum', 'volume_ratio'], 'dtypes': {'timeframe': 'String', 'timestamp': "Datetime(time_unit='ns', time_zone=None)", 'open': 'Float64', 'high': 'Float64', 'low': 'Float64', 'close': 'Float64', 'volume': 'Int64', 'disc': 'Boolean', 'log_return': 'Float64', 'rolling_volatility': 'Float64', 'rolling_avg_volume': 'Float64', 'price_direction': 'Int8', 'price_momentum': 'Float64', 'volume_ratio': 'Float64'}, 'sample_rows': 1000, 'memory_usage_mb': 0.08504581451416016}
2026-06-18 18:13:33,356 - __main__ - INFO - グループ処理開始: group_1a_rsi_basic (4個の特徴量)
2026-06-18 18:13:33,357 - __main__ - INFO - グループ計算開始: group_1a_rsi_basic
2026-06-18 18:13:33,357 - __main__ - INFO - RSI特徴量計算開始
2026-06-18 18:13:33,357 - __main__ - INFO - RSI特徴量計算完了: 12個
2026-06-18 18:13:33,358 - __main__ - INFO - 品質保証システム適用開始 (EWMベース, timeframe=H1)
2026-06-18 18:13:33,358 - __main__ - INFO - 品質保証適用: 6個の特徴量 (timeframe=H1)
2026-06-18 18:13:33,359 - __main__ - INFO - 品質保証適用完了: 6列
2026-06-18 18:13:33,359 - __main__ - INFO - グループ計算完了: group_1a_rsi_basic - 6個の特徴量
2026-06-18 18:13:33,447 - __main__ - INFO - [Phase D-3] artifact 抽出完了 (engine_1_C): 6 features (group_1a_rsi_basic)
2026-06-18 18:13:33,491 - __main__ - INFO - グループ処理開始: group_1b_rsi_extended (4個の特徴量)
2026-06-18 18:13:33,491 - __main__ - INFO - グループ計算開始: group_1b_rsi_extended
2026-06-18 18:13:33,492 - __main__ - INFO - RSI特徴量計算開始
2026-06-18 18:13:33,492 - __main__ - INFO - RSI特徴量計算完了: 12個
2026-06-18 18:13:33,493 - __main__ - INFO - 品質保証システム適用開始 (EWMベース, timeframe=H1)
2026-06-18 18:13:33,494 - __main__ - INFO - 品質保証適用: 4個の特徴量 (timeframe=H1)
2026-06-18 18:13:33,495 - __main__ - INFO - 品質保証適用完了: 4列
2026-06-18 18:13:33,495 - __main__ - INFO - グループ計算完了: group_1b_rsi_extended - 4個の特徴量
2026-06-18 18:13:33,551 - __main__ - INFO - [Phase D-3] artifact 抽出完了 (engine_1_C): 4 features (group_1b_rsi_extended)
2026-06-18 18:13:33,594 - __main__ - INFO - グループ処理開始: group_1c_rsi_stochastic (2個の特徴量)
2026-06-18 18:13:33,595 - __main__ - INFO - グループ計算開始: group_1c_rsi_stochastic
2026-06-18 18:13:33,595 - __main__ - INFO - RSI特徴量計算開始
2026-06-18 18:13:33,596 - __main__ - INFO - RSI特徴量計算完了: 12個
2026-06-18 18:13:33,597 - __main__ - INFO - 品質保証システム適用開始 (EWMベース, timeframe=H1)
2026-06-18 18:13:33,597 - __main__ - INFO - 品質保証適用: 2個の特徴量 (timeframe=H1)
2026-06-18 18:13:33,598 - __main__ - INFO - 品質保証適用完了: 2列
2026-06-18 18:13:33,598 - __main__ - INFO - グループ計算完了: group_1c_rsi_stochastic - 2個の特徴量
2026-06-18 18:13:33,626 - __main__ - INFO - [Phase D-3] artifact 抽出完了 (engine_1_C): 2 features (group_1c_rsi_stochastic)
2026-06-18 18:13:33,670 - __main__ - INFO - グループ処理開始: group_1d_rsi_divergence (2個の特徴量)
2026-06-18 18:13:33,671 - __main__ - INFO - グループ計算開始: group_1d_rsi_divergence
2026-06-18 18:13:33,671 - __main__ - INFO - RSI特徴量計算開始
2026-06-18 18:13:33,672 - __main__ - INFO - RSI特徴量計算完了: 12個
2026-06-18 18:13:33,672 - __main__ - INFO - 品質保証システム適用開始 (EWMベース, timeframe=H1)
2026-06-18 18:13:33,673 - __main__ - INFO - 品質保証適用: 2個の特徴量 (timeframe=H1)
2026-06-18 18:13:33,673 - __main__ - INFO - 品質保証適用完了: 2列
2026-06-18 18:13:33,674 - __main__ - INFO - グループ計算完了: group_1d_rsi_divergence - 2個の特徴量
2026-06-18 18:13:33,711 - __main__ - INFO - [Phase D-3] artifact 抽出完了 (engine_1_C): 2 features (group_1d_rsi_divergence)
2026-06-18 18:13:33,757 - __main__ - INFO - グループ処理開始: group_2a_macd_standard (3個の特徴量)
2026-06-18 18:13:33,757 - __main__ - INFO - グループ計算開始: group_2a_macd_standard
2026-06-18 18:13:33,758 - __main__ - INFO - MACD特徴量計算開始
2026-06-18 18:13:33,759 - __main__ - INFO - MACD特徴量計算完了: 9個
2026-06-18 18:13:33,759 - __main__ - INFO - 品質保証システム適用開始 (EWMベース, timeframe=H1)
2026-06-18 18:13:33,760 - __main__ - INFO - 品質保証適用: 3個の特徴量 (timeframe=H1)
2026-06-18 18:13:33,761 - __main__ - INFO - 品質保証適用完了: 3列
2026-06-18 18:13:33,761 - __main__ - INFO - グループ計算完了: group_2a_macd_standard - 3個の特徴量
2026-06-18 18:13:33,799 - __main__ - INFO - [Phase D-3] artifact 抽出完了 (engine_1_C): 3 features (group_2a_macd_standard)
2026-06-18 18:13:33,844 - __main__ - INFO - グループ処理開始: group_2b_macd_variants (6個の特徴量)
2026-06-18 18:13:33,844 - __main__ - INFO - グループ計算開始: group_2b_macd_variants
2026-06-18 18:13:33,845 - __main__ - INFO - MACD特徴量計算開始
2026-06-18 18:13:33,845 - __main__ - INFO - MACD特徴量計算完了: 9個
2026-06-18 18:13:33,846 - __main__ - INFO - 品質保証システム適用開始 (EWMベース, timeframe=H1)
2026-06-18 18:13:33,846 - __main__ - INFO - 品質保証適用: 6個の特徴量 (timeframe=H1)
2026-06-18 18:13:33,847 - __main__ - INFO - 品質保証適用完了: 6列
2026-06-18 18:13:33,848 - __main__ - INFO - グループ計算完了: group_2b_macd_variants - 6個の特徴量
2026-06-18 18:13:33,917 - __main__ - INFO - [Phase D-3] artifact 抽出完了 (engine_1_C): 6 features (group_2b_macd_variants)
2026-06-18 18:13:33,963 - __main__ - INFO - グループ処理開始: group_3a_bb_20 (10個の特徴量)
2026-06-18 18:13:33,963 - __main__ - INFO - グループ計算開始: group_3a_bb_20
2026-06-18 18:13:33,964 - __main__ - INFO - ボリンジャーバンド特徴量計算開始
2026-06-18 18:13:33,965 - __main__ - INFO - ボリンジャーバンド特徴量計算完了: 54個
2026-06-18 18:13:33,966 - __main__ - INFO - 品質保証システム適用開始 (EWMベース, timeframe=H1)
2026-06-18 18:13:33,968 - __main__ - INFO - 品質保証適用: 14個の特徴量 (timeframe=H1)
2026-06-18 18:13:33,969 - __main__ - INFO - 品質保証適用完了: 14列
2026-06-18 18:13:33,969 - __main__ - INFO - グループ計算完了: group_3a_bb_20 - 16個の特徴量
2026-06-18 18:13:34,162 - __main__ - INFO - [Phase D-3] artifact 抽出完了 (engine_1_C): 14 features (group_3a_bb_20)
2026-06-18 18:13:34,208 - __main__ - INFO - グループ処理開始: group_3b_bb_30_50 (26個の特徴量)
2026-06-18 18:13:34,209 - __main__ - INFO - グループ計算開始: group_3b_bb_30_50
2026-06-18 18:13:34,209 - __main__ - INFO - ボリンジャーバンド特徴量計算開始
2026-06-18 18:13:34,210 - __main__ - INFO - ボリンジャーバンド特徴量計算完了: 54個
2026-06-18 18:13:34,212 - __main__ - INFO - 品質保証システム適用開始 (EWMベース, timeframe=H1)
2026-06-18 18:13:34,213 - __main__ - INFO - 品質保証適用: 30個の特徴量 (timeframe=H1)
2026-06-18 18:13:34,216 - __main__ - INFO - 品質保証適用完了: 30列
2026-06-18 18:13:34,216 - __main__ - INFO - グループ計算完了: group_3b_bb_30_50 - 38個の特徴量
2026-06-18 18:13:34,676 - __main__ - INFO - [Phase D-3] artifact 抽出完了 (engine_1_C): 30 features (group_3b_bb_30_50)
2026-06-18 18:13:34,722 - __main__ - INFO - グループ処理開始: group_3c_bb_variants (6個の特徴量)
2026-06-18 18:13:34,722 - __main__ - INFO - グループ計算開始: group_3c_bb_variants
2026-06-18 18:13:34,723 - __main__ - INFO - ボリンジャーバンド特徴量計算開始
2026-06-18 18:13:34,724 - __main__ - INFO - ボリンジャーバンド特徴量計算完了: 54個
2026-06-18 18:13:34,726 - __main__ - INFO - 品質保証システム適用開始 (EWMベース, timeframe=H1)
2026-06-18 18:13:34,727 - __main__ - INFO - 品質保証適用: 6個の特徴量 (timeframe=H1)
2026-06-18 18:13:34,728 - __main__ - INFO - 品質保証適用完了: 6列
2026-06-18 18:13:34,728 - __main__ - INFO - グループ計算完了: group_3c_bb_variants - 6個の特徴量
2026-06-18 18:13:34,805 - __main__ - INFO - [Phase D-3] artifact 抽出完了 (engine_1_C): 6 features (group_3c_bb_variants)
2026-06-18 18:13:34,848 - __main__ - INFO - グループ処理開始: group_4a_atr_basic (4個の特徴量)
2026-06-18 18:13:34,849 - __main__ - INFO - グループ計算開始: group_4a_atr_basic
2026-06-18 18:13:34,849 - __main__ - INFO - ATR特徴量計算開始
2026-06-18 18:13:34,850 - __main__ - INFO - ATR特徴量計算完了: 16個
2026-06-18 18:13:34,851 - __main__ - INFO - 品質保証システム適用開始 (EWMベース, timeframe=H1)
2026-06-18 18:13:34,851 - __main__ - INFO - 品質保証適用: 4個の特徴量 (timeframe=H1)
2026-06-18 18:13:34,852 - __main__ - INFO - 品質保証適用完了: 4列
2026-06-18 18:13:34,852 - __main__ - INFO - グループ計算完了: group_4a_atr_basic - 4個の特徴量
2026-06-18 18:13:34,903 - __main__ - INFO - [Phase D-3] artifact 抽出完了 (engine_1_C): 4 features (group_4a_atr_basic)
2026-06-18 18:13:34,945 - __main__ - INFO - グループ処理開始: group_4b_atr_extended (12個の特徴量)
2026-06-18 18:13:34,946 - __main__ - INFO - グループ計算開始: group_4b_atr_extended
2026-06-18 18:13:34,946 - __main__ - INFO - ATR特徴量計算開始
2026-06-18 18:13:34,947 - __main__ - INFO - ATR特徴量計算完了: 16個
2026-06-18 18:13:34,948 - __main__ - INFO - 品質保証システム適用開始 (EWMベース, timeframe=H1)
2026-06-18 18:13:34,948 - __main__ - INFO - 品質保証適用: 12個の特徴量 (timeframe=H1)
2026-06-18 18:13:34,950 - __main__ - INFO - 品質保証適用完了: 12列
2026-06-18 18:13:34,950 - __main__ - INFO - グループ計算完了: group_4b_atr_extended - 12個の特徴量
2026-06-18 18:13:35,099 - __main__ - INFO - [Phase D-3] artifact 抽出完了 (engine_1_C): 12 features (group_4b_atr_extended)
2026-06-18 18:13:35,142 - __main__ - INFO - グループ処理開始: group_5a_oscillators_basic (9個の特徴量)
2026-06-18 18:13:35,143 - __main__ - INFO - グループ計算開始: group_5a_oscillators_basic
2026-06-18 18:13:35,143 - __main__ - INFO - オシレーター特徴量計算開始
2026-06-18 18:13:35,144 - __main__ - INFO - オシレーター特徴量計算完了: 30個
2026-06-18 18:13:35,145 - __main__ - INFO - 品質保証システム適用開始 (EWMベース, timeframe=H1)
2026-06-18 18:13:35,145 - __main__ - INFO - 品質保証適用: 9個の特徴量 (timeframe=H1)
2026-06-18 18:13:35,146 - __main__ - INFO - 品質保証適用完了: 9列
2026-06-18 18:13:35,147 - __main__ - INFO - グループ計算完了: group_5a_oscillators_basic - 9個の特徴量
2026-06-18 18:13:35,256 - __main__ - INFO - [Phase D-3] artifact 抽出完了 (engine_1_C): 9 features (group_5a_oscillators_basic)
2026-06-18 18:13:35,301 - __main__ - INFO - グループ処理開始: group_5b_oscillators_extended (21個の特徴量)
2026-06-18 18:13:35,301 - __main__ - INFO - グループ計算開始: group_5b_oscillators_extended
2026-06-18 18:13:35,302 - __main__ - INFO - オシレーター特徴量計算開始
2026-06-18 18:13:35,302 - __main__ - INFO - オシレーター特徴量計算完了: 30個
2026-06-18 18:13:35,303 - __main__ - INFO - 品質保証システム適用開始 (EWMベース, timeframe=H1)
2026-06-18 18:13:35,304 - __main__ - INFO - 品質保証適用: 21個の特徴量 (timeframe=H1)
2026-06-18 18:13:35,306 - __main__ - INFO - 品質保証適用完了: 21列
2026-06-18 18:13:35,306 - __main__ - INFO - グループ計算完了: group_5b_oscillators_extended - 21個の特徴量
2026-06-18 18:13:35,584 - __main__ - INFO - [Phase D-3] artifact 抽出完了 (engine_1_C): 21 features (group_5b_oscillators_extended)
2026-06-18 18:13:35,631 - __main__ - INFO - グループ処理開始: group_6a_momentum_basic (8個の特徴量)
2026-06-18 18:13:35,631 - __main__ - INFO - グループ計算開始: group_6a_momentum_basic
2026-06-18 18:13:35,632 - __main__ - INFO - モメンタム特徴量計算開始
2026-06-18 18:13:35,632 - __main__ - INFO - モメンタム特徴量計算完了: 17個
2026-06-18 18:13:35,633 - __main__ - INFO - 品質保証システム適用開始 (EWMベース, timeframe=H1)
2026-06-18 18:13:35,634 - __main__ - INFO - 品質保証適用: 8個の特徴量 (timeframe=H1)
2026-06-18 18:13:35,635 - __main__ - INFO - 品質保証適用完了: 8列
2026-06-18 18:13:35,635 - __main__ - INFO - グループ計算完了: group_6a_momentum_basic - 8個の特徴量
2026-06-18 18:13:35,731 - __main__ - INFO - [Phase D-3] artifact 抽出完了 (engine_1_C): 8 features (group_6a_momentum_basic)
2026-06-18 18:13:35,774 - __main__ - INFO - グループ処理開始: group_6b_momentum_extended (9個の特徴量)
2026-06-18 18:13:35,774 - __main__ - INFO - グループ計算開始: group_6b_momentum_extended
2026-06-18 18:13:35,774 - __main__ - INFO - モメンタム特徴量計算開始
2026-06-18 18:13:35,775 - __main__ - INFO - モメンタム特徴量計算完了: 17個
2026-06-18 18:13:35,776 - __main__ - INFO - 品質保証システム適用開始 (EWMベース, timeframe=H1)
2026-06-18 18:13:35,776 - __main__ - INFO - 品質保証適用: 9個の特徴量 (timeframe=H1)
2026-06-18 18:13:35,778 - __main__ - INFO - 品質保証適用完了: 9列
2026-06-18 18:13:35,778 - __main__ - INFO - グループ計算完了: group_6b_momentum_extended - 9個の特徴量
2026-06-18 18:13:35,941 - __main__ - INFO - [Phase D-3] artifact 抽出完了 (engine_1_C): 9 features (group_6b_momentum_extended)
2026-06-18 18:13:35,985 - __main__ - INFO - グループ処理開始: group_7_moving_averages (15個の特徴量)
2026-06-18 18:13:35,986 - __main__ - INFO - グループ計算開始: group_7_moving_averages
2026-06-18 18:13:35,986 - __main__ - INFO - 移動平均線特徴量計算開始
2026-06-18 18:13:35,988 - __main__ - INFO - 移動平均線特徴量計算完了: 39個
2026-06-18 18:13:35,989 - __main__ - INFO - 品質保証システム適用開始 (EWMベース, timeframe=H1)
2026-06-18 18:13:35,989 - __main__ - INFO - 品質保証適用: 15個の特徴量 (timeframe=H1)
2026-06-18 18:13:35,991 - __main__ - INFO - 品質保証適用完了: 15列
2026-06-18 18:13:35,991 - __main__ - INFO - グループ計算完了: group_7_moving_averages - 19個の特徴量
2026-06-18 18:13:36,185 - __main__ - INFO - [Phase D-3] artifact 抽出完了 (engine_1_C): 15 features (group_7_moving_averages)
2026-06-18 18:13:36,230 - __main__ - INFO - グループ処理開始: group_8_advanced (14個の特徴量)
2026-06-18 18:13:36,231 - __main__ - INFO - グループ計算開始: group_8_advanced
2026-06-18 18:13:36,231 - __main__ - INFO - 高度な指標特徴量計算開始
2026-06-18 18:13:36,232 - __main__ - INFO - 高度な指標特徴量計算完了: 14個
2026-06-18 18:13:36,233 - __main__ - INFO - 品質保証システム適用開始 (EWMベース, timeframe=H1)
2026-06-18 18:13:36,234 - __main__ - INFO - 品質保証適用: 14個の特徴量 (timeframe=H1)
2026-06-18 18:13:36,235 - __main__ - INFO - 品質保証適用完了: 14列
2026-06-18 18:13:36,236 - __main__ - INFO - グループ計算完了: group_8_advanced - 15個の特徴量
2026-06-18 18:13:36,499 - __main__ - INFO - [Phase D-3] artifact 抽出完了 (engine_1_C): 14 features (group_8_advanced)
2026-06-18 18:13:36,552 - __main__ - INFO - グループ処理開始: group_9_moving_extended (24個の特徴量)
2026-06-18 18:13:36,553 - __main__ - INFO - グループ計算開始: group_9_moving_extended
2026-06-18 18:13:36,553 - __main__ - INFO - 移動平均線特徴量計算開始
2026-06-18 18:13:36,555 - __main__ - INFO - 移動平均線特徴量計算完了: 39個
2026-06-18 18:13:36,556 - __main__ - INFO - 品質保証システム適用開始 (EWMベース, timeframe=H1)
2026-06-18 18:13:36,556 - __main__ - INFO - 品質保証適用: 24個の特徴量 (timeframe=H1)
2026-06-18 18:13:36,558 - __main__ - INFO - 品質保証適用完了: 24列
2026-06-18 18:13:36,559 - __main__ - INFO - グループ計算完了: group_9_moving_extended - 30個の特徴量
2026-06-18 18:13:36,902 - __main__ - INFO - [Phase D-3] artifact 抽出完了 (engine_1_C): 24 features (group_9_moving_extended)
2026-06-18 18:13:36,951 - __main__ - INFO - 全グループ計算完了。ファイルの結合を開始します...
2026-06-18 18:13:37,738 - __main__ - INFO - NaN埋め処理完了: 184個の特徴量 (basic=7, ホワイトリスト方式)
2026-06-18 18:13:37,817 - __main__ - INFO - 保存完了: features_e1c_H1.parquet (1.80MB, 0.07秒)
2026-06-18 18:13:37,817 - __main__ - INFO - === 通常処理完了: H1 - 4.51秒 ===
2026-06-18 18:13:37,818 - __main__ - INFO - === 通常処理開始: timeframe=H4 ===
2026-06-18 18:13:37,818 - __main__ - INFO - DataEngine初期化: /workspace/data/XAUUSD/stratum_1_base/master_processed
2026-06-18 18:13:37,819 - __main__ - INFO - 一時ディレクトリ作成: /tmp/features_e1c_bkrj1buu
2026-06-18 18:13:37,820 - __main__ - INFO - CalculationEngine初期化: e1c_
2026-06-18 18:13:37,824 - __main__ - INFO - OutputEngine初期化: /workspace/data/XAUUSD/stratum_2_features/feature_value_a_vast_universeC
2026-06-18 18:13:37,856 - __main__ - INFO - データサマリー: {'columns': ['timeframe', 'timestamp', 'open', 'high', 'low', 'close', 'volume', 'disc', 'log_return', 'rolling_volatility', 'rolling_avg_volume', 'price_direction', 'price_momentum', 'volume_ratio'], 'dtypes': {'timeframe': 'String', 'timestamp': "Datetime(time_unit='ns', time_zone=None)", 'open': 'Float64', 'high': 'Float64', 'low': 'Float64', 'close': 'Float64', 'volume': 'Int64', 'disc': 'Boolean', 'log_return': 'Float64', 'rolling_volatility': 'Float64', 'rolling_avg_volume': 'Float64', 'price_direction': 'Int8', 'price_momentum': 'Float64', 'volume_ratio': 'Float64'}, 'sample_rows': 357, 'memory_usage_mb': 0.03038311004638672}
2026-06-18 18:13:37,865 - __main__ - INFO - グループ処理開始: group_1a_rsi_basic (4個の特徴量)
2026-06-18 18:13:37,865 - __main__ - INFO - グループ計算開始: group_1a_rsi_basic
2026-06-18 18:13:37,866 - __main__ - INFO - RSI特徴量計算開始
2026-06-18 18:13:37,866 - __main__ - INFO - RSI特徴量計算完了: 12個
2026-06-18 18:13:37,867 - __main__ - INFO - 品質保証システム適用開始 (EWMベース, timeframe=H4)
2026-06-18 18:13:37,868 - __main__ - INFO - 品質保証適用: 6個の特徴量 (timeframe=H4)
2026-06-18 18:13:37,868 - __main__ - INFO - 品質保証適用完了: 6列
2026-06-18 18:13:37,869 - __main__ - INFO - グループ計算完了: group_1a_rsi_basic - 6個の特徴量
2026-06-18 18:13:37,954 - __main__ - INFO - [Phase D-3] artifact 抽出完了 (engine_1_C): 6 features (group_1a_rsi_basic)
2026-06-18 18:13:38,002 - __main__ - INFO - グループ処理開始: group_1b_rsi_extended (4個の特徴量)
2026-06-18 18:13:38,003 - __main__ - INFO - グループ計算開始: group_1b_rsi_extended
2026-06-18 18:13:38,003 - __main__ - INFO - RSI特徴量計算開始
2026-06-18 18:13:38,004 - __main__ - INFO - RSI特徴量計算完了: 12個
2026-06-18 18:13:38,005 - __main__ - INFO - 品質保証システム適用開始 (EWMベース, timeframe=H4)
2026-06-18 18:13:38,005 - __main__ - INFO - 品質保証適用: 4個の特徴量 (timeframe=H4)
2026-06-18 18:13:38,006 - __main__ - INFO - 品質保証適用完了: 4列
2026-06-18 18:13:38,006 - __main__ - INFO - グループ計算完了: group_1b_rsi_extended - 4個の特徴量
2026-06-18 18:13:38,065 - __main__ - INFO - [Phase D-3] artifact 抽出完了 (engine_1_C): 4 features (group_1b_rsi_extended)
2026-06-18 18:13:38,114 - __main__ - INFO - グループ処理開始: group_1c_rsi_stochastic (2個の特徴量)
2026-06-18 18:13:38,115 - __main__ - INFO - グループ計算開始: group_1c_rsi_stochastic
2026-06-18 18:13:38,115 - __main__ - INFO - RSI特徴量計算開始
2026-06-18 18:13:38,116 - __main__ - INFO - RSI特徴量計算完了: 12個
2026-06-18 18:13:38,116 - __main__ - INFO - 品質保証システム適用開始 (EWMベース, timeframe=H4)
2026-06-18 18:13:38,117 - __main__ - INFO - 品質保証適用: 2個の特徴量 (timeframe=H4)
2026-06-18 18:13:38,118 - __main__ - INFO - 品質保証適用完了: 2列
2026-06-18 18:13:38,118 - __main__ - INFO - グループ計算完了: group_1c_rsi_stochastic - 2個の特徴量
2026-06-18 18:13:38,145 - __main__ - INFO - [Phase D-3] artifact 抽出完了 (engine_1_C): 2 features (group_1c_rsi_stochastic)
2026-06-18 18:13:38,195 - __main__ - INFO - グループ処理開始: group_1d_rsi_divergence (2個の特徴量)
2026-06-18 18:13:38,196 - __main__ - INFO - グループ計算開始: group_1d_rsi_divergence
2026-06-18 18:13:38,196 - __main__ - INFO - RSI特徴量計算開始
2026-06-18 18:13:38,197 - __main__ - INFO - RSI特徴量計算完了: 12個
2026-06-18 18:13:38,198 - __main__ - INFO - 品質保証システム適用開始 (EWMベース, timeframe=H4)
2026-06-18 18:13:38,198 - __main__ - INFO - 品質保証適用: 2個の特徴量 (timeframe=H4)
2026-06-18 18:13:38,199 - __main__ - INFO - 品質保証適用完了: 2列
2026-06-18 18:13:38,199 - __main__ - INFO - グループ計算完了: group_1d_rsi_divergence - 2個の特徴量
2026-06-18 18:13:38,235 - __main__ - INFO - [Phase D-3] artifact 抽出完了 (engine_1_C): 2 features (group_1d_rsi_divergence)
2026-06-18 18:13:38,284 - __main__ - INFO - グループ処理開始: group_2a_macd_standard (3個の特徴量)
2026-06-18 18:13:38,284 - __main__ - INFO - グループ計算開始: group_2a_macd_standard
2026-06-18 18:13:38,285 - __main__ - INFO - MACD特徴量計算開始
2026-06-18 18:13:38,285 - __main__ - INFO - MACD特徴量計算完了: 9個
2026-06-18 18:13:38,286 - __main__ - INFO - 品質保証システム適用開始 (EWMベース, timeframe=H4)
2026-06-18 18:13:38,286 - __main__ - INFO - 品質保証適用: 3個の特徴量 (timeframe=H4)
2026-06-18 18:13:38,287 - __main__ - INFO - 品質保証適用完了: 3列
2026-06-18 18:13:38,287 - __main__ - INFO - グループ計算完了: group_2a_macd_standard - 3個の特徴量
2026-06-18 18:13:38,324 - __main__ - INFO - [Phase D-3] artifact 抽出完了 (engine_1_C): 3 features (group_2a_macd_standard)
2026-06-18 18:13:38,371 - __main__ - INFO - グループ処理開始: group_2b_macd_variants (6個の特徴量)
2026-06-18 18:13:38,372 - __main__ - INFO - グループ計算開始: group_2b_macd_variants
2026-06-18 18:13:38,372 - __main__ - INFO - MACD特徴量計算開始
2026-06-18 18:13:38,372 - __main__ - INFO - MACD特徴量計算完了: 9個
2026-06-18 18:13:38,373 - __main__ - INFO - 品質保証システム適用開始 (EWMベース, timeframe=H4)
2026-06-18 18:13:38,374 - __main__ - INFO - 品質保証適用: 6個の特徴量 (timeframe=H4)
2026-06-18 18:13:38,374 - __main__ - INFO - 品質保証適用完了: 6列
2026-06-18 18:13:38,375 - __main__ - INFO - グループ計算完了: group_2b_macd_variants - 6個の特徴量
2026-06-18 18:13:38,447 - __main__ - INFO - [Phase D-3] artifact 抽出完了 (engine_1_C): 6 features (group_2b_macd_variants)
2026-06-18 18:13:38,495 - __main__ - INFO - グループ処理開始: group_3a_bb_20 (10個の特徴量)
2026-06-18 18:13:38,496 - __main__ - INFO - グループ計算開始: group_3a_bb_20
2026-06-18 18:13:38,496 - __main__ - INFO - ボリンジャーバンド特徴量計算開始
2026-06-18 18:13:38,498 - __main__ - INFO - ボリンジャーバンド特徴量計算完了: 54個
2026-06-18 18:13:38,499 - __main__ - INFO - 品質保証システム適用開始 (EWMベース, timeframe=H4)
2026-06-18 18:13:38,500 - __main__ - INFO - 品質保証適用: 14個の特徴量 (timeframe=H4)
2026-06-18 18:13:38,501 - __main__ - INFO - 品質保証適用完了: 14列
2026-06-18 18:13:38,502 - __main__ - INFO - グループ計算完了: group_3a_bb_20 - 16個の特徴量
2026-06-18 18:13:38,686 - __main__ - INFO - [Phase D-3] artifact 抽出完了 (engine_1_C): 14 features (group_3a_bb_20)
2026-06-18 18:13:38,731 - __main__ - INFO - グループ処理開始: group_3b_bb_30_50 (26個の特徴量)
2026-06-18 18:13:38,732 - __main__ - INFO - グループ計算開始: group_3b_bb_30_50
2026-06-18 18:13:38,732 - __main__ - INFO - ボリンジャーバンド特徴量計算開始
2026-06-18 18:13:38,733 - __main__ - INFO - ボリンジャーバンド特徴量計算完了: 54個
2026-06-18 18:13:38,735 - __main__ - INFO - 品質保証システム適用開始 (EWMベース, timeframe=H4)
2026-06-18 18:13:38,736 - __main__ - INFO - 品質保証適用: 30個の特徴量 (timeframe=H4)
2026-06-18 18:13:38,739 - __main__ - INFO - 品質保証適用完了: 30列
2026-06-18 18:13:38,739 - __main__ - INFO - グループ計算完了: group_3b_bb_30_50 - 38個の特徴量
2026-06-18 18:13:39,164 - __main__ - INFO - [Phase D-3] artifact 抽出完了 (engine_1_C): 30 features (group_3b_bb_30_50)
2026-06-18 18:13:39,210 - __main__ - INFO - グループ処理開始: group_3c_bb_variants (6個の特徴量)
2026-06-18 18:13:39,210 - __main__ - INFO - グループ計算開始: group_3c_bb_variants
2026-06-18 18:13:39,211 - __main__ - INFO - ボリンジャーバンド特徴量計算開始
2026-06-18 18:13:39,212 - __main__ - INFO - ボリンジャーバンド特徴量計算完了: 54個
2026-06-18 18:13:39,213 - __main__ - INFO - 品質保証システム適用開始 (EWMベース, timeframe=H4)
2026-06-18 18:13:39,215 - __main__ - INFO - 品質保証適用: 6個の特徴量 (timeframe=H4)
2026-06-18 18:13:39,215 - __main__ - INFO - 品質保証適用完了: 6列
2026-06-18 18:13:39,216 - __main__ - INFO - グループ計算完了: group_3c_bb_variants - 6個の特徴量
2026-06-18 18:13:39,286 - __main__ - INFO - [Phase D-3] artifact 抽出完了 (engine_1_C): 6 features (group_3c_bb_variants)
2026-06-18 18:13:39,328 - __main__ - INFO - グループ処理開始: group_4a_atr_basic (4個の特徴量)
2026-06-18 18:13:39,328 - __main__ - INFO - グループ計算開始: group_4a_atr_basic
2026-06-18 18:13:39,329 - __main__ - INFO - ATR特徴量計算開始
2026-06-18 18:13:39,329 - __main__ - INFO - ATR特徴量計算完了: 16個
2026-06-18 18:13:39,330 - __main__ - INFO - 品質保証システム適用開始 (EWMベース, timeframe=H4)
2026-06-18 18:13:39,331 - __main__ - INFO - 品質保証適用: 4個の特徴量 (timeframe=H4)
2026-06-18 18:13:39,332 - __main__ - INFO - 品質保証適用完了: 4列
2026-06-18 18:13:39,332 - __main__ - INFO - グループ計算完了: group_4a_atr_basic - 4個の特徴量
2026-06-18 18:13:39,379 - __main__ - INFO - [Phase D-3] artifact 抽出完了 (engine_1_C): 4 features (group_4a_atr_basic)
2026-06-18 18:13:39,423 - __main__ - INFO - グループ処理開始: group_4b_atr_extended (12個の特徴量)
2026-06-18 18:13:39,424 - __main__ - INFO - グループ計算開始: group_4b_atr_extended
2026-06-18 18:13:39,424 - __main__ - INFO - ATR特徴量計算開始
2026-06-18 18:13:39,425 - __main__ - INFO - ATR特徴量計算完了: 16個
2026-06-18 18:13:39,426 - __main__ - INFO - 品質保証システム適用開始 (EWMベース, timeframe=H4)
2026-06-18 18:13:39,426 - __main__ - INFO - 品質保証適用: 12個の特徴量 (timeframe=H4)
2026-06-18 18:13:39,428 - __main__ - INFO - 品質保証適用完了: 12列
2026-06-18 18:13:39,428 - __main__ - INFO - グループ計算完了: group_4b_atr_extended - 12個の特徴量
2026-06-18 18:13:39,567 - __main__ - INFO - [Phase D-3] artifact 抽出完了 (engine_1_C): 12 features (group_4b_atr_extended)
2026-06-18 18:13:39,609 - __main__ - INFO - グループ処理開始: group_5a_oscillators_basic (9個の特徴量)
2026-06-18 18:13:39,610 - __main__ - INFO - グループ計算開始: group_5a_oscillators_basic
2026-06-18 18:13:39,610 - __main__ - INFO - オシレーター特徴量計算開始
2026-06-18 18:13:39,611 - __main__ - INFO - オシレーター特徴量計算完了: 30個
2026-06-18 18:13:39,612 - __main__ - INFO - 品質保証システム適用開始 (EWMベース, timeframe=H4)
2026-06-18 18:13:39,613 - __main__ - INFO - 品質保証適用: 9個の特徴量 (timeframe=H4)
2026-06-18 18:13:39,614 - __main__ - INFO - 品質保証適用完了: 9列
2026-06-18 18:13:39,614 - __main__ - INFO - グループ計算完了: group_5a_oscillators_basic - 9個の特徴量
2026-06-18 18:13:39,713 - __main__ - INFO - [Phase D-3] artifact 抽出完了 (engine_1_C): 9 features (group_5a_oscillators_basic)
2026-06-18 18:13:39,756 - __main__ - INFO - グループ処理開始: group_5b_oscillators_extended (21個の特徴量)
2026-06-18 18:13:39,757 - __main__ - INFO - グループ計算開始: group_5b_oscillators_extended
2026-06-18 18:13:39,757 - __main__ - INFO - オシレーター特徴量計算開始
2026-06-18 18:13:39,758 - __main__ - INFO - オシレーター特徴量計算完了: 30個
2026-06-18 18:13:39,759 - __main__ - INFO - 品質保証システム適用開始 (EWMベース, timeframe=H4)
2026-06-18 18:13:39,759 - __main__ - INFO - 品質保証適用: 21個の特徴量 (timeframe=H4)
2026-06-18 18:13:39,763 - __main__ - INFO - 品質保証適用完了: 21列
2026-06-18 18:13:39,763 - __main__ - INFO - グループ計算完了: group_5b_oscillators_extended - 21個の特徴量
2026-06-18 18:13:40,022 - __main__ - INFO - [Phase D-3] artifact 抽出完了 (engine_1_C): 21 features (group_5b_oscillators_extended)
2026-06-18 18:13:40,071 - __main__ - INFO - グループ処理開始: group_6a_momentum_basic (8個の特徴量)
2026-06-18 18:13:40,071 - __main__ - INFO - グループ計算開始: group_6a_momentum_basic
2026-06-18 18:13:40,072 - __main__ - INFO - モメンタム特徴量計算開始
2026-06-18 18:13:40,073 - __main__ - INFO - モメンタム特徴量計算完了: 17個
2026-06-18 18:13:40,073 - __main__ - INFO - 品質保証システム適用開始 (EWMベース, timeframe=H4)
2026-06-18 18:13:40,074 - __main__ - INFO - 品質保証適用: 8個の特徴量 (timeframe=H4)
2026-06-18 18:13:40,075 - __main__ - INFO - 品質保証適用完了: 8列
2026-06-18 18:13:40,075 - __main__ - INFO - グループ計算完了: group_6a_momentum_basic - 8個の特徴量
2026-06-18 18:13:40,164 - __main__ - INFO - [Phase D-3] artifact 抽出完了 (engine_1_C): 8 features (group_6a_momentum_basic)
2026-06-18 18:13:40,214 - __main__ - INFO - グループ処理開始: group_6b_momentum_extended (9個の特徴量)
2026-06-18 18:13:40,215 - __main__ - INFO - グループ計算開始: group_6b_momentum_extended
2026-06-18 18:13:40,215 - __main__ - INFO - モメンタム特徴量計算開始
2026-06-18 18:13:40,216 - __main__ - INFO - モメンタム特徴量計算完了: 17個
2026-06-18 18:13:40,217 - __main__ - INFO - 品質保証システム適用開始 (EWMベース, timeframe=H4)
2026-06-18 18:13:40,217 - __main__ - INFO - 品質保証適用: 9個の特徴量 (timeframe=H4)
2026-06-18 18:13:40,218 - __main__ - INFO - 品質保証適用完了: 9列
2026-06-18 18:13:40,219 - __main__ - INFO - グループ計算完了: group_6b_momentum_extended - 9個の特徴量
2026-06-18 18:13:40,355 - __main__ - INFO - [Phase D-3] artifact 抽出完了 (engine_1_C): 9 features (group_6b_momentum_extended)
2026-06-18 18:13:40,406 - __main__ - INFO - グループ処理開始: group_7_moving_averages (15個の特徴量)
2026-06-18 18:13:40,406 - __main__ - INFO - グループ計算開始: group_7_moving_averages
2026-06-18 18:13:40,406 - __main__ - INFO - 移動平均線特徴量計算開始
2026-06-18 18:13:40,408 - __main__ - INFO - 移動平均線特徴量計算完了: 39個
2026-06-18 18:13:40,409 - __main__ - INFO - 品質保証システム適用開始 (EWMベース, timeframe=H4)
2026-06-18 18:13:40,409 - __main__ - INFO - 品質保証適用: 15個の特徴量 (timeframe=H4)
2026-06-18 18:13:40,411 - __main__ - INFO - 品質保証適用完了: 15列
2026-06-18 18:13:40,411 - __main__ - INFO - グループ計算完了: group_7_moving_averages - 19個の特徴量
2026-06-18 18:13:40,591 - __main__ - INFO - [Phase D-3] artifact 抽出完了 (engine_1_C): 15 features (group_7_moving_averages)
2026-06-18 18:13:40,637 - __main__ - INFO - グループ処理開始: group_8_advanced (14個の特徴量)
2026-06-18 18:13:40,638 - __main__ - INFO - グループ計算開始: group_8_advanced
2026-06-18 18:13:40,638 - __main__ - INFO - 高度な指標特徴量計算開始
2026-06-18 18:13:40,639 - __main__ - INFO - 高度な指標特徴量計算完了: 14個
2026-06-18 18:13:40,640 - __main__ - INFO - 品質保証システム適用開始 (EWMベース, timeframe=H4)
2026-06-18 18:13:40,641 - __main__ - INFO - 品質保証適用: 14個の特徴量 (timeframe=H4)
2026-06-18 18:13:40,642 - __main__ - INFO - 品質保証適用完了: 14列
2026-06-18 18:13:40,643 - __main__ - INFO - グループ計算完了: group_8_advanced - 15個の特徴量
2026-06-18 18:13:40,918 - __main__ - INFO - [Phase D-3] artifact 抽出完了 (engine_1_C): 14 features (group_8_advanced)
2026-06-18 18:13:40,978 - __main__ - INFO - グループ処理開始: group_9_moving_extended (24個の特徴量)
2026-06-18 18:13:40,979 - __main__ - INFO - グループ計算開始: group_9_moving_extended
2026-06-18 18:13:40,979 - __main__ - INFO - 移動平均線特徴量計算開始
2026-06-18 18:13:40,981 - __main__ - INFO - 移動平均線特徴量計算完了: 39個
2026-06-18 18:13:40,982 - __main__ - INFO - 品質保証システム適用開始 (EWMベース, timeframe=H4)
2026-06-18 18:13:40,983 - __main__ - INFO - 品質保証適用: 24個の特徴量 (timeframe=H4)
2026-06-18 18:13:40,985 - __main__ - INFO - 品質保証適用完了: 24列
2026-06-18 18:13:40,985 - __main__ - INFO - グループ計算完了: group_9_moving_extended - 30個の特徴量
2026-06-18 18:13:41,317 - __main__ - INFO - [Phase D-3] artifact 抽出完了 (engine_1_C): 24 features (group_9_moving_extended)
2026-06-18 18:13:41,366 - __main__ - INFO - 全グループ計算完了。ファイルの結合を開始します...
2026-06-18 18:13:42,125 - __main__ - INFO - NaN埋め処理完了: 184個の特徴量 (basic=7, ホワイトリスト方式)
2026-06-18 18:13:42,160 - __main__ - INFO - 保存完了: features_e1c_H4.parquet (0.51MB, 0.03秒)
2026-06-18 18:13:42,161 - __main__ - INFO - === 通常処理完了: H4 - 4.34秒 ===
2026-06-18 18:13:42,162 - __main__ - INFO - === 通常処理開始: timeframe=H6 ===
2026-06-18 18:13:42,162 - __main__ - INFO - DataEngine初期化: /workspace/data/XAUUSD/stratum_1_base/master_processed
2026-06-18 18:13:42,163 - __main__ - INFO - 一時ディレクトリ作成: /tmp/features_e1c_wzyxtzet
2026-06-18 18:13:42,163 - __main__ - INFO - CalculationEngine初期化: e1c_
2026-06-18 18:13:42,168 - __main__ - INFO - OutputEngine初期化: /workspace/data/XAUUSD/stratum_2_features/feature_value_a_vast_universeC
2026-06-18 18:13:42,200 - __main__ - INFO - データサマリー: {'columns': ['timeframe', 'timestamp', 'open', 'high', 'low', 'close', 'volume', 'disc', 'log_return', 'rolling_volatility', 'rolling_avg_volume', 'price_direction', 'price_momentum', 'volume_ratio'], 'dtypes': {'timeframe': 'String', 'timestamp': "Datetime(time_unit='ns', time_zone=None)", 'open': 'Float64', 'high': 'Float64', 'low': 'Float64', 'close': 'Float64', 'volume': 'Int64', 'disc': 'Boolean', 'log_return': 'Float64', 'rolling_volatility': 'Float64', 'rolling_avg_volume': 'Float64', 'price_direction': 'Int8', 'price_momentum': 'Float64', 'volume_ratio': 'Float64'}, 'sample_rows': 242, 'memory_usage_mb': 0.020607948303222656}
2026-06-18 18:13:42,208 - __main__ - INFO - グループ処理開始: group_1a_rsi_basic (4個の特徴量)
2026-06-18 18:13:42,209 - __main__ - INFO - グループ計算開始: group_1a_rsi_basic
2026-06-18 18:13:42,209 - __main__ - INFO - RSI特徴量計算開始
2026-06-18 18:13:42,210 - __main__ - INFO - RSI特徴量計算完了: 12個
2026-06-18 18:13:42,210 - __main__ - INFO - 品質保証システム適用開始 (EWMベース, timeframe=H6)
2026-06-18 18:13:42,211 - __main__ - INFO - 品質保証適用: 6個の特徴量 (timeframe=H6)
2026-06-18 18:13:42,212 - __main__ - INFO - 品質保証適用完了: 6列
2026-06-18 18:13:42,212 - __main__ - INFO - グループ計算完了: group_1a_rsi_basic - 6個の特徴量
2026-06-18 18:13:42,292 - __main__ - INFO - [Phase D-3] artifact 抽出完了 (engine_1_C): 6 features (group_1a_rsi_basic)
2026-06-18 18:13:42,337 - __main__ - INFO - グループ処理開始: group_1b_rsi_extended (4個の特徴量)
2026-06-18 18:13:42,337 - __main__ - INFO - グループ計算開始: group_1b_rsi_extended
2026-06-18 18:13:42,338 - __main__ - INFO - RSI特徴量計算開始
2026-06-18 18:13:42,338 - __main__ - INFO - RSI特徴量計算完了: 12個
2026-06-18 18:13:42,339 - __main__ - INFO - 品質保証システム適用開始 (EWMベース, timeframe=H6)
2026-06-18 18:13:42,339 - __main__ - INFO - 品質保証適用: 4個の特徴量 (timeframe=H6)
2026-06-18 18:13:42,340 - __main__ - INFO - 品質保証適用完了: 4列
2026-06-18 18:13:42,340 - __main__ - INFO - グループ計算完了: group_1b_rsi_extended - 4個の特徴量
2026-06-18 18:13:42,392 - __main__ - INFO - [Phase D-3] artifact 抽出完了 (engine_1_C): 4 features (group_1b_rsi_extended)
2026-06-18 18:13:42,437 - __main__ - INFO - グループ処理開始: group_1c_rsi_stochastic (2個の特徴量)
2026-06-18 18:13:42,437 - __main__ - INFO - グループ計算開始: group_1c_rsi_stochastic
2026-06-18 18:13:42,438 - __main__ - INFO - RSI特徴量計算開始
2026-06-18 18:13:42,438 - __main__ - INFO - RSI特徴量計算完了: 12個
2026-06-18 18:13:42,439 - __main__ - INFO - 品質保証システム適用開始 (EWMベース, timeframe=H6)
2026-06-18 18:13:42,439 - __main__ - INFO - 品質保証適用: 2個の特徴量 (timeframe=H6)
2026-06-18 18:13:42,440 - __main__ - INFO - 品質保証適用完了: 2列
2026-06-18 18:13:42,440 - __main__ - INFO - グループ計算完了: group_1c_rsi_stochastic - 2個の特徴量
2026-06-18 18:13:42,466 - __main__ - INFO - [Phase D-3] artifact 抽出完了 (engine_1_C): 2 features (group_1c_rsi_stochastic)
2026-06-18 18:13:42,508 - __main__ - INFO - グループ処理開始: group_1d_rsi_divergence (2個の特徴量)
2026-06-18 18:13:42,509 - __main__ - INFO - グループ計算開始: group_1d_rsi_divergence
2026-06-18 18:13:42,509 - __main__ - INFO - RSI特徴量計算開始
2026-06-18 18:13:42,510 - __main__ - INFO - RSI特徴量計算完了: 12個
2026-06-18 18:13:42,510 - __main__ - INFO - 品質保証システム適用開始 (EWMベース, timeframe=H6)
2026-06-18 18:13:42,511 - __main__ - INFO - 品質保証適用: 2個の特徴量 (timeframe=H6)
2026-06-18 18:13:42,511 - __main__ - INFO - 品質保証適用完了: 2列
2026-06-18 18:13:42,512 - __main__ - INFO - グループ計算完了: group_1d_rsi_divergence - 2個の特徴量
2026-06-18 18:13:42,542 - __main__ - INFO - [Phase D-3] artifact 抽出完了 (engine_1_C): 2 features (group_1d_rsi_divergence)
2026-06-18 18:13:42,584 - __main__ - INFO - グループ処理開始: group_2a_macd_standard (3個の特徴量)
2026-06-18 18:13:42,585 - __main__ - INFO - グループ計算開始: group_2a_macd_standard
2026-06-18 18:13:42,585 - __main__ - INFO - MACD特徴量計算開始
2026-06-18 18:13:42,586 - __main__ - INFO - MACD特徴量計算完了: 9個
2026-06-18 18:13:42,587 - __main__ - INFO - 品質保証システム適用開始 (EWMベース, timeframe=H6)
2026-06-18 18:13:42,587 - __main__ - INFO - 品質保証適用: 3個の特徴量 (timeframe=H6)
2026-06-18 18:13:42,588 - __main__ - INFO - 品質保証適用完了: 3列
2026-06-18 18:13:42,588 - __main__ - INFO - グループ計算完了: group_2a_macd_standard - 3個の特徴量
2026-06-18 18:13:42,626 - __main__ - INFO - [Phase D-3] artifact 抽出完了 (engine_1_C): 3 features (group_2a_macd_standard)
2026-06-18 18:13:42,669 - __main__ - INFO - グループ処理開始: group_2b_macd_variants (6個の特徴量)
2026-06-18 18:13:42,669 - __main__ - INFO - グループ計算開始: group_2b_macd_variants
2026-06-18 18:13:42,670 - __main__ - INFO - MACD特徴量計算開始
2026-06-18 18:13:42,670 - __main__ - INFO - MACD特徴量計算完了: 9個
2026-06-18 18:13:42,671 - __main__ - INFO - 品質保証システム適用開始 (EWMベース, timeframe=H6)
2026-06-18 18:13:42,671 - __main__ - INFO - 品質保証適用: 6個の特徴量 (timeframe=H6)
2026-06-18 18:13:42,672 - __main__ - INFO - 品質保証適用完了: 6列
2026-06-18 18:13:42,673 - __main__ - INFO - グループ計算完了: group_2b_macd_variants - 6個の特徴量
2026-06-18 18:13:42,741 - __main__ - INFO - [Phase D-3] artifact 抽出完了 (engine_1_C): 6 features (group_2b_macd_variants)
2026-06-18 18:13:42,787 - __main__ - INFO - グループ処理開始: group_3a_bb_20 (10個の特徴量)
2026-06-18 18:13:42,788 - __main__ - INFO - グループ計算開始: group_3a_bb_20
2026-06-18 18:13:42,788 - __main__ - INFO - ボリンジャーバンド特徴量計算開始
2026-06-18 18:13:42,790 - __main__ - INFO - ボリンジャーバンド特徴量計算完了: 54個
2026-06-18 18:13:42,791 - __main__ - INFO - 品質保証システム適用開始 (EWMベース, timeframe=H6)
2026-06-18 18:13:42,792 - __main__ - INFO - 品質保証適用: 14個の特徴量 (timeframe=H6)
2026-06-18 18:13:42,794 - __main__ - INFO - 品質保証適用完了: 14列
2026-06-18 18:13:42,794 - __main__ - INFO - グループ計算完了: group_3a_bb_20 - 16個の特徴量
2026-06-18 18:13:42,975 - __main__ - INFO - [Phase D-3] artifact 抽出完了 (engine_1_C): 14 features (group_3a_bb_20)
2026-06-18 18:13:43,023 - __main__ - INFO - グループ処理開始: group_3b_bb_30_50 (26個の特徴量)
2026-06-18 18:13:43,024 - __main__ - INFO - グループ計算開始: group_3b_bb_30_50
2026-06-18 18:13:43,024 - __main__ - INFO - ボリンジャーバンド特徴量計算開始
2026-06-18 18:13:43,025 - __main__ - INFO - ボリンジャーバンド特徴量計算完了: 54個
2026-06-18 18:13:43,027 - __main__ - INFO - 品質保証システム適用開始 (EWMベース, timeframe=H6)
2026-06-18 18:13:43,028 - __main__ - INFO - 品質保証適用: 30個の特徴量 (timeframe=H6)
2026-06-18 18:13:43,031 - __main__ - INFO - 品質保証適用完了: 30列
2026-06-18 18:13:43,032 - __main__ - INFO - グループ計算完了: group_3b_bb_30_50 - 38個の特徴量
2026-06-18 18:13:43,483 - __main__ - INFO - [Phase D-3] artifact 抽出完了 (engine_1_C): 30 features (group_3b_bb_30_50)
2026-06-18 18:13:43,527 - __main__ - INFO - グループ処理開始: group_3c_bb_variants (6個の特徴量)
2026-06-18 18:13:43,527 - __main__ - INFO - グループ計算開始: group_3c_bb_variants
2026-06-18 18:13:43,528 - __main__ - INFO - ボリンジャーバンド特徴量計算開始
2026-06-18 18:13:43,529 - __main__ - INFO - ボリンジャーバンド特徴量計算完了: 54個
2026-06-18 18:13:43,531 - __main__ - INFO - 品質保証システム適用開始 (EWMベース, timeframe=H6)
2026-06-18 18:13:43,532 - __main__ - INFO - 品質保証適用: 6個の特徴量 (timeframe=H6)
2026-06-18 18:13:43,533 - __main__ - INFO - 品質保証適用完了: 6列
2026-06-18 18:13:43,533 - __main__ - INFO - グループ計算完了: group_3c_bb_variants - 6個の特徴量
2026-06-18 18:13:43,608 - __main__ - INFO - [Phase D-3] artifact 抽出完了 (engine_1_C): 6 features (group_3c_bb_variants)
2026-06-18 18:13:43,653 - __main__ - INFO - グループ処理開始: group_4a_atr_basic (4個の特徴量)
2026-06-18 18:13:43,653 - __main__ - INFO - グループ計算開始: group_4a_atr_basic
2026-06-18 18:13:43,653 - __main__ - INFO - ATR特徴量計算開始
2026-06-18 18:13:43,654 - __main__ - INFO - ATR特徴量計算完了: 16個
2026-06-18 18:13:43,655 - __main__ - INFO - 品質保証システム適用開始 (EWMベース, timeframe=H6)
2026-06-18 18:13:43,656 - __main__ - INFO - 品質保証適用: 4個の特徴量 (timeframe=H6)
2026-06-18 18:13:43,656 - __main__ - INFO - 品質保証適用完了: 4列
2026-06-18 18:13:43,657 - __main__ - INFO - グループ計算完了: group_4a_atr_basic - 4個の特徴量
2026-06-18 18:13:43,704 - __main__ - INFO - [Phase D-3] artifact 抽出完了 (engine_1_C): 4 features (group_4a_atr_basic)
2026-06-18 18:13:43,748 - __main__ - INFO - グループ処理開始: group_4b_atr_extended (12個の特徴量)
2026-06-18 18:13:43,748 - __main__ - INFO - グループ計算開始: group_4b_atr_extended
2026-06-18 18:13:43,749 - __main__ - INFO - ATR特徴量計算開始
2026-06-18 18:13:43,749 - __main__ - INFO - ATR特徴量計算完了: 16個
2026-06-18 18:13:43,750 - __main__ - INFO - 品質保証システム適用開始 (EWMベース, timeframe=H6)
2026-06-18 18:13:43,751 - __main__ - INFO - 品質保証適用: 12個の特徴量 (timeframe=H6)
2026-06-18 18:13:43,752 - __main__ - INFO - 品質保証適用完了: 12列
2026-06-18 18:13:43,752 - __main__ - INFO - グループ計算完了: group_4b_atr_extended - 12個の特徴量
2026-06-18 18:13:43,894 - __main__ - INFO - [Phase D-3] artifact 抽出完了 (engine_1_C): 12 features (group_4b_atr_extended)
2026-06-18 18:13:43,940 - __main__ - INFO - グループ処理開始: group_5a_oscillators_basic (9個の特徴量)
2026-06-18 18:13:43,941 - __main__ - INFO - グループ計算開始: group_5a_oscillators_basic
2026-06-18 18:13:43,941 - __main__ - INFO - オシレーター特徴量計算開始
2026-06-18 18:13:43,942 - __main__ - INFO - オシレーター特徴量計算完了: 30個
2026-06-18 18:13:43,943 - __main__ - INFO - 品質保証システム適用開始 (EWMベース, timeframe=H6)
2026-06-18 18:13:43,943 - __main__ - INFO - 品質保証適用: 9個の特徴量 (timeframe=H6)
2026-06-18 18:13:43,945 - __main__ - INFO - 品質保証適用完了: 9列
2026-06-18 18:13:43,945 - __main__ - INFO - グループ計算完了: group_5a_oscillators_basic - 9個の特徴量
2026-06-18 18:13:44,045 - __main__ - INFO - [Phase D-3] artifact 抽出完了 (engine_1_C): 9 features (group_5a_oscillators_basic)
2026-06-18 18:13:44,088 - __main__ - INFO - グループ処理開始: group_5b_oscillators_extended (21個の特徴量)
2026-06-18 18:13:44,088 - __main__ - INFO - グループ計算開始: group_5b_oscillators_extended
2026-06-18 18:13:44,089 - __main__ - INFO - オシレーター特徴量計算開始
2026-06-18 18:13:44,089 - __main__ - INFO - オシレーター特徴量計算完了: 30個
2026-06-18 18:13:44,090 - __main__ - INFO - 品質保証システム適用開始 (EWMベース, timeframe=H6)
2026-06-18 18:13:44,091 - __main__ - INFO - 品質保証適用: 21個の特徴量 (timeframe=H6)
2026-06-18 18:13:44,093 - __main__ - INFO - 品質保証適用完了: 21列
2026-06-18 18:13:44,093 - __main__ - INFO - グループ計算完了: group_5b_oscillators_extended - 21個の特徴量
2026-06-18 18:13:44,341 - __main__ - INFO - [Phase D-3] artifact 抽出完了 (engine_1_C): 21 features (group_5b_oscillators_extended)
2026-06-18 18:13:44,386 - __main__ - INFO - グループ処理開始: group_6a_momentum_basic (8個の特徴量)
2026-06-18 18:13:44,387 - __main__ - INFO - グループ計算開始: group_6a_momentum_basic
2026-06-18 18:13:44,387 - __main__ - INFO - モメンタム特徴量計算開始
2026-06-18 18:13:44,388 - __main__ - INFO - モメンタム特徴量計算完了: 17個
2026-06-18 18:13:44,388 - __main__ - INFO - 品質保証システム適用開始 (EWMベース, timeframe=H6)
2026-06-18 18:13:44,389 - __main__ - INFO - 品質保証適用: 8個の特徴量 (timeframe=H6)
2026-06-18 18:13:44,390 - __main__ - INFO - 品質保証適用完了: 8列
2026-06-18 18:13:44,390 - __main__ - INFO - グループ計算完了: group_6a_momentum_basic - 8個の特徴量
2026-06-18 18:13:44,479 - __main__ - INFO - [Phase D-3] artifact 抽出完了 (engine_1_C): 8 features (group_6a_momentum_basic)
2026-06-18 18:13:44,523 - __main__ - INFO - グループ処理開始: group_6b_momentum_extended (9個の特徴量)
2026-06-18 18:13:44,523 - __main__ - INFO - グループ計算開始: group_6b_momentum_extended
2026-06-18 18:13:44,524 - __main__ - INFO - モメンタム特徴量計算開始
2026-06-18 18:13:44,525 - __main__ - INFO - モメンタム特徴量計算完了: 17個
2026-06-18 18:13:44,525 - __main__ - INFO - 品質保証システム適用開始 (EWMベース, timeframe=H6)
2026-06-18 18:13:44,526 - __main__ - INFO - 品質保証適用: 9個の特徴量 (timeframe=H6)
2026-06-18 18:13:44,527 - __main__ - INFO - 品質保証適用完了: 9列
2026-06-18 18:13:44,527 - __main__ - INFO - グループ計算完了: group_6b_momentum_extended - 9個の特徴量
2026-06-18 18:13:44,680 - __main__ - INFO - [Phase D-3] artifact 抽出完了 (engine_1_C): 9 features (group_6b_momentum_extended)
2026-06-18 18:13:44,726 - __main__ - INFO - グループ処理開始: group_7_moving_averages (15個の特徴量)
2026-06-18 18:13:44,727 - __main__ - INFO - グループ計算開始: group_7_moving_averages
2026-06-18 18:13:44,727 - __main__ - INFO - 移動平均線特徴量計算開始
2026-06-18 18:13:44,728 - __main__ - INFO - 移動平均線特徴量計算完了: 39個
2026-06-18 18:13:44,730 - __main__ - INFO - 品質保証システム適用開始 (EWMベース, timeframe=H6)
2026-06-18 18:13:44,730 - __main__ - INFO - 品質保証適用: 15個の特徴量 (timeframe=H6)
2026-06-18 18:13:44,732 - __main__ - INFO - 品質保証適用完了: 15列
2026-06-18 18:13:44,732 - __main__ - INFO - グループ計算完了: group_7_moving_averages - 19個の特徴量
2026-06-18 18:13:44,903 - __main__ - INFO - [Phase D-3] artifact 抽出完了 (engine_1_C): 15 features (group_7_moving_averages)
2026-06-18 18:13:44,947 - __main__ - INFO - グループ処理開始: group_8_advanced (14個の特徴量)
2026-06-18 18:13:44,947 - __main__ - INFO - グループ計算開始: group_8_advanced
2026-06-18 18:13:44,948 - __main__ - INFO - 高度な指標特徴量計算開始
2026-06-18 18:13:44,948 - __main__ - INFO - 高度な指標特徴量計算完了: 14個
2026-06-18 18:13:44,950 - __main__ - INFO - 品質保証システム適用開始 (EWMベース, timeframe=H6)
2026-06-18 18:13:44,951 - __main__ - INFO - 品質保証適用: 14個の特徴量 (timeframe=H6)
2026-06-18 18:13:44,952 - __main__ - INFO - 品質保証適用完了: 14列
2026-06-18 18:13:44,953 - __main__ - INFO - グループ計算完了: group_8_advanced - 15個の特徴量
2026-06-18 18:13:45,203 - __main__ - INFO - [Phase D-3] artifact 抽出完了 (engine_1_C): 14 features (group_8_advanced)
2026-06-18 18:13:45,250 - __main__ - INFO - グループ処理開始: group_9_moving_extended (24個の特徴量)
2026-06-18 18:13:45,250 - __main__ - INFO - グループ計算開始: group_9_moving_extended
2026-06-18 18:13:45,251 - __main__ - INFO - 移動平均線特徴量計算開始
2026-06-18 18:13:45,252 - __main__ - INFO - 移動平均線特徴量計算完了: 39個
2026-06-18 18:13:45,253 - __main__ - INFO - 品質保証システム適用開始 (EWMベース, timeframe=H6)
2026-06-18 18:13:45,254 - __main__ - INFO - 品質保証適用: 24個の特徴量 (timeframe=H6)
2026-06-18 18:13:45,256 - __main__ - INFO - 品質保証適用完了: 24列
2026-06-18 18:13:45,257 - __main__ - INFO - グループ計算完了: group_9_moving_extended - 30個の特徴量
2026-06-18 18:13:45,560 - __main__ - INFO - [Phase D-3] artifact 抽出完了 (engine_1_C): 24 features (group_9_moving_extended)
2026-06-18 18:13:45,604 - __main__ - INFO - 全グループ計算完了。ファイルの結合を開始します...
2026-06-18 18:13:46,303 - __main__ - INFO - NaN埋め処理完了: 184個の特徴量 (basic=7, ホワイトリスト方式)
2026-06-18 18:13:46,333 - __main__ - INFO - 保存完了: features_e1c_H6.parquet (0.35MB, 0.02秒)
2026-06-18 18:13:46,334 - __main__ - INFO - === 通常処理完了: H6 - 4.17秒 ===
2026-06-18 18:13:46,334 - __main__ - INFO - === 通常処理開始: timeframe=H12 ===
2026-06-18 18:13:46,335 - __main__ - INFO - DataEngine初期化: /workspace/data/XAUUSD/stratum_1_base/master_processed
2026-06-18 18:13:46,336 - __main__ - INFO - 一時ディレクトリ作成: /tmp/features_e1c_tx6aw3me
2026-06-18 18:13:46,336 - __main__ - INFO - CalculationEngine初期化: e1c_
2026-06-18 18:13:46,340 - __main__ - INFO - OutputEngine初期化: /workspace/data/XAUUSD/stratum_2_features/feature_value_a_vast_universeC
2026-06-18 18:13:46,370 - __main__ - INFO - データサマリー: {'columns': ['timeframe', 'timestamp', 'open', 'high', 'low', 'close', 'volume', 'disc', 'log_return', 'rolling_volatility', 'rolling_avg_volume', 'price_direction', 'price_momentum', 'volume_ratio'], 'dtypes': {'timeframe': 'String', 'timestamp': "Datetime(time_unit='ns', time_zone=None)", 'open': 'Float64', 'high': 'Float64', 'low': 'Float64', 'close': 'Float64', 'volume': 'Int64', 'disc': 'Boolean', 'log_return': 'Float64', 'rolling_volatility': 'Float64', 'rolling_avg_volume': 'Float64', 'price_direction': 'Int8', 'price_momentum': 'Float64', 'volume_ratio': 'Float64'}, 'sample_rows': 127, 'memory_usage_mb': 0.010842323303222656}
2026-06-18 18:13:46,377 - __main__ - INFO - グループ処理開始: group_1a_rsi_basic (4個の特徴量)
2026-06-18 18:13:46,378 - __main__ - INFO - グループ計算開始: group_1a_rsi_basic
2026-06-18 18:13:46,378 - __main__ - INFO - RSI特徴量計算開始
2026-06-18 18:13:46,379 - __main__ - INFO - RSI特徴量計算完了: 12個
2026-06-18 18:13:46,380 - __main__ - INFO - 品質保証システム適用開始 (EWMベース, timeframe=H12)
2026-06-18 18:13:46,380 - __main__ - INFO - 品質保証適用: 6個の特徴量 (timeframe=H12)
2026-06-18 18:13:46,381 - __main__ - INFO - 品質保証適用完了: 6列
2026-06-18 18:13:46,381 - __main__ - INFO - グループ計算完了: group_1a_rsi_basic - 6個の特徴量
2026-06-18 18:13:46,462 - __main__ - INFO - [Phase D-3] artifact 抽出完了 (engine_1_C): 6 features (group_1a_rsi_basic)
2026-06-18 18:13:46,506 - __main__ - INFO - グループ処理開始: group_1b_rsi_extended (4個の特徴量)
2026-06-18 18:13:46,507 - __main__ - INFO - グループ計算開始: group_1b_rsi_extended
2026-06-18 18:13:46,507 - __main__ - INFO - RSI特徴量計算開始
2026-06-18 18:13:46,508 - __main__ - INFO - RSI特徴量計算完了: 12個
2026-06-18 18:13:46,509 - __main__ - INFO - 品質保証システム適用開始 (EWMベース, timeframe=H12)
2026-06-18 18:13:46,509 - __main__ - INFO - 品質保証適用: 4個の特徴量 (timeframe=H12)
2026-06-18 18:13:46,510 - __main__ - INFO - 品質保証適用完了: 4列
2026-06-18 18:13:46,510 - __main__ - INFO - グループ計算完了: group_1b_rsi_extended - 4個の特徴量
2026-06-18 18:13:46,563 - __main__ - INFO - [Phase D-3] artifact 抽出完了 (engine_1_C): 4 features (group_1b_rsi_extended)
2026-06-18 18:13:46,605 - __main__ - INFO - グループ処理開始: group_1c_rsi_stochastic (2個の特徴量)
2026-06-18 18:13:46,605 - __main__ - INFO - グループ計算開始: group_1c_rsi_stochastic
2026-06-18 18:13:46,606 - __main__ - INFO - RSI特徴量計算開始
2026-06-18 18:13:46,606 - __main__ - INFO - RSI特徴量計算完了: 12個
2026-06-18 18:13:46,607 - __main__ - INFO - 品質保証システム適用開始 (EWMベース, timeframe=H12)
2026-06-18 18:13:46,608 - __main__ - INFO - 品質保証適用: 2個の特徴量 (timeframe=H12)
2026-06-18 18:13:46,608 - __main__ - INFO - 品質保証適用完了: 2列
2026-06-18 18:13:46,609 - __main__ - INFO - グループ計算完了: group_1c_rsi_stochastic - 2個の特徴量
2026-06-18 18:13:46,633 - __main__ - INFO - [Phase D-3] artifact 抽出完了 (engine_1_C): 2 features (group_1c_rsi_stochastic)
2026-06-18 18:13:46,676 - __main__ - INFO - グループ処理開始: group_1d_rsi_divergence (2個の特徴量)
2026-06-18 18:13:46,676 - __main__ - INFO - グループ計算開始: group_1d_rsi_divergence
2026-06-18 18:13:46,677 - __main__ - INFO - RSI特徴量計算開始
2026-06-18 18:13:46,678 - __main__ - INFO - RSI特徴量計算完了: 12個
2026-06-18 18:13:46,679 - __main__ - INFO - 品質保証システム適用開始 (EWMベース, timeframe=H12)
2026-06-18 18:13:46,679 - __main__ - INFO - 品質保証適用: 2個の特徴量 (timeframe=H12)
2026-06-18 18:13:46,680 - __main__ - INFO - 品質保証適用完了: 2列
2026-06-18 18:13:46,680 - __main__ - INFO - グループ計算完了: group_1d_rsi_divergence - 2個の特徴量
2026-06-18 18:13:46,715 - __main__ - INFO - [Phase D-3] artifact 抽出完了 (engine_1_C): 2 features (group_1d_rsi_divergence)
2026-06-18 18:13:46,758 - __main__ - INFO - グループ処理開始: group_2a_macd_standard (3個の特徴量)
2026-06-18 18:13:46,758 - __main__ - INFO - グループ計算開始: group_2a_macd_standard
2026-06-18 18:13:46,759 - __main__ - INFO - MACD特徴量計算開始
2026-06-18 18:13:46,759 - __main__ - INFO - MACD特徴量計算完了: 9個
2026-06-18 18:13:46,760 - __main__ - INFO - 品質保証システム適用開始 (EWMベース, timeframe=H12)
2026-06-18 18:13:46,761 - __main__ - INFO - 品質保証適用: 3個の特徴量 (timeframe=H12)
2026-06-18 18:13:46,761 - __main__ - INFO - 品質保証適用完了: 3列
2026-06-18 18:13:46,762 - __main__ - INFO - グループ計算完了: group_2a_macd_standard - 3個の特徴量
2026-06-18 18:13:46,797 - __main__ - INFO - [Phase D-3] artifact 抽出完了 (engine_1_C): 3 features (group_2a_macd_standard)
2026-06-18 18:13:46,839 - __main__ - INFO - グループ処理開始: group_2b_macd_variants (6個の特徴量)
2026-06-18 18:13:46,840 - __main__ - INFO - グループ計算開始: group_2b_macd_variants
2026-06-18 18:13:46,840 - __main__ - INFO - MACD特徴量計算開始
2026-06-18 18:13:46,841 - __main__ - INFO - MACD特徴量計算完了: 9個
2026-06-18 18:13:46,841 - __main__ - INFO - 品質保証システム適用開始 (EWMベース, timeframe=H12)
2026-06-18 18:13:46,842 - __main__ - INFO - 品質保証適用: 6個の特徴量 (timeframe=H12)
2026-06-18 18:13:46,843 - __main__ - INFO - 品質保証適用完了: 6列
2026-06-18 18:13:46,843 - __main__ - INFO - グループ計算完了: group_2b_macd_variants - 6個の特徴量
2026-06-18 18:13:46,910 - __main__ - INFO - [Phase D-3] artifact 抽出完了 (engine_1_C): 6 features (group_2b_macd_variants)
2026-06-18 18:13:46,955 - __main__ - INFO - グループ処理開始: group_3a_bb_20 (10個の特徴量)
2026-06-18 18:13:46,956 - __main__ - INFO - グループ計算開始: group_3a_bb_20
2026-06-18 18:13:46,956 - __main__ - INFO - ボリンジャーバンド特徴量計算開始
2026-06-18 18:13:46,958 - __main__ - INFO - ボリンジャーバンド特徴量計算完了: 54個
2026-06-18 18:13:46,959 - __main__ - INFO - 品質保証システム適用開始 (EWMベース, timeframe=H12)
2026-06-18 18:13:46,960 - __main__ - INFO - 品質保証適用: 14個の特徴量 (timeframe=H12)
2026-06-18 18:13:46,962 - __main__ - INFO - 品質保証適用完了: 14列
2026-06-18 18:13:46,962 - __main__ - INFO - グループ計算完了: group_3a_bb_20 - 16個の特徴量
2026-06-18 18:13:47,134 - __main__ - INFO - [Phase D-3] artifact 抽出完了 (engine_1_C): 14 features (group_3a_bb_20)
2026-06-18 18:13:47,179 - __main__ - INFO - グループ処理開始: group_3b_bb_30_50 (26個の特徴量)
2026-06-18 18:13:47,179 - __main__ - INFO - グループ計算開始: group_3b_bb_30_50
2026-06-18 18:13:47,180 - __main__ - INFO - ボリンジャーバンド特徴量計算開始
2026-06-18 18:13:47,181 - __main__ - INFO - ボリンジャーバンド特徴量計算完了: 54個
2026-06-18 18:13:47,183 - __main__ - INFO - 品質保証システム適用開始 (EWMベース, timeframe=H12)
2026-06-18 18:13:47,184 - __main__ - INFO - 品質保証適用: 30個の特徴量 (timeframe=H12)
2026-06-18 18:13:47,187 - __main__ - INFO - 品質保証適用完了: 30列
2026-06-18 18:13:47,187 - __main__ - INFO - グループ計算完了: group_3b_bb_30_50 - 38個の特徴量
2026-06-18 18:13:47,600 - __main__ - INFO - [Phase D-3] artifact 抽出完了 (engine_1_C): 30 features (group_3b_bb_30_50)
2026-06-18 18:13:47,644 - __main__ - INFO - グループ処理開始: group_3c_bb_variants (6個の特徴量)
2026-06-18 18:13:47,644 - __main__ - INFO - グループ計算開始: group_3c_bb_variants
2026-06-18 18:13:47,645 - __main__ - INFO - ボリンジャーバンド特徴量計算開始
2026-06-18 18:13:47,646 - __main__ - INFO - ボリンジャーバンド特徴量計算完了: 54個
2026-06-18 18:13:47,648 - __main__ - INFO - 品質保証システム適用開始 (EWMベース, timeframe=H12)
2026-06-18 18:13:47,649 - __main__ - INFO - 品質保証適用: 6個の特徴量 (timeframe=H12)
2026-06-18 18:13:47,650 - __main__ - INFO - 品質保証適用完了: 6列
2026-06-18 18:13:47,650 - __main__ - INFO - グループ計算完了: group_3c_bb_variants - 6個の特徴量
2026-06-18 18:13:47,725 - __main__ - INFO - [Phase D-3] artifact 抽出完了 (engine_1_C): 6 features (group_3c_bb_variants)
2026-06-18 18:13:47,768 - __main__ - INFO - グループ処理開始: group_4a_atr_basic (4個の特徴量)
2026-06-18 18:13:47,769 - __main__ - INFO - グループ計算開始: group_4a_atr_basic
2026-06-18 18:13:47,769 - __main__ - INFO - ATR特徴量計算開始
2026-06-18 18:13:47,770 - __main__ - INFO - ATR特徴量計算完了: 16個
2026-06-18 18:13:47,771 - __main__ - INFO - 品質保証システム適用開始 (EWMベース, timeframe=H12)
2026-06-18 18:13:47,771 - __main__ - INFO - 品質保証適用: 4個の特徴量 (timeframe=H12)
2026-06-18 18:13:47,772 - __main__ - INFO - 品質保証適用完了: 4列
2026-06-18 18:13:47,772 - __main__ - INFO - グループ計算完了: group_4a_atr_basic - 4個の特徴量
2026-06-18 18:13:47,820 - __main__ - INFO - [Phase D-3] artifact 抽出完了 (engine_1_C): 4 features (group_4a_atr_basic)
2026-06-18 18:13:47,862 - __main__ - INFO - グループ処理開始: group_4b_atr_extended (12個の特徴量)
2026-06-18 18:13:47,862 - __main__ - INFO - グループ計算開始: group_4b_atr_extended
2026-06-18 18:13:47,862 - __main__ - INFO - ATR特徴量計算開始
2026-06-18 18:13:47,863 - __main__ - INFO - ATR特徴量計算完了: 16個
2026-06-18 18:13:47,864 - __main__ - INFO - 品質保証システム適用開始 (EWMベース, timeframe=H12)
2026-06-18 18:13:47,864 - __main__ - INFO - 品質保証適用: 12個の特徴量 (timeframe=H12)
2026-06-18 18:13:47,866 - __main__ - INFO - 品質保証適用完了: 12列
2026-06-18 18:13:47,866 - __main__ - INFO - グループ計算完了: group_4b_atr_extended - 12個の特徴量
2026-06-18 18:13:48,001 - __main__ - INFO - [Phase D-3] artifact 抽出完了 (engine_1_C): 12 features (group_4b_atr_extended)
2026-06-18 18:13:48,043 - __main__ - INFO - グループ処理開始: group_5a_oscillators_basic (9個の特徴量)
2026-06-18 18:13:48,044 - __main__ - INFO - グループ計算開始: group_5a_oscillators_basic
2026-06-18 18:13:48,044 - __main__ - INFO - オシレーター特徴量計算開始
2026-06-18 18:13:48,045 - __main__ - INFO - オシレーター特徴量計算完了: 30個
2026-06-18 18:13:48,046 - __main__ - INFO - 品質保証システム適用開始 (EWMベース, timeframe=H12)
2026-06-18 18:13:48,046 - __main__ - INFO - 品質保証適用: 9個の特徴量 (timeframe=H12)
2026-06-18 18:13:48,048 - __main__ - INFO - 品質保証適用完了: 9列
2026-06-18 18:13:48,048 - __main__ - INFO - グループ計算完了: group_5a_oscillators_basic - 9個の特徴量
2026-06-18 18:13:48,145 - __main__ - INFO - [Phase D-3] artifact 抽出完了 (engine_1_C): 9 features (group_5a_oscillators_basic)
2026-06-18 18:13:48,191 - __main__ - INFO - グループ処理開始: group_5b_oscillators_extended (21個の特徴量)
2026-06-18 18:13:48,191 - __main__ - INFO - グループ計算開始: group_5b_oscillators_extended
2026-06-18 18:13:48,192 - __main__ - INFO - オシレーター特徴量計算開始
2026-06-18 18:13:48,192 - __main__ - INFO - オシレーター特徴量計算完了: 30個
2026-06-18 18:13:48,193 - __main__ - INFO - 品質保証システム適用開始 (EWMベース, timeframe=H12)
2026-06-18 18:13:48,194 - __main__ - INFO - 品質保証適用: 21個の特徴量 (timeframe=H12)
2026-06-18 18:13:48,196 - __main__ - INFO - 品質保証適用完了: 21列
2026-06-18 18:13:48,196 - __main__ - INFO - グループ計算完了: group_5b_oscillators_extended - 21個の特徴量
2026-06-18 18:13:48,453 - __main__ - INFO - [Phase D-3] artifact 抽出完了 (engine_1_C): 21 features (group_5b_oscillators_extended)
2026-06-18 18:13:48,495 - __main__ - INFO - グループ処理開始: group_6a_momentum_basic (8個の特徴量)
2026-06-18 18:13:48,495 - __main__ - INFO - グループ計算開始: group_6a_momentum_basic
2026-06-18 18:13:48,496 - __main__ - INFO - モメンタム特徴量計算開始
2026-06-18 18:13:48,497 - __main__ - INFO - モメンタム特徴量計算完了: 17個
2026-06-18 18:13:48,497 - __main__ - INFO - 品質保証システム適用開始 (EWMベース, timeframe=H12)
2026-06-18 18:13:48,498 - __main__ - INFO - 品質保証適用: 8個の特徴量 (timeframe=H12)
2026-06-18 18:13:48,499 - __main__ - INFO - 品質保証適用完了: 8列
2026-06-18 18:13:48,499 - __main__ - INFO - グループ計算完了: group_6a_momentum_basic - 8個の特徴量
2026-06-18 18:13:48,588 - __main__ - INFO - [Phase D-3] artifact 抽出完了 (engine_1_C): 8 features (group_6a_momentum_basic)
2026-06-18 18:13:48,632 - __main__ - INFO - グループ処理開始: group_6b_momentum_extended (9個の特徴量)
2026-06-18 18:13:48,633 - __main__ - INFO - グループ計算開始: group_6b_momentum_extended
2026-06-18 18:13:48,633 - __main__ - INFO - モメンタム特徴量計算開始
2026-06-18 18:13:48,634 - __main__ - INFO - モメンタム特徴量計算完了: 17個
2026-06-18 18:13:48,634 - __main__ - INFO - 品質保証システム適用開始 (EWMベース, timeframe=H12)
2026-06-18 18:13:48,635 - __main__ - INFO - 品質保証適用: 9個の特徴量 (timeframe=H12)
2026-06-18 18:13:48,636 - __main__ - INFO - 品質保証適用完了: 9列
2026-06-18 18:13:48,636 - __main__ - INFO - グループ計算完了: group_6b_momentum_extended - 9個の特徴量
2026-06-18 18:13:48,780 - __main__ - INFO - [Phase D-3] artifact 抽出完了 (engine_1_C): 9 features (group_6b_momentum_extended)
2026-06-18 18:13:48,827 - __main__ - INFO - グループ処理開始: group_7_moving_averages (15個の特徴量)
2026-06-18 18:13:48,827 - __main__ - INFO - グループ計算開始: group_7_moving_averages
2026-06-18 18:13:48,828 - __main__ - INFO - 移動平均線特徴量計算開始
2026-06-18 18:13:48,829 - __main__ - INFO - 移動平均線特徴量計算完了: 39個
2026-06-18 18:13:48,830 - __main__ - INFO - 品質保証システム適用開始 (EWMベース, timeframe=H12)
2026-06-18 18:13:48,831 - __main__ - INFO - 品質保証適用: 15個の特徴量 (timeframe=H12)
2026-06-18 18:13:48,833 - __main__ - INFO - 品質保証適用完了: 15列
2026-06-18 18:13:48,833 - __main__ - INFO - グループ計算完了: group_7_moving_averages - 19個の特徴量
2026-06-18 18:13:49,004 - __main__ - INFO - [Phase D-3] artifact 抽出完了 (engine_1_C): 15 features (group_7_moving_averages)
2026-06-18 18:13:49,046 - __main__ - INFO - グループ処理開始: group_8_advanced (14個の特徴量)
2026-06-18 18:13:49,046 - __main__ - INFO - グループ計算開始: group_8_advanced
2026-06-18 18:13:49,047 - __main__ - INFO - 高度な指標特徴量計算開始
2026-06-18 18:13:49,048 - __main__ - INFO - 高度な指標特徴量計算完了: 14個
2026-06-18 18:13:49,049 - __main__ - INFO - 品質保証システム適用開始 (EWMベース, timeframe=H12)
2026-06-18 18:13:49,050 - __main__ - INFO - 品質保証適用: 14個の特徴量 (timeframe=H12)
2026-06-18 18:13:49,051 - __main__ - INFO - 品質保証適用完了: 14列
2026-06-18 18:13:49,052 - __main__ - INFO - グループ計算完了: group_8_advanced - 15個の特徴量
2026-06-18 18:13:49,318 - __main__ - INFO - [Phase D-3] artifact 抽出完了 (engine_1_C): 14 features (group_8_advanced)
2026-06-18 18:13:49,362 - __main__ - INFO - グループ処理開始: group_9_moving_extended (24個の特徴量)
2026-06-18 18:13:49,363 - __main__ - INFO - グループ計算開始: group_9_moving_extended
2026-06-18 18:13:49,363 - __main__ - INFO - 移動平均線特徴量計算開始
2026-06-18 18:13:49,364 - __main__ - INFO - 移動平均線特徴量計算完了: 39個
2026-06-18 18:13:49,365 - __main__ - INFO - 品質保証システム適用開始 (EWMベース, timeframe=H12)
2026-06-18 18:13:49,366 - __main__ - INFO - 品質保証適用: 24個の特徴量 (timeframe=H12)
2026-06-18 18:13:49,368 - __main__ - INFO - 品質保証適用完了: 24列
2026-06-18 18:13:49,369 - __main__ - INFO - グループ計算完了: group_9_moving_extended - 30個の特徴量
2026-06-18 18:13:49,674 - __main__ - INFO - [Phase D-3] artifact 抽出完了 (engine_1_C): 24 features (group_9_moving_extended)
2026-06-18 18:13:49,717 - __main__ - INFO - 全グループ計算完了。ファイルの結合を開始します...
2026-06-18 18:13:50,413 - __main__ - INFO - NaN埋め処理完了: 184個の特徴量 (basic=7, ホワイトリスト方式)
2026-06-18 18:13:50,440 - __main__ - INFO - 保存完了: features_e1c_H12.parquet (0.20MB, 0.02秒)
2026-06-18 18:13:50,441 - __main__ - INFO - === 通常処理完了: H12 - 4.11秒 ===
2026-06-18 18:13:50,442 - __main__ - INFO - === 通常処理開始: timeframe=D1 ===
2026-06-18 18:13:50,442 - __main__ - INFO - DataEngine初期化: /workspace/data/XAUUSD/stratum_1_base/master_processed
2026-06-18 18:13:50,443 - __main__ - INFO - 一時ディレクトリ作成: /tmp/features_e1c_cf2qaztw
2026-06-18 18:13:50,443 - __main__ - INFO - CalculationEngine初期化: e1c_
2026-06-18 18:13:50,449 - __main__ - INFO - OutputEngine初期化: /workspace/data/XAUUSD/stratum_2_features/feature_value_a_vast_universeC
2026-06-18 18:13:50,495 - __main__ - INFO - データサマリー: {'columns': ['timeframe', 'timestamp', 'open', 'high', 'low', 'close', 'volume', 'disc', 'log_return', 'rolling_volatility', 'rolling_avg_volume', 'price_direction', 'price_momentum', 'volume_ratio'], 'dtypes': {'timeframe': 'String', 'timestamp': "Datetime(time_unit='ns', time_zone=None)", 'open': 'Float64', 'high': 'Float64', 'low': 'Float64', 'close': 'Float64', 'volume': 'Int64', 'disc': 'Boolean', 'log_return': 'Float64', 'rolling_volatility': 'Float64', 'rolling_avg_volume': 'Float64', 'price_direction': 'Int8', 'price_momentum': 'Float64', 'volume_ratio': 'Float64'}, 'sample_rows': 70, 'memory_usage_mb': 0.0059833526611328125}
2026-06-18 18:13:50,506 - __main__ - INFO - グループ処理開始: group_1a_rsi_basic (4個の特徴量)
2026-06-18 18:13:50,507 - __main__ - INFO - グループ計算開始: group_1a_rsi_basic
2026-06-18 18:13:50,507 - __main__ - INFO - RSI特徴量計算開始
2026-06-18 18:13:50,508 - __main__ - INFO - RSI特徴量計算完了: 12個
2026-06-18 18:13:50,509 - __main__ - INFO - 品質保証システム適用開始 (EWMベース, timeframe=D1)
2026-06-18 18:13:50,509 - __main__ - INFO - 品質保証適用: 6個の特徴量 (timeframe=D1)
2026-06-18 18:13:50,510 - __main__ - INFO - 品質保証適用完了: 6列
2026-06-18 18:13:50,511 - __main__ - INFO - グループ計算完了: group_1a_rsi_basic - 6個の特徴量
2026-06-18 18:13:50,593 - __main__ - INFO - [Phase D-3] artifact 抽出完了 (engine_1_C): 6 features (group_1a_rsi_basic)
2026-06-18 18:13:50,637 - __main__ - INFO - グループ処理開始: group_1b_rsi_extended (4個の特徴量)
2026-06-18 18:13:50,638 - __main__ - INFO - グループ計算開始: group_1b_rsi_extended
2026-06-18 18:13:50,638 - __main__ - INFO - RSI特徴量計算開始
2026-06-18 18:13:50,639 - __main__ - INFO - RSI特徴量計算完了: 12個
2026-06-18 18:13:50,639 - __main__ - INFO - 品質保証システム適用開始 (EWMベース, timeframe=D1)
2026-06-18 18:13:50,640 - __main__ - INFO - 品質保証適用: 4個の特徴量 (timeframe=D1)
2026-06-18 18:13:50,641 - __main__ - INFO - 品質保証適用完了: 4列
2026-06-18 18:13:50,642 - __main__ - INFO - グループ計算完了: group_1b_rsi_extended - 4個の特徴量
2026-06-18 18:13:50,694 - __main__ - INFO - [Phase D-3] artifact 抽出完了 (engine_1_C): 4 features (group_1b_rsi_extended)
2026-06-18 18:13:50,739 - __main__ - INFO - グループ処理開始: group_1c_rsi_stochastic (2個の特徴量)
2026-06-18 18:13:50,740 - __main__ - INFO - グループ計算開始: group_1c_rsi_stochastic
2026-06-18 18:13:50,740 - __main__ - INFO - RSI特徴量計算開始
2026-06-18 18:13:50,741 - __main__ - INFO - RSI特徴量計算完了: 12個
2026-06-18 18:13:50,742 - __main__ - INFO - 品質保証システム適用開始 (EWMベース, timeframe=D1)
2026-06-18 18:13:50,742 - __main__ - INFO - 品質保証適用: 2個の特徴量 (timeframe=D1)
2026-06-18 18:13:50,743 - __main__ - INFO - 品質保証適用完了: 2列
2026-06-18 18:13:50,743 - __main__ - INFO - グループ計算完了: group_1c_rsi_stochastic - 2個の特徴量
2026-06-18 18:13:50,769 - __main__ - INFO - [Phase D-3] artifact 抽出完了 (engine_1_C): 2 features (group_1c_rsi_stochastic)
2026-06-18 18:13:50,810 - __main__ - INFO - グループ処理開始: group_1d_rsi_divergence (2個の特徴量)
2026-06-18 18:13:50,811 - __main__ - INFO - グループ計算開始: group_1d_rsi_divergence
2026-06-18 18:13:50,811 - __main__ - INFO - RSI特徴量計算開始
2026-06-18 18:13:50,812 - __main__ - INFO - RSI特徴量計算完了: 12個
2026-06-18 18:13:50,813 - __main__ - INFO - 品質保証システム適用開始 (EWMベース, timeframe=D1)
2026-06-18 18:13:50,813 - __main__ - INFO - 品質保証適用: 2個の特徴量 (timeframe=D1)
2026-06-18 18:13:50,814 - __main__ - INFO - 品質保証適用完了: 2列
2026-06-18 18:13:50,814 - __main__ - INFO - グループ計算完了: group_1d_rsi_divergence - 2個の特徴量
2026-06-18 18:13:50,850 - __main__ - INFO - [Phase D-3] artifact 抽出完了 (engine_1_C): 2 features (group_1d_rsi_divergence)
2026-06-18 18:13:50,892 - __main__ - INFO - グループ処理開始: group_2a_macd_standard (3個の特徴量)
2026-06-18 18:13:50,893 - __main__ - INFO - グループ計算開始: group_2a_macd_standard
2026-06-18 18:13:50,893 - __main__ - INFO - MACD特徴量計算開始
2026-06-18 18:13:50,894 - __main__ - INFO - MACD特徴量計算完了: 9個
2026-06-18 18:13:50,895 - __main__ - INFO - 品質保証システム適用開始 (EWMベース, timeframe=D1)
2026-06-18 18:13:50,895 - __main__ - INFO - 品質保証適用: 3個の特徴量 (timeframe=D1)
2026-06-18 18:13:50,896 - __main__ - INFO - 品質保証適用完了: 3列
2026-06-18 18:13:50,896 - __main__ - INFO - グループ計算完了: group_2a_macd_standard - 3個の特徴量
2026-06-18 18:13:50,931 - __main__ - INFO - [Phase D-3] artifact 抽出完了 (engine_1_C): 3 features (group_2a_macd_standard)
2026-06-18 18:13:50,974 - __main__ - INFO - グループ処理開始: group_2b_macd_variants (6個の特徴量)
2026-06-18 18:13:50,975 - __main__ - INFO - グループ計算開始: group_2b_macd_variants
2026-06-18 18:13:50,975 - __main__ - INFO - MACD特徴量計算開始
2026-06-18 18:13:50,975 - __main__ - INFO - MACD特徴量計算完了: 9個
2026-06-18 18:13:50,976 - __main__ - INFO - 品質保証システム適用開始 (EWMベース, timeframe=D1)
2026-06-18 18:13:50,977 - __main__ - INFO - 品質保証適用: 6個の特徴量 (timeframe=D1)
2026-06-18 18:13:50,977 - __main__ - INFO - 品質保証適用完了: 6列
2026-06-18 18:13:50,978 - __main__ - INFO - グループ計算完了: group_2b_macd_variants - 6個の特徴量
2026-06-18 18:13:51,044 - __main__ - INFO - [Phase D-3] artifact 抽出完了 (engine_1_C): 6 features (group_2b_macd_variants)
2026-06-18 18:13:51,085 - __main__ - INFO - グループ処理開始: group_3a_bb_20 (10個の特徴量)
2026-06-18 18:13:51,086 - __main__ - INFO - グループ計算開始: group_3a_bb_20
2026-06-18 18:13:51,087 - __main__ - INFO - ボリンジャーバンド特徴量計算開始
2026-06-18 18:13:51,088 - __main__ - INFO - ボリンジャーバンド特徴量計算完了: 54個
2026-06-18 18:13:51,089 - __main__ - INFO - 品質保証システム適用開始 (EWMベース, timeframe=D1)
2026-06-18 18:13:51,091 - __main__ - INFO - 品質保証適用: 14個の特徴量 (timeframe=D1)
2026-06-18 18:13:51,092 - __main__ - INFO - 品質保証適用完了: 14列
2026-06-18 18:13:51,093 - __main__ - INFO - グループ計算完了: group_3a_bb_20 - 16個の特徴量
2026-06-18 18:13:51,264 - __main__ - INFO - [Phase D-3] artifact 抽出完了 (engine_1_C): 14 features (group_3a_bb_20)
2026-06-18 18:13:51,308 - __main__ - INFO - グループ処理開始: group_3b_bb_30_50 (26個の特徴量)
2026-06-18 18:13:51,308 - __main__ - INFO - グループ計算開始: group_3b_bb_30_50
2026-06-18 18:13:51,309 - __main__ - INFO - ボリンジャーバンド特徴量計算開始
2026-06-18 18:13:51,310 - __main__ - INFO - ボリンジャーバンド特徴量計算完了: 54個
2026-06-18 18:13:51,312 - __main__ - INFO - 品質保証システム適用開始 (EWMベース, timeframe=D1)
2026-06-18 18:13:51,313 - __main__ - INFO - 品質保証適用: 30個の特徴量 (timeframe=D1)
2026-06-18 18:13:51,315 - __main__ - INFO - 品質保証適用完了: 30列
2026-06-18 18:13:51,316 - __main__ - INFO - グループ計算完了: group_3b_bb_30_50 - 38個の特徴量
2026-06-18 18:13:51,725 - __main__ - INFO - [Phase D-3] artifact 抽出完了 (engine_1_C): 30 features (group_3b_bb_30_50)
2026-06-18 18:13:51,770 - __main__ - INFO - グループ処理開始: group_3c_bb_variants (6個の特徴量)
2026-06-18 18:13:51,771 - __main__ - INFO - グループ計算開始: group_3c_bb_variants
2026-06-18 18:13:51,771 - __main__ - INFO - ボリンジャーバンド特徴量計算開始
2026-06-18 18:13:51,773 - __main__ - INFO - ボリンジャーバンド特徴量計算完了: 54個
2026-06-18 18:13:51,774 - __main__ - INFO - 品質保証システム適用開始 (EWMベース, timeframe=D1)
2026-06-18 18:13:51,775 - __main__ - INFO - 品質保証適用: 6個の特徴量 (timeframe=D1)
2026-06-18 18:13:51,776 - __main__ - INFO - 品質保証適用完了: 6列
2026-06-18 18:13:51,777 - __main__ - INFO - グループ計算完了: group_3c_bb_variants - 6個の特徴量
2026-06-18 18:13:51,852 - __main__ - INFO - [Phase D-3] artifact 抽出完了 (engine_1_C): 6 features (group_3c_bb_variants)
2026-06-18 18:13:51,894 - __main__ - INFO - グループ処理開始: group_4a_atr_basic (4個の特徴量)
2026-06-18 18:13:51,895 - __main__ - INFO - グループ計算開始: group_4a_atr_basic
2026-06-18 18:13:51,895 - __main__ - INFO - ATR特徴量計算開始
2026-06-18 18:13:51,896 - __main__ - INFO - ATR特徴量計算完了: 16個
2026-06-18 18:13:51,897 - __main__ - INFO - 品質保証システム適用開始 (EWMベース, timeframe=D1)
2026-06-18 18:13:51,898 - __main__ - INFO - 品質保証適用: 4個の特徴量 (timeframe=D1)
2026-06-18 18:13:51,898 - __main__ - INFO - 品質保証適用完了: 4列
2026-06-18 18:13:51,899 - __main__ - INFO - グループ計算完了: group_4a_atr_basic - 4個の特徴量
2026-06-18 18:13:51,944 - __main__ - INFO - [Phase D-3] artifact 抽出完了 (engine_1_C): 4 features (group_4a_atr_basic)
2026-06-18 18:13:51,986 - __main__ - INFO - グループ処理開始: group_4b_atr_extended (12個の特徴量)
2026-06-18 18:13:51,986 - __main__ - INFO - グループ計算開始: group_4b_atr_extended
2026-06-18 18:13:51,987 - __main__ - INFO - ATR特徴量計算開始
2026-06-18 18:13:51,988 - __main__ - INFO - ATR特徴量計算完了: 16個
2026-06-18 18:13:51,988 - __main__ - INFO - 品質保証システム適用開始 (EWMベース, timeframe=D1)
2026-06-18 18:13:51,989 - __main__ - INFO - 品質保証適用: 12個の特徴量 (timeframe=D1)
2026-06-18 18:13:51,990 - __main__ - INFO - 品質保証適用完了: 12列
2026-06-18 18:13:51,990 - __main__ - INFO - グループ計算完了: group_4b_atr_extended - 12個の特徴量
2026-06-18 18:13:52,125 - __main__ - INFO - [Phase D-3] artifact 抽出完了 (engine_1_C): 12 features (group_4b_atr_extended)
2026-06-18 18:13:52,169 - __main__ - INFO - グループ処理開始: group_5a_oscillators_basic (9個の特徴量)
2026-06-18 18:13:52,170 - __main__ - INFO - グループ計算開始: group_5a_oscillators_basic
2026-06-18 18:13:52,170 - __main__ - INFO - オシレーター特徴量計算開始
2026-06-18 18:13:52,171 - __main__ - INFO - オシレーター特徴量計算完了: 30個
2026-06-18 18:13:52,172 - __main__ - INFO - 品質保証システム適用開始 (EWMベース, timeframe=D1)
2026-06-18 18:13:52,172 - __main__ - INFO - 品質保証適用: 9個の特徴量 (timeframe=D1)
2026-06-18 18:13:52,173 - __main__ - INFO - 品質保証適用完了: 9列
2026-06-18 18:13:52,174 - __main__ - INFO - グループ計算完了: group_5a_oscillators_basic - 9個の特徴量
2026-06-18 18:13:52,270 - __main__ - INFO - [Phase D-3] artifact 抽出完了 (engine_1_C): 9 features (group_5a_oscillators_basic)
2026-06-18 18:13:52,312 - __main__ - INFO - グループ処理開始: group_5b_oscillators_extended (21個の特徴量)
2026-06-18 18:13:52,312 - __main__ - INFO - グループ計算開始: group_5b_oscillators_extended
2026-06-18 18:13:52,313 - __main__ - INFO - オシレーター特徴量計算開始
2026-06-18 18:13:52,314 - __main__ - INFO - オシレーター特徴量計算完了: 30個
2026-06-18 18:13:52,314 - __main__ - INFO - 品質保証システム適用開始 (EWMベース, timeframe=D1)
2026-06-18 18:13:52,315 - __main__ - INFO - 品質保証適用: 21個の特徴量 (timeframe=D1)
2026-06-18 18:13:52,317 - __main__ - INFO - 品質保証適用完了: 21列
2026-06-18 18:13:52,317 - __main__ - INFO - グループ計算完了: group_5b_oscillators_extended - 21個の特徴量
2026-06-18 18:13:52,564 - __main__ - INFO - [Phase D-3] artifact 抽出完了 (engine_1_C): 21 features (group_5b_oscillators_extended)
2026-06-18 18:13:52,614 - __main__ - INFO - グループ処理開始: group_6a_momentum_basic (8個の特徴量)
2026-06-18 18:13:52,615 - __main__ - INFO - グループ計算開始: group_6a_momentum_basic
2026-06-18 18:13:52,615 - __main__ - INFO - モメンタム特徴量計算開始
2026-06-18 18:13:52,616 - __main__ - INFO - モメンタム特徴量計算完了: 17個
2026-06-18 18:13:52,617 - __main__ - INFO - 品質保証システム適用開始 (EWMベース, timeframe=D1)
2026-06-18 18:13:52,617 - __main__ - INFO - 品質保証適用: 8個の特徴量 (timeframe=D1)
2026-06-18 18:13:52,618 - __main__ - INFO - 品質保証適用完了: 8列
2026-06-18 18:13:52,619 - __main__ - INFO - グループ計算完了: group_6a_momentum_basic - 8個の特徴量
2026-06-18 18:13:52,704 - __main__ - INFO - [Phase D-3] artifact 抽出完了 (engine_1_C): 8 features (group_6a_momentum_basic)
2026-06-18 18:13:52,746 - __main__ - INFO - グループ処理開始: group_6b_momentum_extended (9個の特徴量)
2026-06-18 18:13:52,746 - __main__ - INFO - グループ計算開始: group_6b_momentum_extended
2026-06-18 18:13:52,747 - __main__ - INFO - モメンタム特徴量計算開始
2026-06-18 18:13:52,747 - __main__ - INFO - モメンタム特徴量計算完了: 17個
2026-06-18 18:13:52,748 - __main__ - INFO - 品質保証システム適用開始 (EWMベース, timeframe=D1)
2026-06-18 18:13:52,749 - __main__ - INFO - 品質保証適用: 9個の特徴量 (timeframe=D1)
2026-06-18 18:13:52,750 - __main__ - INFO - 品質保証適用完了: 9列
2026-06-18 18:13:52,750 - __main__ - INFO - グループ計算完了: group_6b_momentum_extended - 9個の特徴量
2026-06-18 18:13:52,870 - __main__ - INFO - [Phase D-3] artifact 抽出完了 (engine_1_C): 9 features (group_6b_momentum_extended)
2026-06-18 18:13:52,915 - __main__ - INFO - グループ処理開始: group_7_moving_averages (15個の特徴量)
2026-06-18 18:13:52,916 - __main__ - INFO - グループ計算開始: group_7_moving_averages
2026-06-18 18:13:52,916 - __main__ - INFO - 移動平均線特徴量計算開始
2026-06-18 18:13:52,917 - __main__ - INFO - 移動平均線特徴量計算完了: 39個
2026-06-18 18:13:52,918 - __main__ - INFO - 品質保証システム適用開始 (EWMベース, timeframe=D1)
2026-06-18 18:13:52,919 - __main__ - INFO - 品質保証適用: 15個の特徴量 (timeframe=D1)
2026-06-18 18:13:52,921 - __main__ - INFO - 品質保証適用完了: 15列
2026-06-18 18:13:52,921 - __main__ - INFO - グループ計算完了: group_7_moving_averages - 19個の特徴量
2026-06-18 18:13:53,095 - __main__ - INFO - [Phase D-3] artifact 抽出完了 (engine_1_C): 15 features (group_7_moving_averages)
2026-06-18 18:13:53,137 - __main__ - INFO - グループ処理開始: group_8_advanced (14個の特徴量)
2026-06-18 18:13:53,138 - __main__ - INFO - グループ計算開始: group_8_advanced
2026-06-18 18:13:53,138 - __main__ - INFO - 高度な指標特徴量計算開始
2026-06-18 18:13:53,139 - __main__ - INFO - 高度な指標特徴量計算完了: 14個
2026-06-18 18:13:53,140 - __main__ - INFO - 品質保証システム適用開始 (EWMベース, timeframe=D1)
2026-06-18 18:13:53,142 - __main__ - INFO - 品質保証適用: 14個の特徴量 (timeframe=D1)
2026-06-18 18:13:53,143 - __main__ - INFO - 品質保証適用完了: 14列
2026-06-18 18:13:53,143 - __main__ - INFO - グループ計算完了: group_8_advanced - 15個の特徴量
2026-06-18 18:13:53,378 - __main__ - INFO - [Phase D-3] artifact 抽出完了 (engine_1_C): 14 features (group_8_advanced)
2026-06-18 18:13:53,423 - __main__ - INFO - グループ処理開始: group_9_moving_extended (24個の特徴量)
2026-06-18 18:13:53,424 - __main__ - INFO - グループ計算開始: group_9_moving_extended
2026-06-18 18:13:53,424 - __main__ - INFO - 移動平均線特徴量計算開始
2026-06-18 18:13:53,426 - __main__ - INFO - 移動平均線特徴量計算完了: 39個
2026-06-18 18:13:53,427 - __main__ - INFO - 品質保証システム適用開始 (EWMベース, timeframe=D1)
2026-06-18 18:13:53,428 - __main__ - INFO - 品質保証適用: 24個の特徴量 (timeframe=D1)
2026-06-18 18:13:53,430 - __main__ - INFO - 品質保証適用完了: 24列
2026-06-18 18:13:53,430 - __main__ - INFO - グループ計算完了: group_9_moving_extended - 30個の特徴量
2026-06-18 18:13:53,743 - __main__ - INFO - [Phase D-3] artifact 抽出完了 (engine_1_C): 24 features (group_9_moving_extended)
2026-06-18 18:13:53,788 - __main__ - INFO - 全グループ計算完了。ファイルの結合を開始します...
2026-06-18 18:13:54,473 - __main__ - INFO - NaN埋め処理完了: 184個の特徴量 (basic=7, ホワイトリスト方式)
2026-06-18 18:13:54,502 - __main__ - INFO - 保存完了: features_e1c_D1.parquet (0.13MB, 0.02秒)
2026-06-18 18:13:54,502 - __main__ - INFO - === 通常処理完了: D1 - 4.06秒 ===
2026-06-18 18:13:54,503 - __main__ - INFO - === 通常処理開始: timeframe=W1 ===
2026-06-18 18:13:54,504 - __main__ - INFO - DataEngine初期化: /workspace/data/XAUUSD/stratum_1_base/master_processed
2026-06-18 18:13:54,504 - __main__ - INFO - 一時ディレクトリ作成: /tmp/features_e1c_sbmc2jq1
2026-06-18 18:13:54,505 - __main__ - INFO - CalculationEngine初期化: e1c_
2026-06-18 18:13:54,508 - __main__ - INFO - OutputEngine初期化: /workspace/data/XAUUSD/stratum_2_features/feature_value_a_vast_universeC
2026-06-18 18:13:54,546 - __main__ - INFO - データサマリー: {'columns': ['timeframe', 'timestamp', 'open', 'high', 'low', 'close', 'volume', 'disc', 'log_return', 'rolling_volatility', 'rolling_avg_volume', 'price_direction', 'price_momentum', 'volume_ratio'], 'dtypes': {'timeframe': 'String', 'timestamp': "Datetime(time_unit='ns', time_zone=None)", 'open': 'Float64', 'high': 'Float64', 'low': 'Float64', 'close': 'Float64', 'volume': 'Int64', 'disc': 'Boolean', 'log_return': 'Float64', 'rolling_volatility': 'Float64', 'rolling_avg_volume': 'Float64', 'price_direction': 'Int8', 'price_momentum': 'Float64', 'volume_ratio': 'Float64'}, 'sample_rows': 13, 'memory_usage_mb': 0.0011272430419921875}
2026-06-18 18:13:54,554 - __main__ - INFO - グループ処理開始: group_1a_rsi_basic (4個の特徴量)
2026-06-18 18:13:54,555 - __main__ - INFO - グループ計算開始: group_1a_rsi_basic
2026-06-18 18:13:54,555 - __main__ - INFO - RSI特徴量計算開始
2026-06-18 18:13:54,556 - __main__ - INFO - RSI特徴量計算完了: 12個
2026-06-18 18:13:54,557 - __main__ - INFO - 品質保証システム適用開始 (EWMベース, timeframe=W1)
2026-06-18 18:13:54,557 - __main__ - INFO - 品質保証適用: 6個の特徴量 (timeframe=W1)
2026-06-18 18:13:54,558 - __main__ - INFO - 品質保証適用完了: 6列
2026-06-18 18:13:54,558 - __main__ - INFO - グループ計算完了: group_1a_rsi_basic - 6個の特徴量
2026-06-18 18:13:54,628 - __main__ - INFO - [Phase D-3] artifact 抽出完了 (engine_1_C): 6 features (group_1a_rsi_basic)
2026-06-18 18:13:54,672 - __main__ - INFO - グループ処理開始: group_1b_rsi_extended (4個の特徴量)
2026-06-18 18:13:54,673 - __main__ - INFO - グループ計算開始: group_1b_rsi_extended
2026-06-18 18:13:54,673 - __main__ - INFO - RSI特徴量計算開始
2026-06-18 18:13:54,674 - __main__ - INFO - RSI特徴量計算完了: 12個
2026-06-18 18:13:54,674 - __main__ - INFO - 品質保証システム適用開始 (EWMベース, timeframe=W1)
2026-06-18 18:13:54,675 - __main__ - INFO - 品質保証適用: 4個の特徴量 (timeframe=W1)
2026-06-18 18:13:54,676 - __main__ - INFO - 品質保証適用完了: 4列
2026-06-18 18:13:54,676 - __main__ - INFO - グループ計算完了: group_1b_rsi_extended - 4個の特徴量
2026-06-18 18:13:54,722 - __main__ - INFO - [Phase D-3] artifact 抽出完了 (engine_1_C): 4 features (group_1b_rsi_extended)
2026-06-18 18:13:54,765 - __main__ - INFO - グループ処理開始: group_1c_rsi_stochastic (2個の特徴量)
2026-06-18 18:13:54,765 - __main__ - INFO - グループ計算開始: group_1c_rsi_stochastic
2026-06-18 18:13:54,766 - __main__ - INFO - RSI特徴量計算開始
2026-06-18 18:13:54,767 - __main__ - INFO - RSI特徴量計算完了: 12個
2026-06-18 18:13:54,767 - __main__ - INFO - 品質保証システム適用開始 (EWMベース, timeframe=W1)
2026-06-18 18:13:54,768 - __main__ - INFO - 品質保証適用: 2個の特徴量 (timeframe=W1)
2026-06-18 18:13:54,768 - __main__ - INFO - 品質保証適用完了: 2列
2026-06-18 18:13:54,769 - __main__ - INFO - グループ計算完了: group_1c_rsi_stochastic - 2個の特徴量
2026-06-18 18:13:54,794 - __main__ - INFO - [Phase D-3] artifact 抽出完了 (engine_1_C): 2 features (group_1c_rsi_stochastic)
2026-06-18 18:13:54,840 - __main__ - INFO - グループ処理開始: group_1d_rsi_divergence (2個の特徴量)
2026-06-18 18:13:54,841 - __main__ - INFO - グループ計算開始: group_1d_rsi_divergence
2026-06-18 18:13:54,841 - __main__ - INFO - RSI特徴量計算開始
2026-06-18 18:13:54,842 - __main__ - INFO - RSI特徴量計算完了: 12個
2026-06-18 18:13:54,842 - __main__ - INFO - 品質保証システム適用開始 (EWMベース, timeframe=W1)
2026-06-18 18:13:54,843 - __main__ - INFO - 品質保証適用: 2個の特徴量 (timeframe=W1)
2026-06-18 18:13:54,843 - __main__ - INFO - 品質保証適用完了: 2列
2026-06-18 18:13:54,844 - __main__ - INFO - グループ計算完了: group_1d_rsi_divergence - 2個の特徴量
2026-06-18 18:13:54,869 - __main__ - INFO - [Phase D-3] artifact 抽出完了 (engine_1_C): 2 features (group_1d_rsi_divergence)
2026-06-18 18:13:54,911 - __main__ - INFO - グループ処理開始: group_2a_macd_standard (3個の特徴量)
2026-06-18 18:13:54,911 - __main__ - INFO - グループ計算開始: group_2a_macd_standard
2026-06-18 18:13:54,911 - __main__ - INFO - MACD特徴量計算開始
2026-06-18 18:13:54,912 - __main__ - INFO - MACD特徴量計算完了: 9個
2026-06-18 18:13:54,913 - __main__ - INFO - 品質保証システム適用開始 (EWMベース, timeframe=W1)
2026-06-18 18:13:54,913 - __main__ - INFO - 品質保証適用: 3個の特徴量 (timeframe=W1)
2026-06-18 18:13:54,914 - __main__ - INFO - 品質保証適用完了: 3列
2026-06-18 18:13:54,914 - __main__ - INFO - グループ計算完了: group_2a_macd_standard - 3個の特徴量
2026-06-18 18:13:54,945 - __main__ - INFO - [Phase D-3] artifact 抽出完了 (engine_1_C): 3 features (group_2a_macd_standard)
2026-06-18 18:13:54,987 - __main__ - INFO - グループ処理開始: group_2b_macd_variants (6個の特徴量)
2026-06-18 18:13:54,987 - __main__ - INFO - グループ計算開始: group_2b_macd_variants
2026-06-18 18:13:54,988 - __main__ - INFO - MACD特徴量計算開始
2026-06-18 18:13:54,988 - __main__ - INFO - MACD特徴量計算完了: 9個
2026-06-18 18:13:54,989 - __main__ - INFO - 品質保証システム適用開始 (EWMベース, timeframe=W1)
2026-06-18 18:13:54,989 - __main__ - INFO - 品質保証適用: 6個の特徴量 (timeframe=W1)
2026-06-18 18:13:54,990 - __main__ - INFO - 品質保証適用完了: 6列
2026-06-18 18:13:54,991 - __main__ - INFO - グループ計算完了: group_2b_macd_variants - 6個の特徴量
2026-06-18 18:13:55,052 - __main__ - INFO - [Phase D-3] artifact 抽出完了 (engine_1_C): 6 features (group_2b_macd_variants)
2026-06-18 18:13:55,094 - __main__ - INFO - グループ処理開始: group_3a_bb_20 (10個の特徴量)
2026-06-18 18:13:55,095 - __main__ - INFO - グループ計算開始: group_3a_bb_20
2026-06-18 18:13:55,095 - __main__ - INFO - ボリンジャーバンド特徴量計算開始
2026-06-18 18:13:55,096 - __main__ - INFO - ボリンジャーバンド特徴量計算完了: 54個
2026-06-18 18:13:55,098 - __main__ - INFO - 品質保証システム適用開始 (EWMベース, timeframe=W1)
2026-06-18 18:13:55,099 - __main__ - INFO - 品質保証適用: 14個の特徴量 (timeframe=W1)
2026-06-18 18:13:55,100 - __main__ - INFO - 品質保証適用完了: 14列
2026-06-18 18:13:55,101 - __main__ - INFO - グループ計算完了: group_3a_bb_20 - 16個の特徴量
2026-06-18 18:13:55,266 - __main__ - INFO - [Phase D-3] artifact 抽出完了 (engine_1_C): 14 features (group_3a_bb_20)
2026-06-18 18:13:55,311 - __main__ - INFO - グループ処理開始: group_3b_bb_30_50 (26個の特徴量)
2026-06-18 18:13:55,311 - __main__ - INFO - グループ計算開始: group_3b_bb_30_50
2026-06-18 18:13:55,312 - __main__ - INFO - ボリンジャーバンド特徴量計算開始
2026-06-18 18:13:55,313 - __main__ - INFO - ボリンジャーバンド特徴量計算完了: 54個
2026-06-18 18:13:55,315 - __main__ - INFO - 品質保証システム適用開始 (EWMベース, timeframe=W1)
2026-06-18 18:13:55,316 - __main__ - INFO - 品質保証適用: 30個の特徴量 (timeframe=W1)
2026-06-18 18:13:55,318 - __main__ - INFO - 品質保証適用完了: 30列
2026-06-18 18:13:55,319 - __main__ - INFO - グループ計算完了: group_3b_bb_30_50 - 38個の特徴量
2026-06-18 18:13:55,698 - __main__ - INFO - [Phase D-3] artifact 抽出完了 (engine_1_C): 30 features (group_3b_bb_30_50)
2026-06-18 18:13:55,741 - __main__ - INFO - グループ処理開始: group_3c_bb_variants (6個の特徴量)
2026-06-18 18:13:55,741 - __main__ - INFO - グループ計算開始: group_3c_bb_variants
2026-06-18 18:13:55,742 - __main__ - INFO - ボリンジャーバンド特徴量計算開始
2026-06-18 18:13:55,743 - __main__ - INFO - ボリンジャーバンド特徴量計算完了: 54個
2026-06-18 18:13:55,745 - __main__ - INFO - 品質保証システム適用開始 (EWMベース, timeframe=W1)
2026-06-18 18:13:55,746 - __main__ - INFO - 品質保証適用: 6個の特徴量 (timeframe=W1)
2026-06-18 18:13:55,747 - __main__ - INFO - 品質保証適用完了: 6列
2026-06-18 18:13:55,748 - __main__ - INFO - グループ計算完了: group_3c_bb_variants - 6個の特徴量
2026-06-18 18:13:55,815 - __main__ - INFO - [Phase D-3] artifact 抽出完了 (engine_1_C): 6 features (group_3c_bb_variants)
2026-06-18 18:13:55,859 - __main__ - INFO - グループ処理開始: group_4a_atr_basic (4個の特徴量)
2026-06-18 18:13:55,859 - __main__ - INFO - グループ計算開始: group_4a_atr_basic
2026-06-18 18:13:55,860 - __main__ - INFO - ATR特徴量計算開始
2026-06-18 18:13:55,860 - __main__ - INFO - ATR特徴量計算完了: 16個
2026-06-18 18:13:55,861 - __main__ - INFO - 品質保証システム適用開始 (EWMベース, timeframe=W1)
2026-06-18 18:13:55,862 - __main__ - INFO - 品質保証適用: 4個の特徴量 (timeframe=W1)
2026-06-18 18:13:55,862 - __main__ - INFO - 品質保証適用完了: 4列
2026-06-18 18:13:55,863 - __main__ - INFO - グループ計算完了: group_4a_atr_basic - 4個の特徴量
2026-06-18 18:13:55,911 - __main__ - INFO - [Phase D-3] artifact 抽出完了 (engine_1_C): 4 features (group_4a_atr_basic)
2026-06-18 18:13:55,954 - __main__ - INFO - グループ処理開始: group_4b_atr_extended (12個の特徴量)
2026-06-18 18:13:55,954 - __main__ - INFO - グループ計算開始: group_4b_atr_extended
2026-06-18 18:13:55,955 - __main__ - INFO - ATR特徴量計算開始
2026-06-18 18:13:55,956 - __main__ - INFO - ATR特徴量計算完了: 16個
2026-06-18 18:13:55,956 - __main__ - INFO - 品質保証システム適用開始 (EWMベース, timeframe=W1)
2026-06-18 18:13:55,957 - __main__ - INFO - 品質保証適用: 12個の特徴量 (timeframe=W1)
2026-06-18 18:13:55,958 - __main__ - INFO - 品質保証適用完了: 12列
2026-06-18 18:13:55,959 - __main__ - INFO - グループ計算完了: group_4b_atr_extended - 12個の特徴量
2026-06-18 18:13:56,077 - __main__ - INFO - [Phase D-3] artifact 抽出完了 (engine_1_C): 12 features (group_4b_atr_extended)
2026-06-18 18:13:56,121 - __main__ - INFO - グループ処理開始: group_5a_oscillators_basic (9個の特徴量)
2026-06-18 18:13:56,121 - __main__ - INFO - グループ計算開始: group_5a_oscillators_basic
2026-06-18 18:13:56,122 - __main__ - INFO - オシレーター特徴量計算開始
2026-06-18 18:13:56,123 - __main__ - INFO - オシレーター特徴量計算完了: 30個
2026-06-18 18:13:56,123 - __main__ - INFO - 品質保証システム適用開始 (EWMベース, timeframe=W1)
2026-06-18 18:13:56,124 - __main__ - INFO - 品質保証適用: 9個の特徴量 (timeframe=W1)
2026-06-18 18:13:56,125 - __main__ - INFO - 品質保証適用完了: 9列
2026-06-18 18:13:56,125 - __main__ - INFO - グループ計算完了: group_5a_oscillators_basic - 9個の特徴量
2026-06-18 18:13:56,218 - __main__ - INFO - [Phase D-3] artifact 抽出完了 (engine_1_C): 9 features (group_5a_oscillators_basic)
2026-06-18 18:13:56,260 - __main__ - INFO - グループ処理開始: group_5b_oscillators_extended (21個の特徴量)
2026-06-18 18:13:56,261 - __main__ - INFO - グループ計算開始: group_5b_oscillators_extended
2026-06-18 18:13:56,261 - __main__ - INFO - オシレーター特徴量計算開始
2026-06-18 18:13:56,262 - __main__ - INFO - オシレーター特徴量計算完了: 30個
2026-06-18 18:13:56,263 - __main__ - INFO - 品質保証システム適用開始 (EWMベース, timeframe=W1)
2026-06-18 18:13:56,263 - __main__ - INFO - 品質保証適用: 21個の特徴量 (timeframe=W1)
2026-06-18 18:13:56,265 - __main__ - INFO - 品質保証適用完了: 21列
2026-06-18 18:13:56,265 - __main__ - INFO - グループ計算完了: group_5b_oscillators_extended - 21個の特徴量
2026-06-18 18:13:56,495 - __main__ - INFO - [Phase D-3] artifact 抽出完了 (engine_1_C): 21 features (group_5b_oscillators_extended)
2026-06-18 18:13:56,539 - __main__ - INFO - グループ処理開始: group_6a_momentum_basic (8個の特徴量)
2026-06-18 18:13:56,540 - __main__ - INFO - グループ計算開始: group_6a_momentum_basic
2026-06-18 18:13:56,540 - __main__ - INFO - モメンタム特徴量計算開始
2026-06-18 18:13:56,541 - __main__ - INFO - モメンタム特徴量計算完了: 17個
2026-06-18 18:13:56,542 - __main__ - INFO - 品質保証システム適用開始 (EWMベース, timeframe=W1)
2026-06-18 18:13:56,543 - __main__ - INFO - 品質保証適用: 8個の特徴量 (timeframe=W1)
2026-06-18 18:13:56,544 - __main__ - INFO - 品質保証適用完了: 8列
2026-06-18 18:13:56,544 - __main__ - INFO - グループ計算完了: group_6a_momentum_basic - 8個の特徴量
2026-06-18 18:13:56,621 - __main__ - INFO - [Phase D-3] artifact 抽出完了 (engine_1_C): 8 features (group_6a_momentum_basic)
2026-06-18 18:13:56,665 - __main__ - INFO - グループ処理開始: group_6b_momentum_extended (9個の特徴量)
2026-06-18 18:13:56,665 - __main__ - INFO - グループ計算開始: group_6b_momentum_extended
2026-06-18 18:13:56,666 - __main__ - INFO - モメンタム特徴量計算開始
2026-06-18 18:13:56,667 - __main__ - INFO - モメンタム特徴量計算完了: 17個
2026-06-18 18:13:56,667 - __main__ - INFO - 品質保証システム適用開始 (EWMベース, timeframe=W1)
2026-06-18 18:13:56,668 - __main__ - INFO - 品質保証適用: 9個の特徴量 (timeframe=W1)
2026-06-18 18:13:56,669 - __main__ - INFO - 品質保証適用完了: 9列
2026-06-18 18:13:56,669 - __main__ - INFO - グループ計算完了: group_6b_momentum_extended - 9個の特徴量
2026-06-18 18:13:56,757 - __main__ - INFO - [Phase D-3] artifact 抽出完了 (engine_1_C): 9 features (group_6b_momentum_extended)
2026-06-18 18:13:56,801 - __main__ - INFO - グループ処理開始: group_7_moving_averages (15個の特徴量)
2026-06-18 18:13:56,802 - __main__ - INFO - グループ計算開始: group_7_moving_averages
2026-06-18 18:13:56,802 - __main__ - INFO - 移動平均線特徴量計算開始
2026-06-18 18:13:56,804 - __main__ - INFO - 移動平均線特徴量計算完了: 39個
2026-06-18 18:13:56,805 - __main__ - INFO - 品質保証システム適用開始 (EWMベース, timeframe=W1)
2026-06-18 18:13:56,805 - __main__ - INFO - 品質保証適用: 15個の特徴量 (timeframe=W1)
2026-06-18 18:13:56,807 - __main__ - INFO - 品質保証適用完了: 15列
2026-06-18 18:13:56,807 - __main__ - INFO - グループ計算完了: group_7_moving_averages - 19個の特徴量
2026-06-18 18:13:56,966 - __main__ - INFO - [Phase D-3] artifact 抽出完了 (engine_1_C): 15 features (group_7_moving_averages)
2026-06-18 18:13:57,012 - __main__ - INFO - グループ処理開始: group_8_advanced (14個の特徴量)
2026-06-18 18:13:57,012 - __main__ - INFO - グループ計算開始: group_8_advanced
2026-06-18 18:13:57,013 - __main__ - INFO - 高度な指標特徴量計算開始
2026-06-18 18:13:57,014 - __main__ - INFO - 高度な指標特徴量計算完了: 14個
2026-06-18 18:13:57,015 - __main__ - INFO - 品質保証システム適用開始 (EWMベース, timeframe=W1)
2026-06-18 18:13:57,016 - __main__ - INFO - 品質保証適用: 14個の特徴量 (timeframe=W1)
2026-06-18 18:13:57,017 - __main__ - INFO - 品質保証適用完了: 14列
2026-06-18 18:13:57,018 - __main__ - INFO - グループ計算完了: group_8_advanced - 15個の特徴量
2026-06-18 18:13:57,172 - __main__ - INFO - [Phase D-3] artifact 抽出完了 (engine_1_C): 14 features (group_8_advanced)
2026-06-18 18:13:57,216 - __main__ - INFO - グループ処理開始: group_9_moving_extended (24個の特徴量)
2026-06-18 18:13:57,217 - __main__ - INFO - グループ計算開始: group_9_moving_extended
2026-06-18 18:13:57,217 - __main__ - INFO - 移動平均線特徴量計算開始
2026-06-18 18:13:57,219 - __main__ - INFO - 移動平均線特徴量計算完了: 39個
2026-06-18 18:13:57,220 - __main__ - INFO - 品質保証システム適用開始 (EWMベース, timeframe=W1)
2026-06-18 18:13:57,220 - __main__ - INFO - 品質保証適用: 24個の特徴量 (timeframe=W1)
2026-06-18 18:13:57,222 - __main__ - INFO - 品質保証適用完了: 24列
2026-06-18 18:13:57,223 - __main__ - INFO - グループ計算完了: group_9_moving_extended - 30個の特徴量
2026-06-18 18:13:57,506 - __main__ - INFO - [Phase D-3] artifact 抽出完了 (engine_1_C): 24 features (group_9_moving_extended)
2026-06-18 18:13:57,549 - __main__ - INFO - 全グループ計算完了。ファイルの結合を開始します...
2026-06-18 18:13:58,246 - __main__ - INFO - NaN埋め処理完了: 184個の特徴量 (basic=7, ホワイトリスト方式)
2026-06-18 18:13:58,271 - __main__ - INFO - 保存完了: features_e1c_W1.parquet (0.07MB, 0.02秒)
2026-06-18 18:13:58,271 - __main__ - INFO - === 通常処理完了: W1 - 3.77秒 ===
2026-06-18 18:13:58,272 - __main__ - INFO - === 通常処理開始: timeframe=MN ===
2026-06-18 18:13:58,272 - __main__ - INFO - DataEngine初期化: /workspace/data/XAUUSD/stratum_1_base/master_processed
2026-06-18 18:13:58,273 - __main__ - INFO - 一時ディレクトリ作成: /tmp/features_e1c_ww_olnak
2026-06-18 18:13:58,273 - __main__ - INFO - CalculationEngine初期化: e1c_
2026-06-18 18:13:58,278 - __main__ - INFO - OutputEngine初期化: /workspace/data/XAUUSD/stratum_2_features/feature_value_a_vast_universeC
2026-06-18 18:13:58,308 - __main__ - INFO - データサマリー: {'columns': ['timeframe', 'timestamp', 'open', 'high', 'low', 'close', 'volume', 'disc', 'log_return', 'rolling_volatility', 'rolling_avg_volume', 'price_direction', 'price_momentum', 'volume_ratio'], 'dtypes': {'timeframe': 'String', 'timestamp': "Datetime(time_unit='ns', time_zone=None)", 'open': 'Float64', 'high': 'Float64', 'low': 'Float64', 'close': 'Float64', 'volume': 'Int64', 'disc': 'Boolean', 'log_return': 'Float64', 'rolling_volatility': 'Float64', 'rolling_avg_volume': 'Float64', 'price_direction': 'Int8', 'price_momentum': 'Float64', 'volume_ratio': 'Float64'}, 'sample_rows': 4, 'memory_usage_mb': 0.00035572052001953125}
2026-06-18 18:13:58,315 - __main__ - INFO - グループ処理開始: group_1a_rsi_basic (4個の特徴量)
2026-06-18 18:13:58,315 - __main__ - INFO - グループ計算開始: group_1a_rsi_basic
2026-06-18 18:13:58,315 - __main__ - INFO - RSI特徴量計算開始
2026-06-18 18:13:58,316 - __main__ - INFO - RSI特徴量計算完了: 12個
2026-06-18 18:13:58,316 - __main__ - INFO - 品質保証システム適用開始 (EWMベース, timeframe=MN)
2026-06-18 18:13:58,317 - __main__ - INFO - 品質保証適用: 6個の特徴量 (timeframe=MN)
2026-06-18 18:13:58,317 - __main__ - INFO - 品質保証適用完了: 6列
2026-06-18 18:13:58,318 - __main__ - INFO - グループ計算完了: group_1a_rsi_basic - 6個の特徴量
2026-06-18 18:13:58,378 - __main__ - INFO - [Phase D-3] artifact 抽出完了 (engine_1_C): 6 features (group_1a_rsi_basic)
2026-06-18 18:13:58,422 - __main__ - INFO - グループ処理開始: group_1b_rsi_extended (4個の特徴量)
2026-06-18 18:13:58,423 - __main__ - INFO - グループ計算開始: group_1b_rsi_extended
2026-06-18 18:13:58,423 - __main__ - INFO - RSI特徴量計算開始
2026-06-18 18:13:58,424 - __main__ - INFO - RSI特徴量計算完了: 12個
2026-06-18 18:13:58,424 - __main__ - INFO - 品質保証システム適用開始 (EWMベース, timeframe=MN)
2026-06-18 18:13:58,425 - __main__ - INFO - 品質保証適用: 4個の特徴量 (timeframe=MN)
2026-06-18 18:13:58,426 - __main__ - INFO - 品質保証適用完了: 4列
2026-06-18 18:13:58,426 - __main__ - INFO - グループ計算完了: group_1b_rsi_extended - 4個の特徴量
2026-06-18 18:13:58,467 - __main__ - INFO - [Phase D-3] artifact 抽出完了 (engine_1_C): 4 features (group_1b_rsi_extended)
2026-06-18 18:13:58,509 - __main__ - INFO - グループ処理開始: group_1c_rsi_stochastic (2個の特徴量)
2026-06-18 18:13:58,510 - __main__ - INFO - グループ計算開始: group_1c_rsi_stochastic
2026-06-18 18:13:58,510 - __main__ - INFO - RSI特徴量計算開始
2026-06-18 18:13:58,511 - __main__ - INFO - RSI特徴量計算完了: 12個
2026-06-18 18:13:58,512 - __main__ - INFO - 品質保証システム適用開始 (EWMベース, timeframe=MN)
2026-06-18 18:13:58,512 - __main__ - INFO - 品質保証適用: 2個の特徴量 (timeframe=MN)
2026-06-18 18:13:58,513 - __main__ - INFO - 品質保証適用完了: 2列
2026-06-18 18:13:58,513 - __main__ - INFO - グループ計算完了: group_1c_rsi_stochastic - 2個の特徴量
2026-06-18 18:13:58,537 - __main__ - INFO - [Phase D-3] artifact 抽出完了 (engine_1_C): 2 features (group_1c_rsi_stochastic)
2026-06-18 18:13:58,578 - __main__ - INFO - グループ処理開始: group_1d_rsi_divergence (2個の特徴量)
2026-06-18 18:13:58,579 - __main__ - INFO - グループ計算開始: group_1d_rsi_divergence
2026-06-18 18:13:58,579 - __main__ - INFO - RSI特徴量計算開始
2026-06-18 18:13:58,580 - __main__ - INFO - RSI特徴量計算完了: 12個
2026-06-18 18:13:58,581 - __main__ - INFO - 品質保証システム適用開始 (EWMベース, timeframe=MN)
2026-06-18 18:13:58,581 - __main__ - INFO - 品質保証適用: 2個の特徴量 (timeframe=MN)
2026-06-18 18:13:58,581 - __main__ - INFO - 品質保証適用完了: 2列
2026-06-18 18:13:58,582 - __main__ - INFO - グループ計算完了: group_1d_rsi_divergence - 2個の特徴量
2026-06-18 18:13:58,606 - __main__ - INFO - [Phase D-3] artifact 抽出完了 (engine_1_C): 2 features (group_1d_rsi_divergence)
2026-06-18 18:13:58,648 - __main__ - INFO - グループ処理開始: group_2a_macd_standard (3個の特徴量)
2026-06-18 18:13:58,649 - __main__ - INFO - グループ計算開始: group_2a_macd_standard
2026-06-18 18:13:58,649 - __main__ - INFO - MACD特徴量計算開始
2026-06-18 18:13:58,649 - __main__ - INFO - MACD特徴量計算完了: 9個
2026-06-18 18:13:58,650 - __main__ - INFO - 品質保証システム適用開始 (EWMベース, timeframe=MN)
2026-06-18 18:13:58,650 - __main__ - INFO - 品質保証適用: 3個の特徴量 (timeframe=MN)
2026-06-18 18:13:58,651 - __main__ - INFO - 品質保証適用完了: 3列
2026-06-18 18:13:58,651 - __main__ - INFO - グループ計算完了: group_2a_macd_standard - 3個の特徴量
2026-06-18 18:13:58,683 - __main__ - INFO - [Phase D-3] artifact 抽出完了 (engine_1_C): 3 features (group_2a_macd_standard)
2026-06-18 18:13:58,726 - __main__ - INFO - グループ処理開始: group_2b_macd_variants (6個の特徴量)
2026-06-18 18:13:58,726 - __main__ - INFO - グループ計算開始: group_2b_macd_variants
2026-06-18 18:13:58,727 - __main__ - INFO - MACD特徴量計算開始
2026-06-18 18:13:58,727 - __main__ - INFO - MACD特徴量計算完了: 9個
2026-06-18 18:13:58,728 - __main__ - INFO - 品質保証システム適用開始 (EWMベース, timeframe=MN)
2026-06-18 18:13:58,728 - __main__ - INFO - 品質保証適用: 6個の特徴量 (timeframe=MN)
2026-06-18 18:13:58,729 - __main__ - INFO - 品質保証適用完了: 6列
2026-06-18 18:13:58,730 - __main__ - INFO - グループ計算完了: group_2b_macd_variants - 6個の特徴量
2026-06-18 18:13:58,791 - __main__ - INFO - [Phase D-3] artifact 抽出完了 (engine_1_C): 6 features (group_2b_macd_variants)
2026-06-18 18:13:58,836 - __main__ - INFO - グループ処理開始: group_3a_bb_20 (10個の特徴量)
2026-06-18 18:13:58,836 - __main__ - INFO - グループ計算開始: group_3a_bb_20
2026-06-18 18:13:58,837 - __main__ - INFO - ボリンジャーバンド特徴量計算開始
2026-06-18 18:13:58,838 - __main__ - INFO - ボリンジャーバンド特徴量計算完了: 54個
2026-06-18 18:13:58,840 - __main__ - INFO - 品質保証システム適用開始 (EWMベース, timeframe=MN)
2026-06-18 18:13:58,841 - __main__ - INFO - 品質保証適用: 14個の特徴量 (timeframe=MN)
2026-06-18 18:13:58,843 - __main__ - INFO - 品質保証適用完了: 14列
2026-06-18 18:13:58,843 - __main__ - INFO - グループ計算完了: group_3a_bb_20 - 16個の特徴量
2026-06-18 18:13:59,005 - __main__ - INFO - [Phase D-3] artifact 抽出完了 (engine_1_C): 14 features (group_3a_bb_20)
2026-06-18 18:13:59,045 - __main__ - INFO - グループ処理開始: group_3b_bb_30_50 (26個の特徴量)
2026-06-18 18:13:59,046 - __main__ - INFO - グループ計算開始: group_3b_bb_30_50
2026-06-18 18:13:59,046 - __main__ - INFO - ボリンジャーバンド特徴量計算開始
2026-06-18 18:13:59,048 - __main__ - INFO - ボリンジャーバンド特徴量計算完了: 54個
2026-06-18 18:13:59,049 - __main__ - INFO - 品質保証システム適用開始 (EWMベース, timeframe=MN)
2026-06-18 18:13:59,050 - __main__ - INFO - 品質保証適用: 30個の特徴量 (timeframe=MN)
2026-06-18 18:13:59,053 - __main__ - INFO - 品質保証適用完了: 30列
2026-06-18 18:13:59,053 - __main__ - INFO - グループ計算完了: group_3b_bb_30_50 - 38個の特徴量
2026-06-18 18:13:59,427 - __main__ - INFO - [Phase D-3] artifact 抽出完了 (engine_1_C): 30 features (group_3b_bb_30_50)
2026-06-18 18:13:59,471 - __main__ - INFO - グループ処理開始: group_3c_bb_variants (6個の特徴量)
2026-06-18 18:13:59,471 - __main__ - INFO - グループ計算開始: group_3c_bb_variants
2026-06-18 18:13:59,471 - __main__ - INFO - ボリンジャーバンド特徴量計算開始
2026-06-18 18:13:59,473 - __main__ - INFO - ボリンジャーバンド特徴量計算完了: 54個
2026-06-18 18:13:59,474 - __main__ - INFO - 品質保証システム適用開始 (EWMベース, timeframe=MN)
2026-06-18 18:13:59,475 - __main__ - INFO - 品質保証適用: 6個の特徴量 (timeframe=MN)
2026-06-18 18:13:59,476 - __main__ - INFO - 品質保証適用完了: 6列
2026-06-18 18:13:59,477 - __main__ - INFO - グループ計算完了: group_3c_bb_variants - 6個の特徴量
2026-06-18 18:13:59,538 - __main__ - INFO - [Phase D-3] artifact 抽出完了 (engine_1_C): 6 features (group_3c_bb_variants)
2026-06-18 18:13:59,580 - __main__ - INFO - グループ処理開始: group_4a_atr_basic (4個の特徴量)
2026-06-18 18:13:59,581 - __main__ - INFO - グループ計算開始: group_4a_atr_basic
2026-06-18 18:13:59,581 - __main__ - INFO - ATR特徴量計算開始
2026-06-18 18:13:59,582 - __main__ - INFO - ATR特徴量計算完了: 16個
2026-06-18 18:13:59,583 - __main__ - INFO - 品質保証システム適用開始 (EWMベース, timeframe=MN)
2026-06-18 18:13:59,583 - __main__ - INFO - 品質保証適用: 4個の特徴量 (timeframe=MN)
2026-06-18 18:13:59,584 - __main__ - INFO - 品質保証適用完了: 4列
2026-06-18 18:13:59,584 - __main__ - INFO - グループ計算完了: group_4a_atr_basic - 4個の特徴量
2026-06-18 18:13:59,626 - __main__ - INFO - [Phase D-3] artifact 抽出完了 (engine_1_C): 4 features (group_4a_atr_basic)
2026-06-18 18:13:59,668 - __main__ - INFO - グループ処理開始: group_4b_atr_extended (12個の特徴量)
2026-06-18 18:13:59,668 - __main__ - INFO - グループ計算開始: group_4b_atr_extended
2026-06-18 18:13:59,669 - __main__ - INFO - ATR特徴量計算開始
2026-06-18 18:13:59,669 - __main__ - INFO - ATR特徴量計算完了: 16個
2026-06-18 18:13:59,670 - __main__ - INFO - 品質保証システム適用開始 (EWMベース, timeframe=MN)
2026-06-18 18:13:59,671 - __main__ - INFO - 品質保証適用: 12個の特徴量 (timeframe=MN)
2026-06-18 18:13:59,672 - __main__ - INFO - 品質保証適用完了: 12列
2026-06-18 18:13:59,672 - __main__ - INFO - グループ計算完了: group_4b_atr_extended - 12個の特徴量
2026-06-18 18:13:59,794 - __main__ - INFO - [Phase D-3] artifact 抽出完了 (engine_1_C): 12 features (group_4b_atr_extended)
2026-06-18 18:13:59,839 - __main__ - INFO - グループ処理開始: group_5a_oscillators_basic (9個の特徴量)
2026-06-18 18:13:59,840 - __main__ - INFO - グループ計算開始: group_5a_oscillators_basic
2026-06-18 18:13:59,840 - __main__ - INFO - オシレーター特徴量計算開始
2026-06-18 18:13:59,841 - __main__ - INFO - オシレーター特徴量計算完了: 30個
2026-06-18 18:13:59,842 - __main__ - INFO - 品質保証システム適用開始 (EWMベース, timeframe=MN)
2026-06-18 18:13:59,842 - __main__ - INFO - 品質保証適用: 9個の特徴量 (timeframe=MN)
2026-06-18 18:13:59,843 - __main__ - INFO - 品質保証適用完了: 9列
2026-06-18 18:13:59,843 - __main__ - INFO - グループ計算完了: group_5a_oscillators_basic - 9個の特徴量
2026-06-18 18:13:59,930 - __main__ - INFO - [Phase D-3] artifact 抽出完了 (engine_1_C): 9 features (group_5a_oscillators_basic)
2026-06-18 18:13:59,971 - __main__ - INFO - グループ処理開始: group_5b_oscillators_extended (21個の特徴量)
2026-06-18 18:13:59,972 - __main__ - INFO - グループ計算開始: group_5b_oscillators_extended
2026-06-18 18:13:59,972 - __main__ - INFO - オシレーター特徴量計算開始
2026-06-18 18:13:59,973 - __main__ - INFO - オシレーター特徴量計算完了: 30個
2026-06-18 18:13:59,974 - __main__ - INFO - 品質保証システム適用開始 (EWMベース, timeframe=MN)
2026-06-18 18:13:59,974 - __main__ - INFO - 品質保証適用: 21個の特徴量 (timeframe=MN)
2026-06-18 18:13:59,976 - __main__ - INFO - 品質保証適用完了: 21列
2026-06-18 18:13:59,977 - __main__ - INFO - グループ計算完了: group_5b_oscillators_extended - 21個の特徴量
2026-06-18 18:14:00,204 - __main__ - INFO - [Phase D-3] artifact 抽出完了 (engine_1_C): 21 features (group_5b_oscillators_extended)
2026-06-18 18:14:00,249 - __main__ - INFO - グループ処理開始: group_6a_momentum_basic (8個の特徴量)
2026-06-18 18:14:00,250 - __main__ - INFO - グループ計算開始: group_6a_momentum_basic
2026-06-18 18:14:00,250 - __main__ - INFO - モメンタム特徴量計算開始
2026-06-18 18:14:00,251 - __main__ - INFO - モメンタム特徴量計算完了: 17個
2026-06-18 18:14:00,251 - __main__ - INFO - 品質保証システム適用開始 (EWMベース, timeframe=MN)
2026-06-18 18:14:00,252 - __main__ - INFO - 品質保証適用: 8個の特徴量 (timeframe=MN)
2026-06-18 18:14:00,253 - __main__ - INFO - 品質保証適用完了: 8列
2026-06-18 18:14:00,253 - __main__ - INFO - グループ計算完了: group_6a_momentum_basic - 8個の特徴量
2026-06-18 18:14:00,330 - __main__ - INFO - [Phase D-3] artifact 抽出完了 (engine_1_C): 8 features (group_6a_momentum_basic)
2026-06-18 18:14:00,373 - __main__ - INFO - グループ処理開始: group_6b_momentum_extended (9個の特徴量)
2026-06-18 18:14:00,373 - __main__ - INFO - グループ計算開始: group_6b_momentum_extended
2026-06-18 18:14:00,374 - __main__ - INFO - モメンタム特徴量計算開始
2026-06-18 18:14:00,374 - __main__ - INFO - モメンタム特徴量計算完了: 17個
2026-06-18 18:14:00,375 - __main__ - INFO - 品質保証システム適用開始 (EWMベース, timeframe=MN)
2026-06-18 18:14:00,376 - __main__ - INFO - 品質保証適用: 9個の特徴量 (timeframe=MN)
2026-06-18 18:14:00,377 - __main__ - INFO - 品質保証適用完了: 9列
2026-06-18 18:14:00,377 - __main__ - INFO - グループ計算完了: group_6b_momentum_extended - 9個の特徴量
2026-06-18 18:14:00,463 - __main__ - INFO - [Phase D-3] artifact 抽出完了 (engine_1_C): 9 features (group_6b_momentum_extended)
2026-06-18 18:14:00,507 - __main__ - INFO - グループ処理開始: group_7_moving_averages (15個の特徴量)
2026-06-18 18:14:00,507 - __main__ - INFO - グループ計算開始: group_7_moving_averages
2026-06-18 18:14:00,508 - __main__ - INFO - 移動平均線特徴量計算開始
2026-06-18 18:14:00,509 - __main__ - INFO - 移動平均線特徴量計算完了: 39個
2026-06-18 18:14:00,510 - __main__ - INFO - 品質保証システム適用開始 (EWMベース, timeframe=MN)
2026-06-18 18:14:00,511 - __main__ - INFO - 品質保証適用: 15個の特徴量 (timeframe=MN)
2026-06-18 18:14:00,512 - __main__ - INFO - 品質保証適用完了: 15列
2026-06-18 18:14:00,513 - __main__ - INFO - グループ計算完了: group_7_moving_averages - 19個の特徴量
2026-06-18 18:14:00,665 - __main__ - INFO - [Phase D-3] artifact 抽出完了 (engine_1_C): 15 features (group_7_moving_averages)
2026-06-18 18:14:00,709 - __main__ - INFO - グループ処理開始: group_8_advanced (14個の特徴量)
2026-06-18 18:14:00,710 - __main__ - INFO - グループ計算開始: group_8_advanced
2026-06-18 18:14:00,710 - __main__ - INFO - 高度な指標特徴量計算開始
2026-06-18 18:14:00,711 - __main__ - INFO - 高度な指標特徴量計算完了: 14個
2026-06-18 18:14:00,713 - __main__ - INFO - 品質保証システム適用開始 (EWMベース, timeframe=MN)
2026-06-18 18:14:00,714 - __main__ - INFO - 品質保証適用: 14個の特徴量 (timeframe=MN)
2026-06-18 18:14:00,715 - __main__ - INFO - 品質保証適用完了: 14列
2026-06-18 18:14:00,715 - __main__ - INFO - グループ計算完了: group_8_advanced - 15個の特徴量
2026-06-18 18:14:00,861 - __main__ - INFO - [Phase D-3] artifact 抽出完了 (engine_1_C): 14 features (group_8_advanced)
2026-06-18 18:14:00,905 - __main__ - INFO - グループ処理開始: group_9_moving_extended (24個の特徴量)
2026-06-18 18:14:00,905 - __main__ - INFO - グループ計算開始: group_9_moving_extended
2026-06-18 18:14:00,906 - __main__ - INFO - 移動平均線特徴量計算開始
2026-06-18 18:14:00,907 - __main__ - INFO - 移動平均線特徴量計算完了: 39個
2026-06-18 18:14:00,908 - __main__ - INFO - 品質保証システム適用開始 (EWMベース, timeframe=MN)
2026-06-18 18:14:00,909 - __main__ - INFO - 品質保証適用: 24個の特徴量 (timeframe=MN)
2026-06-18 18:14:00,911 - __main__ - INFO - 品質保証適用完了: 24列
2026-06-18 18:14:00,912 - __main__ - INFO - グループ計算完了: group_9_moving_extended - 30個の特徴量
2026-06-18 18:14:01,181 - __main__ - INFO - [Phase D-3] artifact 抽出完了 (engine_1_C): 24 features (group_9_moving_extended)
2026-06-18 18:14:01,225 - __main__ - INFO - 全グループ計算完了。ファイルの結合を開始します...
2026-06-18 18:14:01,915 - __main__ - INFO - NaN埋め処理完了: 184個の特徴量 (basic=7, ホワイトリスト方式)
2026-06-18 18:14:01,941 - __main__ - INFO - 保存完了: features_e1c_MN.parquet (0.06MB, 0.02秒)
2026-06-18 18:14:01,942 - __main__ - INFO - === 通常処理完了: MN - 3.67秒 ===
2026-06-18 18:14:01,970 - __main__ - INFO - [Phase D-3] QAState artifact 保存完了: /workspace/data/XAUUSD/stratum_3_artifacts/qa_states_v5/qa_state_e1c.pkl (2576 entries)
2026-06-19 13:47:29,774 - __main__ - INFO - 出力ディレクトリを作成: /workspace/data/XAUUSD/stratum_2_features/feature_value_a_vast_universeC
2026-06-19 13:47:29,775 - __main__ - INFO - DataEngine初期化: /workspace/data/XAUUSD/stratum_1_base/master_processed
2026-06-19 13:47:29,821 - __main__ - INFO - 検出されたタイムフレーム: 15個
2026-06-19 13:47:29,821 - __main__ - INFO - 並列処理スレッド数: 12
2026-06-19 13:47:29,822 - __main__ - INFO - === 通常処理開始: timeframe=M0.5 ===
2026-06-19 13:47:29,822 - __main__ - INFO - DataEngine初期化: /workspace/data/XAUUSD/stratum_1_base/master_processed
2026-06-19 13:47:29,823 - __main__ - INFO - 一時ディレクトリ作成: /tmp/features_e1c_gogwaf_l
2026-06-19 13:47:29,824 - __main__ - INFO - CalculationEngine初期化: e1c_
2026-06-19 13:47:29,828 - __main__ - INFO - OutputEngine初期化: /workspace/data/XAUUSD/stratum_2_features/feature_value_a_vast_universeC
2026-06-19 13:47:29,930 - __main__ - INFO - データサマリー: {'columns': ['timeframe', 'timestamp', 'open', 'high', 'low', 'close', 'volume', 'disc', 'log_return', 'rolling_volatility', 'rolling_avg_volume', 'price_direction', 'price_momentum', 'volume_ratio'], 'dtypes': {'timeframe': 'String', 'timestamp': "Datetime(time_unit='ns', time_zone=None)", 'open': 'Float64', 'high': 'Float64', 'low': 'Float64', 'close': 'Float64', 'volume': 'Int64', 'disc': 'Boolean', 'log_return': 'Float64', 'rolling_volatility': 'Float64', 'rolling_avg_volume': 'Float64', 'price_direction': 'Int8', 'price_momentum': 'Float64', 'volume_ratio': 'Float64'}, 'sample_rows': 1000, 'memory_usage_mb': 0.0850687026977539}
2026-06-19 13:47:30,004 - __main__ - INFO - グループ処理開始: group_1a_rsi_basic (4個の特徴量)
2026-06-19 13:47:30,005 - __main__ - INFO - グループ計算開始: group_1a_rsi_basic
2026-06-19 13:47:30,005 - __main__ - INFO - RSI特徴量計算開始
2026-06-19 13:47:30,006 - __main__ - INFO - RSI特徴量計算完了: 12個
2026-06-19 13:47:30,007 - __main__ - INFO - 品質保証システム適用開始 (EWMベース, timeframe=M0.5)
2026-06-19 13:47:30,007 - __main__ - INFO - 品質保証適用: 6個の特徴量 (timeframe=M0.5)
2026-06-19 13:47:30,009 - __main__ - INFO - 品質保証適用完了: 6列
2026-06-19 13:47:30,009 - __main__ - INFO - グループ計算完了: group_1a_rsi_basic - 6個の特徴量
2026-06-19 13:47:30,940 - __main__ - INFO - [Phase D-3] artifact 抽出完了 (engine_1_C): 6 features (group_1a_rsi_basic)
2026-06-19 13:47:31,016 - __main__ - INFO - グループ処理開始: group_1b_rsi_extended (4個の特徴量)
2026-06-19 13:47:31,017 - __main__ - INFO - グループ計算開始: group_1b_rsi_extended
2026-06-19 13:47:31,017 - __main__ - INFO - RSI特徴量計算開始
2026-06-19 13:47:31,018 - __main__ - INFO - RSI特徴量計算完了: 12個
2026-06-19 13:47:31,019 - __main__ - INFO - 品質保証システム適用開始 (EWMベース, timeframe=M0.5)
2026-06-19 13:47:31,019 - __main__ - INFO - 品質保証適用: 4個の特徴量 (timeframe=M0.5)
2026-06-19 13:47:31,020 - __main__ - INFO - 品質保証適用完了: 4列
2026-06-19 13:47:31,020 - __main__ - INFO - グループ計算完了: group_1b_rsi_extended - 4個の特徴量
2026-06-19 13:47:31,533 - __main__ - INFO - [Phase D-3] artifact 抽出完了 (engine_1_C): 4 features (group_1b_rsi_extended)
2026-06-19 13:47:31,600 - __main__ - INFO - グループ処理開始: group_1c_rsi_stochastic (2個の特徴量)
2026-06-19 13:47:31,600 - __main__ - INFO - グループ計算開始: group_1c_rsi_stochastic
2026-06-19 13:47:31,601 - __main__ - INFO - RSI特徴量計算開始
2026-06-19 13:47:31,601 - __main__ - INFO - RSI特徴量計算完了: 12個
2026-06-19 13:47:31,602 - __main__ - INFO - 品質保証システム適用開始 (EWMベース, timeframe=M0.5)
2026-06-19 13:47:31,602 - __main__ - INFO - 品質保証適用: 2個の特徴量 (timeframe=M0.5)
2026-06-19 13:47:31,603 - __main__ - INFO - 品質保証適用完了: 2列
2026-06-19 13:47:31,603 - __main__ - INFO - グループ計算完了: group_1c_rsi_stochastic - 2個の特徴量
2026-06-19 13:47:31,879 - __main__ - INFO - [Phase D-3] artifact 抽出完了 (engine_1_C): 2 features (group_1c_rsi_stochastic)
2026-06-19 13:47:31,947 - __main__ - INFO - グループ処理開始: group_1d_rsi_divergence (2個の特徴量)
2026-06-19 13:47:31,948 - __main__ - INFO - グループ計算開始: group_1d_rsi_divergence
2026-06-19 13:47:31,948 - __main__ - INFO - RSI特徴量計算開始
2026-06-19 13:47:31,949 - __main__ - INFO - RSI特徴量計算完了: 12個
2026-06-19 13:47:31,949 - __main__ - INFO - 品質保証システム適用開始 (EWMベース, timeframe=M0.5)
2026-06-19 13:47:31,950 - __main__ - INFO - 品質保証適用: 2個の特徴量 (timeframe=M0.5)
2026-06-19 13:47:31,950 - __main__ - INFO - 品質保証適用完了: 2列
2026-06-19 13:47:31,951 - __main__ - INFO - グループ計算完了: group_1d_rsi_divergence - 2個の特徴量
2026-06-19 13:47:32,209 - __main__ - INFO - [Phase D-3] artifact 抽出完了 (engine_1_C): 2 features (group_1d_rsi_divergence)
2026-06-19 13:47:32,279 - __main__ - INFO - グループ処理開始: group_2a_macd_standard (3個の特徴量)
2026-06-19 13:47:32,279 - __main__ - INFO - グループ計算開始: group_2a_macd_standard
2026-06-19 13:47:32,280 - __main__ - INFO - MACD特徴量計算開始
2026-06-19 13:47:32,280 - __main__ - INFO - MACD特徴量計算完了: 9個
2026-06-19 13:47:32,281 - __main__ - INFO - 品質保証システム適用開始 (EWMベース, timeframe=M0.5)
2026-06-19 13:47:32,281 - __main__ - INFO - 品質保証適用: 3個の特徴量 (timeframe=M0.5)
2026-06-19 13:47:32,282 - __main__ - INFO - 品質保証適用完了: 3列
2026-06-19 13:47:32,282 - __main__ - INFO - グループ計算完了: group_2a_macd_standard - 3個の特徴量
2026-06-19 13:47:32,658 - __main__ - INFO - [Phase D-3] artifact 抽出完了 (engine_1_C): 3 features (group_2a_macd_standard)
2026-06-19 13:47:32,726 - __main__ - INFO - グループ処理開始: group_2b_macd_variants (6個の特徴量)
2026-06-19 13:47:32,727 - __main__ - INFO - グループ計算開始: group_2b_macd_variants
2026-06-19 13:47:32,727 - __main__ - INFO - MACD特徴量計算開始
2026-06-19 13:47:32,728 - __main__ - INFO - MACD特徴量計算完了: 9個
2026-06-19 13:47:32,729 - __main__ - INFO - 品質保証システム適用開始 (EWMベース, timeframe=M0.5)
2026-06-19 13:47:32,729 - __main__ - INFO - 品質保証適用: 6個の特徴量 (timeframe=M0.5)
2026-06-19 13:47:32,730 - __main__ - INFO - 品質保証適用完了: 6列
2026-06-19 13:47:32,730 - __main__ - INFO - グループ計算完了: group_2b_macd_variants - 6個の特徴量
2026-06-19 13:47:33,401 - __main__ - INFO - [Phase D-3] artifact 抽出完了 (engine_1_C): 6 features (group_2b_macd_variants)
2026-06-19 13:47:33,468 - __main__ - INFO - グループ処理開始: group_3a_bb_20 (10個の特徴量)
2026-06-19 13:47:33,468 - __main__ - INFO - グループ計算開始: group_3a_bb_20
2026-06-19 13:47:33,469 - __main__ - INFO - ボリンジャーバンド特徴量計算開始
2026-06-19 13:47:33,470 - __main__ - INFO - ボリンジャーバンド特徴量計算完了: 54個
2026-06-19 13:47:33,471 - __main__ - INFO - 品質保証システム適用開始 (EWMベース, timeframe=M0.5)
2026-06-19 13:47:33,473 - __main__ - INFO - 品質保証適用: 14個の特徴量 (timeframe=M0.5)
2026-06-19 13:47:33,474 - __main__ - INFO - 品質保証適用完了: 14列
2026-06-19 13:47:33,475 - __main__ - INFO - グループ計算完了: group_3a_bb_20 - 16個の特徴量
2026-06-19 13:47:35,756 - __main__ - INFO - [Phase D-3] artifact 抽出完了 (engine_1_C): 14 features (group_3a_bb_20)
2026-06-19 13:47:35,835 - __main__ - INFO - グループ処理開始: group_3b_bb_30_50 (26個の特徴量)
2026-06-19 13:47:35,836 - __main__ - INFO - グループ計算開始: group_3b_bb_30_50
2026-06-19 13:47:35,836 - __main__ - INFO - ボリンジャーバンド特徴量計算開始
2026-06-19 13:47:35,838 - __main__ - INFO - ボリンジャーバンド特徴量計算完了: 54個
2026-06-19 13:47:35,839 - __main__ - INFO - 品質保証システム適用開始 (EWMベース, timeframe=M0.5)
2026-06-19 13:47:35,841 - __main__ - INFO - 品質保証適用: 30個の特徴量 (timeframe=M0.5)
2026-06-19 13:47:35,844 - __main__ - INFO - 品質保証適用完了: 30列
2026-06-19 13:47:35,844 - __main__ - INFO - グループ計算完了: group_3b_bb_30_50 - 38個の特徴量
2026-06-19 13:47:41,088 - __main__ - INFO - [Phase D-3] artifact 抽出完了 (engine_1_C): 30 features (group_3b_bb_30_50)
2026-06-19 13:47:41,225 - __main__ - INFO - グループ処理開始: group_3c_bb_variants (6個の特徴量)
2026-06-19 13:47:41,225 - __main__ - INFO - グループ計算開始: group_3c_bb_variants
2026-06-19 13:47:41,226 - __main__ - INFO - ボリンジャーバンド特徴量計算開始
2026-06-19 13:47:41,227 - __main__ - INFO - ボリンジャーバンド特徴量計算完了: 54個
2026-06-19 13:47:41,228 - __main__ - INFO - 品質保証システム適用開始 (EWMベース, timeframe=M0.5)
2026-06-19 13:47:41,230 - __main__ - INFO - 品質保証適用: 6個の特徴量 (timeframe=M0.5)
2026-06-19 13:47:41,230 - __main__ - INFO - 品質保証適用完了: 6列
2026-06-19 13:47:41,231 - __main__ - INFO - グループ計算完了: group_3c_bb_variants - 6個の特徴量
2026-06-19 13:47:42,083 - __main__ - INFO - [Phase D-3] artifact 抽出完了 (engine_1_C): 6 features (group_3c_bb_variants)
2026-06-19 13:47:42,152 - __main__ - INFO - グループ処理開始: group_4a_atr_basic (4個の特徴量)
2026-06-19 13:47:42,152 - __main__ - INFO - グループ計算開始: group_4a_atr_basic
2026-06-19 13:47:42,153 - __main__ - INFO - ATR特徴量計算開始
2026-06-19 13:47:42,154 - __main__ - INFO - ATR特徴量計算完了: 16個
2026-06-19 13:47:42,154 - __main__ - INFO - 品質保証システム適用開始 (EWMベース, timeframe=M0.5)
2026-06-19 13:47:42,155 - __main__ - INFO - 品質保証適用: 4個の特徴量 (timeframe=M0.5)
2026-06-19 13:47:42,156 - __main__ - INFO - 品質保証適用完了: 4列
2026-06-19 13:47:42,156 - __main__ - INFO - グループ計算完了: group_4a_atr_basic - 4個の特徴量
2026-06-19 13:47:42,585 - __main__ - INFO - [Phase D-3] artifact 抽出完了 (engine_1_C): 4 features (group_4a_atr_basic)
2026-06-19 13:47:42,658 - __main__ - INFO - グループ処理開始: group_4b_atr_extended (12個の特徴量)
2026-06-19 13:47:42,658 - __main__ - INFO - グループ計算開始: group_4b_atr_extended
2026-06-19 13:47:42,658 - __main__ - INFO - ATR特徴量計算開始
2026-06-19 13:47:42,659 - __main__ - INFO - ATR特徴量計算完了: 16個
2026-06-19 13:47:42,660 - __main__ - INFO - 品質保証システム適用開始 (EWMベース, timeframe=M0.5)
2026-06-19 13:47:42,661 - __main__ - INFO - 品質保証適用: 12個の特徴量 (timeframe=M0.5)
2026-06-19 13:47:42,662 - __main__ - INFO - 品質保証適用完了: 12列
2026-06-19 13:47:42,662 - __main__ - INFO - グループ計算完了: group_4b_atr_extended - 12個の特徴量
2026-06-19 13:47:44,168 - __main__ - INFO - [Phase D-3] artifact 抽出完了 (engine_1_C): 12 features (group_4b_atr_extended)
2026-06-19 13:47:44,249 - __main__ - INFO - グループ処理開始: group_5a_oscillators_basic (9個の特徴量)
2026-06-19 13:47:44,250 - __main__ - INFO - グループ計算開始: group_5a_oscillators_basic
2026-06-19 13:47:44,250 - __main__ - INFO - オシレーター特徴量計算開始
2026-06-19 13:47:44,251 - __main__ - INFO - オシレーター特徴量計算完了: 30個
2026-06-19 13:47:44,252 - __main__ - INFO - 品質保証システム適用開始 (EWMベース, timeframe=M0.5)
2026-06-19 13:47:44,252 - __main__ - INFO - 品質保証適用: 9個の特徴量 (timeframe=M0.5)
2026-06-19 13:47:44,253 - __main__ - INFO - 品質保証適用完了: 9列
2026-06-19 13:47:44,254 - __main__ - INFO - グループ計算完了: group_5a_oscillators_basic - 9個の特徴量
2026-06-19 13:47:45,487 - __main__ - INFO - [Phase D-3] artifact 抽出完了 (engine_1_C): 9 features (group_5a_oscillators_basic)
2026-06-19 13:47:45,565 - __main__ - INFO - グループ処理開始: group_5b_oscillators_extended (21個の特徴量)
2026-06-19 13:47:45,566 - __main__ - INFO - グループ計算開始: group_5b_oscillators_extended
2026-06-19 13:47:45,566 - __main__ - INFO - オシレーター特徴量計算開始
2026-06-19 13:47:45,567 - __main__ - INFO - オシレーター特徴量計算完了: 30個
2026-06-19 13:47:45,568 - __main__ - INFO - 品質保証システム適用開始 (EWMベース, timeframe=M0.5)
2026-06-19 13:47:45,568 - __main__ - INFO - 品質保証適用: 21個の特徴量 (timeframe=M0.5)
2026-06-19 13:47:45,570 - __main__ - INFO - 品質保証適用完了: 21列
2026-06-19 13:47:45,570 - __main__ - INFO - グループ計算完了: group_5b_oscillators_extended - 21個の特徴量
2026-06-19 13:47:48,289 - __main__ - INFO - [Phase D-3] artifact 抽出完了 (engine_1_C): 21 features (group_5b_oscillators_extended)
2026-06-19 13:47:48,381 - __main__ - INFO - グループ処理開始: group_6a_momentum_basic (8個の特徴量)
2026-06-19 13:47:48,381 - __main__ - INFO - グループ計算開始: group_6a_momentum_basic
2026-06-19 13:47:48,381 - __main__ - INFO - モメンタム特徴量計算開始
2026-06-19 13:47:48,382 - __main__ - INFO - モメンタム特徴量計算完了: 17個
2026-06-19 13:47:48,383 - __main__ - INFO - 品質保証システム適用開始 (EWMベース, timeframe=M0.5)
2026-06-19 13:47:48,383 - __main__ - INFO - 品質保証適用: 8個の特徴量 (timeframe=M0.5)
2026-06-19 13:47:48,384 - __main__ - INFO - 品質保証適用完了: 8列
2026-06-19 13:47:48,384 - __main__ - INFO - グループ計算完了: group_6a_momentum_basic - 8個の特徴量
2026-06-19 13:47:49,380 - __main__ - INFO - [Phase D-3] artifact 抽出完了 (engine_1_C): 8 features (group_6a_momentum_basic)
2026-06-19 13:47:49,453 - __main__ - INFO - グループ処理開始: group_6b_momentum_extended (9個の特徴量)
2026-06-19 13:47:49,454 - __main__ - INFO - グループ計算開始: group_6b_momentum_extended
2026-06-19 13:47:49,454 - __main__ - INFO - モメンタム特徴量計算開始
2026-06-19 13:47:49,455 - __main__ - INFO - モメンタム特徴量計算完了: 17個
2026-06-19 13:47:49,455 - __main__ - INFO - 品質保証システム適用開始 (EWMベース, timeframe=M0.5)
2026-06-19 13:47:49,456 - __main__ - INFO - 品質保証適用: 9個の特徴量 (timeframe=M0.5)
2026-06-19 13:47:49,457 - __main__ - INFO - 品質保証適用完了: 9列
2026-06-19 13:47:49,457 - __main__ - INFO - グループ計算完了: group_6b_momentum_extended - 9個の特徴量
2026-06-19 13:47:50,624 - __main__ - INFO - [Phase D-3] artifact 抽出完了 (engine_1_C): 9 features (group_6b_momentum_extended)
2026-06-19 13:47:50,705 - __main__ - INFO - グループ処理開始: group_7_moving_averages (15個の特徴量)
2026-06-19 13:47:50,706 - __main__ - INFO - グループ計算開始: group_7_moving_averages
2026-06-19 13:47:50,706 - __main__ - INFO - 移動平均線特徴量計算開始
2026-06-19 13:47:50,708 - __main__ - INFO - 移動平均線特徴量計算完了: 39個
2026-06-19 13:47:50,709 - __main__ - INFO - 品質保証システム適用開始 (EWMベース, timeframe=M0.5)
2026-06-19 13:47:50,710 - __main__ - INFO - 品質保証適用: 15個の特徴量 (timeframe=M0.5)
2026-06-19 13:47:50,711 - __main__ - INFO - 品質保証適用完了: 15列
2026-06-19 13:47:50,712 - __main__ - INFO - グループ計算完了: group_7_moving_averages - 19個の特徴量
2026-06-19 13:47:52,678 - __main__ - INFO - [Phase D-3] artifact 抽出完了 (engine_1_C): 15 features (group_7_moving_averages)
2026-06-19 13:47:52,769 - __main__ - INFO - グループ処理開始: group_8_advanced (14個の特徴量)
2026-06-19 13:47:52,770 - __main__ - INFO - グループ計算開始: group_8_advanced
2026-06-19 13:47:52,770 - __main__ - INFO - 高度な指標特徴量計算開始
2026-06-19 13:47:52,771 - __main__ - INFO - 高度な指標特徴量計算完了: 14個
2026-06-19 13:47:52,772 - __main__ - INFO - 品質保証システム適用開始 (EWMベース, timeframe=M0.5)
2026-06-19 13:47:52,773 - __main__ - INFO - 品質保証適用: 14個の特徴量 (timeframe=M0.5)
2026-06-19 13:47:52,775 - __main__ - INFO - 品質保証適用完了: 14列
2026-06-19 13:47:52,775 - __main__ - INFO - グループ計算完了: group_8_advanced - 15個の特徴量
2026-06-19 13:47:54,735 - __main__ - INFO - [Phase D-3] artifact 抽出完了 (engine_1_C): 14 features (group_8_advanced)
2026-06-19 13:47:54,832 - __main__ - INFO - グループ処理開始: group_9_moving_extended (24個の特徴量)
2026-06-19 13:47:54,832 - __main__ - INFO - グループ計算開始: group_9_moving_extended
2026-06-19 13:47:54,833 - __main__ - INFO - 移動平均線特徴量計算開始
2026-06-19 13:47:54,834 - __main__ - INFO - 移動平均線特徴量計算完了: 39個
2026-06-19 13:47:54,835 - __main__ - INFO - 品質保証システム適用開始 (EWMベース, timeframe=M0.5)
2026-06-19 13:47:54,835 - __main__ - INFO - 品質保証適用: 24個の特徴量 (timeframe=M0.5)
2026-06-19 13:47:54,837 - __main__ - INFO - 品質保証適用完了: 24列
2026-06-19 13:47:54,838 - __main__ - INFO - グループ計算完了: group_9_moving_extended - 30個の特徴量
2026-06-19 13:47:58,157 - __main__ - INFO - [Phase D-3] artifact 抽出完了 (engine_1_C): 24 features (group_9_moving_extended)
2026-06-19 13:47:58,251 - __main__ - INFO - 全グループ計算完了。ファイルの結合を開始します...
2026-06-19 13:47:59,388 - __main__ - INFO - NaN埋め処理完了: 184個の特徴量 (basic=7, ホワイトリスト方式)
2026-06-19 13:48:00,616 - __main__ - INFO - 保存完了: features_e1c_M0.5.parquet (213.36MB, 1.22秒)
2026-06-19 13:48:00,616 - __main__ - INFO - === 通常処理完了: M0.5 - 30.79秒 ===
2026-06-19 13:48:00,617 - __main__ - INFO - === 通常処理開始: timeframe=M1 ===
2026-06-19 13:48:00,618 - __main__ - INFO - DataEngine初期化: /workspace/data/XAUUSD/stratum_1_base/master_processed
2026-06-19 13:48:00,619 - __main__ - INFO - 一時ディレクトリ作成: /tmp/features_e1c_yr0felfv
2026-06-19 13:48:00,619 - __main__ - INFO - CalculationEngine初期化: e1c_
2026-06-19 13:48:00,624 - __main__ - INFO - OutputEngine初期化: /workspace/data/XAUUSD/stratum_2_features/feature_value_a_vast_universeC
2026-06-19 13:48:00,689 - __main__ - INFO - データサマリー: {'columns': ['timeframe', 'timestamp', 'open', 'high', 'low', 'close', 'volume', 'disc', 'log_return', 'rolling_volatility', 'rolling_avg_volume', 'price_direction', 'price_momentum', 'volume_ratio'], 'dtypes': {'timeframe': 'String', 'timestamp': "Datetime(time_unit='ns', time_zone=None)", 'open': 'Float64', 'high': 'Float64', 'low': 'Float64', 'close': 'Float64', 'volume': 'Int64', 'disc': 'Boolean', 'log_return': 'Float64', 'rolling_volatility': 'Float64', 'rolling_avg_volume': 'Float64', 'price_direction': 'Int8', 'price_momentum': 'Float64', 'volume_ratio': 'Float64'}, 'sample_rows': 1000, 'memory_usage_mb': 0.08504581451416016}
2026-06-19 13:48:00,732 - __main__ - INFO - グループ処理開始: group_1a_rsi_basic (4個の特徴量)
2026-06-19 13:48:00,733 - __main__ - INFO - グループ計算開始: group_1a_rsi_basic
2026-06-19 13:48:00,733 - __main__ - INFO - RSI特徴量計算開始
2026-06-19 13:48:00,734 - __main__ - INFO - RSI特徴量計算完了: 12個
2026-06-19 13:48:00,734 - __main__ - INFO - 品質保証システム適用開始 (EWMベース, timeframe=M1)
2026-06-19 13:48:00,735 - __main__ - INFO - 品質保証適用: 6個の特徴量 (timeframe=M1)
2026-06-19 13:48:00,736 - __main__ - INFO - 品質保証適用完了: 6列
2026-06-19 13:48:00,736 - __main__ - INFO - グループ計算完了: group_1a_rsi_basic - 6個の特徴量
2026-06-19 13:48:01,169 - __main__ - INFO - [Phase D-3] artifact 抽出完了 (engine_1_C): 6 features (group_1a_rsi_basic)
2026-06-19 13:48:01,229 - __main__ - INFO - グループ処理開始: group_1b_rsi_extended (4個の特徴量)
2026-06-19 13:48:01,229 - __main__ - INFO - グループ計算開始: group_1b_rsi_extended
2026-06-19 13:48:01,230 - __main__ - INFO - RSI特徴量計算開始
2026-06-19 13:48:01,231 - __main__ - INFO - RSI特徴量計算完了: 12個
2026-06-19 13:48:01,231 - __main__ - INFO - 品質保証システム適用開始 (EWMベース, timeframe=M1)
2026-06-19 13:48:01,232 - __main__ - INFO - 品質保証適用: 4個の特徴量 (timeframe=M1)
2026-06-19 13:48:01,233 - __main__ - INFO - 品質保証適用完了: 4列
2026-06-19 13:48:01,233 - __main__ - INFO - グループ計算完了: group_1b_rsi_extended - 4個の特徴量
2026-06-19 13:48:01,509 - __main__ - INFO - [Phase D-3] artifact 抽出完了 (engine_1_C): 4 features (group_1b_rsi_extended)
2026-06-19 13:48:01,568 - __main__ - INFO - グループ処理開始: group_1c_rsi_stochastic (2個の特徴量)
2026-06-19 13:48:01,569 - __main__ - INFO - グループ計算開始: group_1c_rsi_stochastic
2026-06-19 13:48:01,569 - __main__ - INFO - RSI特徴量計算開始
2026-06-19 13:48:01,570 - __main__ - INFO - RSI特徴量計算完了: 12個
2026-06-19 13:48:01,571 - __main__ - INFO - 品質保証システム適用開始 (EWMベース, timeframe=M1)
2026-06-19 13:48:01,571 - __main__ - INFO - 品質保証適用: 2個の特徴量 (timeframe=M1)
2026-06-19 13:48:01,572 - __main__ - INFO - 品質保証適用完了: 2列
2026-06-19 13:48:01,572 - __main__ - INFO - グループ計算完了: group_1c_rsi_stochastic - 2個の特徴量
2026-06-19 13:48:01,721 - __main__ - INFO - [Phase D-3] artifact 抽出完了 (engine_1_C): 2 features (group_1c_rsi_stochastic)
2026-06-19 13:48:01,777 - __main__ - INFO - グループ処理開始: group_1d_rsi_divergence (2個の特徴量)
2026-06-19 13:48:01,777 - __main__ - INFO - グループ計算開始: group_1d_rsi_divergence
2026-06-19 13:48:01,778 - __main__ - INFO - RSI特徴量計算開始
2026-06-19 13:48:01,778 - __main__ - INFO - RSI特徴量計算完了: 12個
2026-06-19 13:48:01,779 - __main__ - INFO - 品質保証システム適用開始 (EWMベース, timeframe=M1)
2026-06-19 13:48:01,780 - __main__ - INFO - 品質保証適用: 2個の特徴量 (timeframe=M1)
2026-06-19 13:48:01,780 - __main__ - INFO - 品質保証適用完了: 2列
2026-06-19 13:48:01,780 - __main__ - INFO - グループ計算完了: group_1d_rsi_divergence - 2個の特徴量
2026-06-19 13:48:01,924 - __main__ - INFO - [Phase D-3] artifact 抽出完了 (engine_1_C): 2 features (group_1d_rsi_divergence)
2026-06-19 13:48:01,980 - __main__ - INFO - グループ処理開始: group_2a_macd_standard (3個の特徴量)
2026-06-19 13:48:01,980 - __main__ - INFO - グループ計算開始: group_2a_macd_standard
2026-06-19 13:48:01,981 - __main__ - INFO - MACD特徴量計算開始
2026-06-19 13:48:01,981 - __main__ - INFO - MACD特徴量計算完了: 9個
2026-06-19 13:48:01,982 - __main__ - INFO - 品質保証システム適用開始 (EWMベース, timeframe=M1)
2026-06-19 13:48:01,982 - __main__ - INFO - 品質保証適用: 3個の特徴量 (timeframe=M1)
2026-06-19 13:48:01,983 - __main__ - INFO - 品質保証適用完了: 3列
2026-06-19 13:48:01,983 - __main__ - INFO - グループ計算完了: group_2a_macd_standard - 3個の特徴量
2026-06-19 13:48:02,167 - __main__ - INFO - [Phase D-3] artifact 抽出完了 (engine_1_C): 3 features (group_2a_macd_standard)
2026-06-19 13:48:02,225 - __main__ - INFO - グループ処理開始: group_2b_macd_variants (6個の特徴量)
2026-06-19 13:48:02,226 - __main__ - INFO - グループ計算開始: group_2b_macd_variants
2026-06-19 13:48:02,226 - __main__ - INFO - MACD特徴量計算開始
2026-06-19 13:48:02,227 - __main__ - INFO - MACD特徴量計算完了: 9個
2026-06-19 13:48:02,227 - __main__ - INFO - 品質保証システム適用開始 (EWMベース, timeframe=M1)
2026-06-19 13:48:02,228 - __main__ - INFO - 品質保証適用: 6個の特徴量 (timeframe=M1)
2026-06-19 13:48:02,229 - __main__ - INFO - 品質保証適用完了: 6列
2026-06-19 13:48:02,229 - __main__ - INFO - グループ計算完了: group_2b_macd_variants - 6個の特徴量
2026-06-19 13:48:02,604 - __main__ - INFO - [Phase D-3] artifact 抽出完了 (engine_1_C): 6 features (group_2b_macd_variants)
2026-06-19 13:48:02,664 - __main__ - INFO - グループ処理開始: group_3a_bb_20 (10個の特徴量)
2026-06-19 13:48:02,665 - __main__ - INFO - グループ計算開始: group_3a_bb_20
2026-06-19 13:48:02,665 - __main__ - INFO - ボリンジャーバンド特徴量計算開始
2026-06-19 13:48:02,666 - __main__ - INFO - ボリンジャーバンド特徴量計算完了: 54個
2026-06-19 13:48:02,668 - __main__ - INFO - 品質保証システム適用開始 (EWMベース, timeframe=M1)
2026-06-19 13:48:02,669 - __main__ - INFO - 品質保証適用: 14個の特徴量 (timeframe=M1)
2026-06-19 13:48:02,670 - __main__ - INFO - 品質保証適用完了: 14列
2026-06-19 13:48:02,671 - __main__ - INFO - グループ計算完了: group_3a_bb_20 - 16個の特徴量
2026-06-19 13:48:03,764 - __main__ - INFO - [Phase D-3] artifact 抽出完了 (engine_1_C): 14 features (group_3a_bb_20)
2026-06-19 13:48:03,830 - __main__ - INFO - グループ処理開始: group_3b_bb_30_50 (26個の特徴量)
2026-06-19 13:48:03,830 - __main__ - INFO - グループ計算開始: group_3b_bb_30_50
2026-06-19 13:48:03,830 - __main__ - INFO - ボリンジャーバンド特徴量計算開始
2026-06-19 13:48:03,832 - __main__ - INFO - ボリンジャーバンド特徴量計算完了: 54個
2026-06-19 13:48:03,834 - __main__ - INFO - 品質保証システム適用開始 (EWMベース, timeframe=M1)
2026-06-19 13:48:03,835 - __main__ - INFO - 品質保証適用: 30個の特徴量 (timeframe=M1)
2026-06-19 13:48:03,838 - __main__ - INFO - 品質保証適用完了: 30列
2026-06-19 13:48:03,838 - __main__ - INFO - グループ計算完了: group_3b_bb_30_50 - 38個の特徴量
2026-06-19 13:48:06,470 - __main__ - INFO - [Phase D-3] artifact 抽出完了 (engine_1_C): 30 features (group_3b_bb_30_50)
2026-06-19 13:48:06,540 - __main__ - INFO - グループ処理開始: group_3c_bb_variants (6個の特徴量)
2026-06-19 13:48:06,540 - __main__ - INFO - グループ計算開始: group_3c_bb_variants
2026-06-19 13:48:06,540 - __main__ - INFO - ボリンジャーバンド特徴量計算開始
2026-06-19 13:48:06,542 - __main__ - INFO - ボリンジャーバンド特徴量計算完了: 54個
2026-06-19 13:48:06,543 - __main__ - INFO - 品質保証システム適用開始 (EWMベース, timeframe=M1)
2026-06-19 13:48:06,544 - __main__ - INFO - 品質保証適用: 6個の特徴量 (timeframe=M1)
2026-06-19 13:48:06,545 - __main__ - INFO - 品質保証適用完了: 6列
2026-06-19 13:48:06,546 - __main__ - INFO - グループ計算完了: group_3c_bb_variants - 6個の特徴量
2026-06-19 13:48:06,994 - __main__ - INFO - [Phase D-3] artifact 抽出完了 (engine_1_C): 6 features (group_3c_bb_variants)
2026-06-19 13:48:07,056 - __main__ - INFO - グループ処理開始: group_4a_atr_basic (4個の特徴量)
2026-06-19 13:48:07,057 - __main__ - INFO - グループ計算開始: group_4a_atr_basic
2026-06-19 13:48:07,057 - __main__ - INFO - ATR特徴量計算開始
2026-06-19 13:48:07,058 - __main__ - INFO - ATR特徴量計算完了: 16個
2026-06-19 13:48:07,059 - __main__ - INFO - 品質保証システム適用開始 (EWMベース, timeframe=M1)
2026-06-19 13:48:07,059 - __main__ - INFO - 品質保証適用: 4個の特徴量 (timeframe=M1)
2026-06-19 13:48:07,060 - __main__ - INFO - 品質保証適用完了: 4列
2026-06-19 13:48:07,061 - __main__ - INFO - グループ計算完了: group_4a_atr_basic - 4個の特徴量
2026-06-19 13:48:07,299 - __main__ - INFO - [Phase D-3] artifact 抽出完了 (engine_1_C): 4 features (group_4a_atr_basic)
2026-06-19 13:48:07,354 - __main__ - INFO - グループ処理開始: group_4b_atr_extended (12個の特徴量)
2026-06-19 13:48:07,355 - __main__ - INFO - グループ計算開始: group_4b_atr_extended
2026-06-19 13:48:07,355 - __main__ - INFO - ATR特徴量計算開始
2026-06-19 13:48:07,356 - __main__ - INFO - ATR特徴量計算完了: 16個
2026-06-19 13:48:07,357 - __main__ - INFO - 品質保証システム適用開始 (EWMベース, timeframe=M1)
2026-06-19 13:48:07,358 - __main__ - INFO - 品質保証適用: 12個の特徴量 (timeframe=M1)
2026-06-19 13:48:07,359 - __main__ - INFO - 品質保証適用完了: 12列
2026-06-19 13:48:07,360 - __main__ - INFO - グループ計算完了: group_4b_atr_extended - 12個の特徴量
2026-06-19 13:48:08,179 - __main__ - INFO - [Phase D-3] artifact 抽出完了 (engine_1_C): 12 features (group_4b_atr_extended)
2026-06-19 13:48:08,239 - __main__ - INFO - グループ処理開始: group_5a_oscillators_basic (9個の特徴量)
2026-06-19 13:48:08,240 - __main__ - INFO - グループ計算開始: group_5a_oscillators_basic
2026-06-19 13:48:08,241 - __main__ - INFO - オシレーター特徴量計算開始
2026-06-19 13:48:08,242 - __main__ - INFO - オシレーター特徴量計算完了: 30個
2026-06-19 13:48:08,243 - __main__ - INFO - 品質保証システム適用開始 (EWMベース, timeframe=M1)
2026-06-19 13:48:08,244 - __main__ - INFO - 品質保証適用: 9個の特徴量 (timeframe=M1)
2026-06-19 13:48:08,245 - __main__ - INFO - 品質保証適用完了: 9列
2026-06-19 13:48:08,245 - __main__ - INFO - グループ計算完了: group_5a_oscillators_basic - 9個の特徴量
2026-06-19 13:48:08,881 - __main__ - INFO - [Phase D-3] artifact 抽出完了 (engine_1_C): 9 features (group_5a_oscillators_basic)
2026-06-19 13:48:08,949 - __main__ - INFO - グループ処理開始: group_5b_oscillators_extended (21個の特徴量)
2026-06-19 13:48:08,950 - __main__ - INFO - グループ計算開始: group_5b_oscillators_extended
2026-06-19 13:48:08,951 - __main__ - INFO - オシレーター特徴量計算開始
2026-06-19 13:48:08,951 - __main__ - INFO - オシレーター特徴量計算完了: 30個
2026-06-19 13:48:08,952 - __main__ - INFO - 品質保証システム適用開始 (EWMベース, timeframe=M1)
2026-06-19 13:48:08,953 - __main__ - INFO - 品質保証適用: 21個の特徴量 (timeframe=M1)
2026-06-19 13:48:08,954 - __main__ - INFO - 品質保証適用完了: 21列
2026-06-19 13:48:08,955 - __main__ - INFO - グループ計算完了: group_5b_oscillators_extended - 21個の特徴量
2026-06-19 13:48:10,446 - __main__ - INFO - [Phase D-3] artifact 抽出完了 (engine_1_C): 21 features (group_5b_oscillators_extended)
2026-06-19 13:48:10,511 - __main__ - INFO - グループ処理開始: group_6a_momentum_basic (8個の特徴量)
2026-06-19 13:48:10,511 - __main__ - INFO - グループ計算開始: group_6a_momentum_basic
2026-06-19 13:48:10,512 - __main__ - INFO - モメンタム特徴量計算開始
2026-06-19 13:48:10,513 - __main__ - INFO - モメンタム特徴量計算完了: 17個
2026-06-19 13:48:10,513 - __main__ - INFO - 品質保証システム適用開始 (EWMベース, timeframe=M1)
2026-06-19 13:48:10,514 - __main__ - INFO - 品質保証適用: 8個の特徴量 (timeframe=M1)
2026-06-19 13:48:10,514 - __main__ - INFO - 品質保証適用完了: 8列
2026-06-19 13:48:10,515 - __main__ - INFO - グループ計算完了: group_6a_momentum_basic - 8個の特徴量
2026-06-19 13:48:11,065 - __main__ - INFO - [Phase D-3] artifact 抽出完了 (engine_1_C): 8 features (group_6a_momentum_basic)
2026-06-19 13:48:11,125 - __main__ - INFO - グループ処理開始: group_6b_momentum_extended (9個の特徴量)
2026-06-19 13:48:11,126 - __main__ - INFO - グループ計算開始: group_6b_momentum_extended
2026-06-19 13:48:11,126 - __main__ - INFO - モメンタム特徴量計算開始
2026-06-19 13:48:11,127 - __main__ - INFO - モメンタム特徴量計算完了: 17個
2026-06-19 13:48:11,127 - __main__ - INFO - 品質保証システム適用開始 (EWMベース, timeframe=M1)
2026-06-19 13:48:11,128 - __main__ - INFO - 品質保証適用: 9個の特徴量 (timeframe=M1)
2026-06-19 13:48:11,129 - __main__ - INFO - 品質保証適用完了: 9列
2026-06-19 13:48:11,129 - __main__ - INFO - グループ計算完了: group_6b_momentum_extended - 9個の特徴量
2026-06-19 13:48:11,776 - __main__ - INFO - [Phase D-3] artifact 抽出完了 (engine_1_C): 9 features (group_6b_momentum_extended)
2026-06-19 13:48:11,840 - __main__ - INFO - グループ処理開始: group_7_moving_averages (15個の特徴量)
2026-06-19 13:48:11,840 - __main__ - INFO - グループ計算開始: group_7_moving_averages
2026-06-19 13:48:11,841 - __main__ - INFO - 移動平均線特徴量計算開始
2026-06-19 13:48:11,842 - __main__ - INFO - 移動平均線特徴量計算完了: 39個
2026-06-19 13:48:11,843 - __main__ - INFO - 品質保証システム適用開始 (EWMベース, timeframe=M1)
2026-06-19 13:48:11,844 - __main__ - INFO - 品質保証適用: 15個の特徴量 (timeframe=M1)
2026-06-19 13:48:11,846 - __main__ - INFO - 品質保証適用完了: 15列
2026-06-19 13:48:11,846 - __main__ - INFO - グループ計算完了: group_7_moving_averages - 19個の特徴量
2026-06-19 13:48:12,893 - __main__ - INFO - [Phase D-3] artifact 抽出完了 (engine_1_C): 15 features (group_7_moving_averages)
2026-06-19 13:48:12,963 - __main__ - INFO - グループ処理開始: group_8_advanced (14個の特徴量)
2026-06-19 13:48:12,963 - __main__ - INFO - グループ計算開始: group_8_advanced
2026-06-19 13:48:12,964 - __main__ - INFO - 高度な指標特徴量計算開始
2026-06-19 13:48:12,965 - __main__ - INFO - 高度な指標特徴量計算完了: 14個
2026-06-19 13:48:12,966 - __main__ - INFO - 品質保証システム適用開始 (EWMベース, timeframe=M1)
2026-06-19 13:48:12,967 - __main__ - INFO - 品質保証適用: 14個の特徴量 (timeframe=M1)
2026-06-19 13:48:12,968 - __main__ - INFO - 品質保証適用完了: 14列
2026-06-19 13:48:12,969 - __main__ - INFO - グループ計算完了: group_8_advanced - 15個の特徴量
2026-06-19 13:48:14,011 - __main__ - INFO - [Phase D-3] artifact 抽出完了 (engine_1_C): 14 features (group_8_advanced)
2026-06-19 13:48:14,075 - __main__ - INFO - グループ処理開始: group_9_moving_extended (24個の特徴量)
2026-06-19 13:48:14,076 - __main__ - INFO - グループ計算開始: group_9_moving_extended
2026-06-19 13:48:14,076 - __main__ - INFO - 移動平均線特徴量計算開始
2026-06-19 13:48:14,078 - __main__ - INFO - 移動平均線特徴量計算完了: 39個
2026-06-19 13:48:14,079 - __main__ - INFO - 品質保証システム適用開始 (EWMベース, timeframe=M1)
2026-06-19 13:48:14,080 - __main__ - INFO - 品質保証適用: 24個の特徴量 (timeframe=M1)
2026-06-19 13:48:14,081 - __main__ - INFO - 品質保証適用完了: 24列
2026-06-19 13:48:14,082 - __main__ - INFO - グループ計算完了: group_9_moving_extended - 30個の特徴量
2026-06-19 13:48:15,846 - __main__ - INFO - [Phase D-3] artifact 抽出完了 (engine_1_C): 24 features (group_9_moving_extended)
2026-06-19 13:48:15,917 - __main__ - INFO - 全グループ計算完了。ファイルの結合を開始します...
2026-06-19 13:48:16,750 - __main__ - INFO - NaN埋め処理完了: 184個の特徴量 (basic=7, ホワイトリスト方式)
2026-06-19 13:48:17,339 - __main__ - INFO - 保存完了: features_e1c_M1.parquet (106.66MB, 0.58秒)
2026-06-19 13:48:17,339 - __main__ - INFO - === 通常処理完了: M1 - 16.72秒 ===
2026-06-19 13:48:17,341 - __main__ - INFO - === 通常処理開始: timeframe=M3 ===
2026-06-19 13:48:17,342 - __main__ - INFO - DataEngine初期化: /workspace/data/XAUUSD/stratum_1_base/master_processed
2026-06-19 13:48:17,343 - __main__ - INFO - 一時ディレクトリ作成: /tmp/features_e1c_88911vrt
2026-06-19 13:48:17,343 - __main__ - INFO - CalculationEngine初期化: e1c_
2026-06-19 13:48:17,348 - __main__ - INFO - OutputEngine初期化: /workspace/data/XAUUSD/stratum_2_features/feature_value_a_vast_universeC
2026-06-19 13:48:17,388 - __main__ - INFO - データサマリー: {'columns': ['timeframe', 'timestamp', 'open', 'high', 'low', 'close', 'volume', 'disc', 'log_return', 'rolling_volatility', 'rolling_avg_volume', 'price_direction', 'price_momentum', 'volume_ratio'], 'dtypes': {'timeframe': 'String', 'timestamp': "Datetime(time_unit='ns', time_zone=None)", 'open': 'Float64', 'high': 'Float64', 'low': 'Float64', 'close': 'Float64', 'volume': 'Int64', 'disc': 'Boolean', 'log_return': 'Float64', 'rolling_volatility': 'Float64', 'rolling_avg_volume': 'Float64', 'price_direction': 'Int8', 'price_momentum': 'Float64', 'volume_ratio': 'Float64'}, 'sample_rows': 1000, 'memory_usage_mb': 0.08504581451416016}
2026-06-19 13:48:17,406 - __main__ - INFO - グループ処理開始: group_1a_rsi_basic (4個の特徴量)
2026-06-19 13:48:17,406 - __main__ - INFO - グループ計算開始: group_1a_rsi_basic
2026-06-19 13:48:17,407 - __main__ - INFO - RSI特徴量計算開始
2026-06-19 13:48:17,408 - __main__ - INFO - RSI特徴量計算完了: 12個
2026-06-19 13:48:17,409 - __main__ - INFO - 品質保証システム適用開始 (EWMベース, timeframe=M3)
2026-06-19 13:48:17,410 - __main__ - INFO - 品質保証適用: 6個の特徴量 (timeframe=M3)
2026-06-19 13:48:17,411 - __main__ - INFO - 品質保証適用完了: 6列
2026-06-19 13:48:17,411 - __main__ - INFO - グループ計算完了: group_1a_rsi_basic - 6個の特徴量
2026-06-19 13:48:17,619 - __main__ - INFO - [Phase D-3] artifact 抽出完了 (engine_1_C): 6 features (group_1a_rsi_basic)
2026-06-19 13:48:17,668 - __main__ - INFO - グループ処理開始: group_1b_rsi_extended (4個の特徴量)
2026-06-19 13:48:17,669 - __main__ - INFO - グループ計算開始: group_1b_rsi_extended
2026-06-19 13:48:17,669 - __main__ - INFO - RSI特徴量計算開始
2026-06-19 13:48:17,670 - __main__ - INFO - RSI特徴量計算完了: 12個
2026-06-19 13:48:17,671 - __main__ - INFO - 品質保証システム適用開始 (EWMベース, timeframe=M3)
2026-06-19 13:48:17,671 - __main__ - INFO - 品質保証適用: 4個の特徴量 (timeframe=M3)
2026-06-19 13:48:17,672 - __main__ - INFO - 品質保証適用完了: 4列
2026-06-19 13:48:17,672 - __main__ - INFO - グループ計算完了: group_1b_rsi_extended - 4個の特徴量
2026-06-19 13:48:17,805 - __main__ - INFO - [Phase D-3] artifact 抽出完了 (engine_1_C): 4 features (group_1b_rsi_extended)
2026-06-19 13:48:17,853 - __main__ - INFO - グループ処理開始: group_1c_rsi_stochastic (2個の特徴量)
2026-06-19 13:48:17,853 - __main__ - INFO - グループ計算開始: group_1c_rsi_stochastic
2026-06-19 13:48:17,853 - __main__ - INFO - RSI特徴量計算開始
2026-06-19 13:48:17,854 - __main__ - INFO - RSI特徴量計算完了: 12個
2026-06-19 13:48:17,855 - __main__ - INFO - 品質保証システム適用開始 (EWMベース, timeframe=M3)
2026-06-19 13:48:17,855 - __main__ - INFO - 品質保証適用: 2個の特徴量 (timeframe=M3)
2026-06-19 13:48:17,856 - __main__ - INFO - 品質保証適用完了: 2列
2026-06-19 13:48:17,856 - __main__ - INFO - グループ計算完了: group_1c_rsi_stochastic - 2個の特徴量
2026-06-19 13:48:17,926 - __main__ - INFO - [Phase D-3] artifact 抽出完了 (engine_1_C): 2 features (group_1c_rsi_stochastic)
2026-06-19 13:48:17,973 - __main__ - INFO - グループ処理開始: group_1d_rsi_divergence (2個の特徴量)
2026-06-19 13:48:17,973 - __main__ - INFO - グループ計算開始: group_1d_rsi_divergence
2026-06-19 13:48:17,974 - __main__ - INFO - RSI特徴量計算開始
2026-06-19 13:48:17,975 - __main__ - INFO - RSI特徴量計算完了: 12個
2026-06-19 13:48:17,975 - __main__ - INFO - 品質保証システム適用開始 (EWMベース, timeframe=M3)
2026-06-19 13:48:17,976 - __main__ - INFO - 品質保証適用: 2個の特徴量 (timeframe=M3)
2026-06-19 13:48:17,976 - __main__ - INFO - 品質保証適用完了: 2列
2026-06-19 13:48:17,977 - __main__ - INFO - グループ計算完了: group_1d_rsi_divergence - 2個の特徴量
2026-06-19 13:48:18,051 - __main__ - INFO - [Phase D-3] artifact 抽出完了 (engine_1_C): 2 features (group_1d_rsi_divergence)
2026-06-19 13:48:18,098 - __main__ - INFO - グループ処理開始: group_2a_macd_standard (3個の特徴量)
2026-06-19 13:48:18,099 - __main__ - INFO - グループ計算開始: group_2a_macd_standard
2026-06-19 13:48:18,099 - __main__ - INFO - MACD特徴量計算開始
2026-06-19 13:48:18,100 - __main__ - INFO - MACD特徴量計算完了: 9個
2026-06-19 13:48:18,100 - __main__ - INFO - 品質保証システム適用開始 (EWMベース, timeframe=M3)
2026-06-19 13:48:18,101 - __main__ - INFO - 品質保証適用: 3個の特徴量 (timeframe=M3)
2026-06-19 13:48:18,101 - __main__ - INFO - 品質保証適用完了: 3列
2026-06-19 13:48:18,102 - __main__ - INFO - グループ計算完了: group_2a_macd_standard - 3個の特徴量
2026-06-19 13:48:18,195 - __main__ - INFO - [Phase D-3] artifact 抽出完了 (engine_1_C): 3 features (group_2a_macd_standard)
2026-06-19 13:48:18,239 - __main__ - INFO - グループ処理開始: group_2b_macd_variants (6個の特徴量)
2026-06-19 13:48:18,240 - __main__ - INFO - グループ計算開始: group_2b_macd_variants
2026-06-19 13:48:18,240 - __main__ - INFO - MACD特徴量計算開始
2026-06-19 13:48:18,240 - __main__ - INFO - MACD特徴量計算完了: 9個
2026-06-19 13:48:18,241 - __main__ - INFO - 品質保証システム適用開始 (EWMベース, timeframe=M3)
2026-06-19 13:48:18,242 - __main__ - INFO - 品質保証適用: 6個の特徴量 (timeframe=M3)
2026-06-19 13:48:18,243 - __main__ - INFO - 品質保証適用完了: 6列
2026-06-19 13:48:18,243 - __main__ - INFO - グループ計算完了: group_2b_macd_variants - 6個の特徴量
2026-06-19 13:48:18,419 - __main__ - INFO - [Phase D-3] artifact 抽出完了 (engine_1_C): 6 features (group_2b_macd_variants)
2026-06-19 13:48:18,468 - __main__ - INFO - グループ処理開始: group_3a_bb_20 (10個の特徴量)
2026-06-19 13:48:18,469 - __main__ - INFO - グループ計算開始: group_3a_bb_20
2026-06-19 13:48:18,469 - __main__ - INFO - ボリンジャーバンド特徴量計算開始
2026-06-19 13:48:18,470 - __main__ - INFO - ボリンジャーバンド特徴量計算完了: 54個
2026-06-19 13:48:18,472 - __main__ - INFO - 品質保証システム適用開始 (EWMベース, timeframe=M3)
2026-06-19 13:48:18,473 - __main__ - INFO - 品質保証適用: 14個の特徴量 (timeframe=M3)
2026-06-19 13:48:18,474 - __main__ - INFO - 品質保証適用完了: 14列
2026-06-19 13:48:18,475 - __main__ - INFO - グループ計算完了: group_3a_bb_20 - 16個の特徴量
2026-06-19 13:48:18,981 - __main__ - INFO - [Phase D-3] artifact 抽出完了 (engine_1_C): 14 features (group_3a_bb_20)
2026-06-19 13:48:19,033 - __main__ - INFO - グループ処理開始: group_3b_bb_30_50 (26個の特徴量)
2026-06-19 13:48:19,034 - __main__ - INFO - グループ計算開始: group_3b_bb_30_50
2026-06-19 13:48:19,034 - __main__ - INFO - ボリンジャーバンド特徴量計算開始
2026-06-19 13:48:19,036 - __main__ - INFO - ボリンジャーバンド特徴量計算完了: 54個
2026-06-19 13:48:19,037 - __main__ - INFO - 品質保証システム適用開始 (EWMベース, timeframe=M3)
2026-06-19 13:48:19,039 - __main__ - INFO - 品質保証適用: 30個の特徴量 (timeframe=M3)
2026-06-19 13:48:19,041 - __main__ - INFO - 品質保証適用完了: 30列
2026-06-19 13:48:19,041 - __main__ - INFO - グループ計算完了: group_3b_bb_30_50 - 38個の特徴量
2026-06-19 13:48:20,250 - __main__ - INFO - [Phase D-3] artifact 抽出完了 (engine_1_C): 30 features (group_3b_bb_30_50)
2026-06-19 13:48:20,305 - __main__ - INFO - グループ処理開始: group_3c_bb_variants (6個の特徴量)
2026-06-19 13:48:20,305 - __main__ - INFO - グループ計算開始: group_3c_bb_variants
2026-06-19 13:48:20,306 - __main__ - INFO - ボリンジャーバンド特徴量計算開始
2026-06-19 13:48:20,307 - __main__ - INFO - ボリンジャーバンド特徴量計算完了: 54個
2026-06-19 13:48:20,309 - __main__ - INFO - 品質保証システム適用開始 (EWMベース, timeframe=M3)
2026-06-19 13:48:20,310 - __main__ - INFO - 品質保証適用: 6個の特徴量 (timeframe=M3)
2026-06-19 13:48:20,311 - __main__ - INFO - 品質保証適用完了: 6列
2026-06-19 13:48:20,312 - __main__ - INFO - グループ計算完了: group_3c_bb_variants - 6個の特徴量
2026-06-19 13:48:20,520 - __main__ - INFO - [Phase D-3] artifact 抽出完了 (engine_1_C): 6 features (group_3c_bb_variants)
2026-06-19 13:48:20,568 - __main__ - INFO - グループ処理開始: group_4a_atr_basic (4個の特徴量)
2026-06-19 13:48:20,569 - __main__ - INFO - グループ計算開始: group_4a_atr_basic
2026-06-19 13:48:20,569 - __main__ - INFO - ATR特徴量計算開始
2026-06-19 13:48:20,570 - __main__ - INFO - ATR特徴量計算完了: 16個
2026-06-19 13:48:20,571 - __main__ - INFO - 品質保証システム適用開始 (EWMベース, timeframe=M3)
2026-06-19 13:48:20,572 - __main__ - INFO - 品質保証適用: 4個の特徴量 (timeframe=M3)
2026-06-19 13:48:20,572 - __main__ - INFO - 品質保証適用完了: 4列
2026-06-19 13:48:20,573 - __main__ - INFO - グループ計算完了: group_4a_atr_basic - 4個の特徴量
2026-06-19 13:48:20,690 - __main__ - INFO - [Phase D-3] artifact 抽出完了 (engine_1_C): 4 features (group_4a_atr_basic)
2026-06-19 13:48:20,740 - __main__ - INFO - グループ処理開始: group_4b_atr_extended (12個の特徴量)
2026-06-19 13:48:20,741 - __main__ - INFO - グループ計算開始: group_4b_atr_extended
2026-06-19 13:48:20,741 - __main__ - INFO - ATR特徴量計算開始
2026-06-19 13:48:20,742 - __main__ - INFO - ATR特徴量計算完了: 16個
2026-06-19 13:48:20,743 - __main__ - INFO - 品質保証システム適用開始 (EWMベース, timeframe=M3)
2026-06-19 13:48:20,743 - __main__ - INFO - 品質保証適用: 12個の特徴量 (timeframe=M3)
2026-06-19 13:48:20,744 - __main__ - INFO - 品質保証適用完了: 12列
2026-06-19 13:48:20,745 - __main__ - INFO - グループ計算完了: group_4b_atr_extended - 12個の特徴量
2026-06-19 13:48:21,130 - __main__ - INFO - [Phase D-3] artifact 抽出完了 (engine_1_C): 12 features (group_4b_atr_extended)
2026-06-19 13:48:21,180 - __main__ - INFO - グループ処理開始: group_5a_oscillators_basic (9個の特徴量)
2026-06-19 13:48:21,181 - __main__ - INFO - グループ計算開始: group_5a_oscillators_basic
2026-06-19 13:48:21,181 - __main__ - INFO - オシレーター特徴量計算開始
2026-06-19 13:48:21,182 - __main__ - INFO - オシレーター特徴量計算完了: 30個
2026-06-19 13:48:21,183 - __main__ - INFO - 品質保証システム適用開始 (EWMベース, timeframe=M3)
2026-06-19 13:48:21,183 - __main__ - INFO - 品質保証適用: 9個の特徴量 (timeframe=M3)
2026-06-19 13:48:21,184 - __main__ - INFO - 品質保証適用完了: 9列
2026-06-19 13:48:21,184 - __main__ - INFO - グループ計算完了: group_5a_oscillators_basic - 9個の特徴量
2026-06-19 13:48:21,473 - __main__ - INFO - [Phase D-3] artifact 抽出完了 (engine_1_C): 9 features (group_5a_oscillators_basic)
2026-06-19 13:48:21,521 - __main__ - INFO - グループ処理開始: group_5b_oscillators_extended (21個の特徴量)
2026-06-19 13:48:21,521 - __main__ - INFO - グループ計算開始: group_5b_oscillators_extended
2026-06-19 13:48:21,522 - __main__ - INFO - オシレーター特徴量計算開始
2026-06-19 13:48:21,523 - __main__ - INFO - オシレーター特徴量計算完了: 30個
2026-06-19 13:48:21,523 - __main__ - INFO - 品質保証システム適用開始 (EWMベース, timeframe=M3)
2026-06-19 13:48:21,524 - __main__ - INFO - 品質保証適用: 21個の特徴量 (timeframe=M3)
2026-06-19 13:48:21,526 - __main__ - INFO - 品質保証適用完了: 21列
2026-06-19 13:48:21,527 - __main__ - INFO - グループ計算完了: group_5b_oscillators_extended - 21個の特徴量
2026-06-19 13:48:22,224 - __main__ - INFO - [Phase D-3] artifact 抽出完了 (engine_1_C): 21 features (group_5b_oscillators_extended)
2026-06-19 13:48:22,275 - __main__ - INFO - グループ処理開始: group_6a_momentum_basic (8個の特徴量)
2026-06-19 13:48:22,275 - __main__ - INFO - グループ計算開始: group_6a_momentum_basic
2026-06-19 13:48:22,276 - __main__ - INFO - モメンタム特徴量計算開始
2026-06-19 13:48:22,277 - __main__ - INFO - モメンタム特徴量計算完了: 17個
2026-06-19 13:48:22,277 - __main__ - INFO - 品質保証システム適用開始 (EWMベース, timeframe=M3)
2026-06-19 13:48:22,278 - __main__ - INFO - 品質保証適用: 8個の特徴量 (timeframe=M3)
2026-06-19 13:48:22,279 - __main__ - INFO - 品質保証適用完了: 8列
2026-06-19 13:48:22,279 - __main__ - INFO - グループ計算完了: group_6a_momentum_basic - 8個の特徴量
2026-06-19 13:48:22,532 - __main__ - INFO - [Phase D-3] artifact 抽出完了 (engine_1_C): 8 features (group_6a_momentum_basic)
2026-06-19 13:48:22,582 - __main__ - INFO - グループ処理開始: group_6b_momentum_extended (9個の特徴量)
2026-06-19 13:48:22,582 - __main__ - INFO - グループ計算開始: group_6b_momentum_extended
2026-06-19 13:48:22,583 - __main__ - INFO - モメンタム特徴量計算開始
2026-06-19 13:48:22,584 - __main__ - INFO - モメンタム特徴量計算完了: 17個
2026-06-19 13:48:22,584 - __main__ - INFO - 品質保証システム適用開始 (EWMベース, timeframe=M3)
2026-06-19 13:48:22,585 - __main__ - INFO - 品質保証適用: 9個の特徴量 (timeframe=M3)
2026-06-19 13:48:22,586 - __main__ - INFO - 品質保証適用完了: 9列
2026-06-19 13:48:22,586 - __main__ - INFO - グループ計算完了: group_6b_momentum_extended - 9個の特徴量
2026-06-19 13:48:22,909 - __main__ - INFO - [Phase D-3] artifact 抽出完了 (engine_1_C): 9 features (group_6b_momentum_extended)
2026-06-19 13:48:22,957 - __main__ - INFO - グループ処理開始: group_7_moving_averages (15個の特徴量)
2026-06-19 13:48:22,958 - __main__ - INFO - グループ計算開始: group_7_moving_averages
2026-06-19 13:48:22,958 - __main__ - INFO - 移動平均線特徴量計算開始
2026-06-19 13:48:22,959 - __main__ - INFO - 移動平均線特徴量計算完了: 39個
2026-06-19 13:48:22,960 - __main__ - INFO - 品質保証システム適用開始 (EWMベース, timeframe=M3)
2026-06-19 13:48:22,961 - __main__ - INFO - 品質保証適用: 15個の特徴量 (timeframe=M3)
2026-06-19 13:48:22,962 - __main__ - INFO - 品質保証適用完了: 15列
2026-06-19 13:48:22,963 - __main__ - INFO - グループ計算完了: group_7_moving_averages - 19個の特徴量
2026-06-19 13:48:23,439 - __main__ - INFO - [Phase D-3] artifact 抽出完了 (engine_1_C): 15 features (group_7_moving_averages)
2026-06-19 13:48:23,489 - __main__ - INFO - グループ処理開始: group_8_advanced (14個の特徴量)
2026-06-19 13:48:23,490 - __main__ - INFO - グループ計算開始: group_8_advanced
2026-06-19 13:48:23,490 - __main__ - INFO - 高度な指標特徴量計算開始
2026-06-19 13:48:23,491 - __main__ - INFO - 高度な指標特徴量計算完了: 14個
2026-06-19 13:48:23,493 - __main__ - INFO - 品質保証システム適用開始 (EWMベース, timeframe=M3)
2026-06-19 13:48:23,494 - __main__ - INFO - 品質保証適用: 14個の特徴量 (timeframe=M3)
2026-06-19 13:48:23,495 - __main__ - INFO - 品質保証適用完了: 14列
2026-06-19 13:48:23,496 - __main__ - INFO - グループ計算完了: group_8_advanced - 15個の特徴量
2026-06-19 13:48:24,029 - __main__ - INFO - [Phase D-3] artifact 抽出完了 (engine_1_C): 14 features (group_8_advanced)
2026-06-19 13:48:24,084 - __main__ - INFO - グループ処理開始: group_9_moving_extended (24個の特徴量)
2026-06-19 13:48:24,084 - __main__ - INFO - グループ計算開始: group_9_moving_extended
2026-06-19 13:48:24,085 - __main__ - INFO - 移動平均線特徴量計算開始
2026-06-19 13:48:24,086 - __main__ - INFO - 移動平均線特徴量計算完了: 39個
2026-06-19 13:48:24,087 - __main__ - INFO - 品質保証システム適用開始 (EWMベース, timeframe=M3)
2026-06-19 13:48:24,088 - __main__ - INFO - 品質保証適用: 24個の特徴量 (timeframe=M3)
2026-06-19 13:48:24,090 - __main__ - INFO - 品質保証適用完了: 24列
2026-06-19 13:48:24,090 - __main__ - INFO - グループ計算完了: group_9_moving_extended - 30個の特徴量
2026-06-19 13:48:24,923 - __main__ - INFO - [Phase D-3] artifact 抽出完了 (engine_1_C): 24 features (group_9_moving_extended)
2026-06-19 13:48:24,983 - __main__ - INFO - 全グループ計算完了。ファイルの結合を開始します...
2026-06-19 13:48:25,731 - __main__ - INFO - NaN埋め処理完了: 184個の特徴量 (basic=7, ホワイトリスト方式)
2026-06-19 13:48:25,972 - __main__ - INFO - 保存完了: features_e1c_M3.parquet (35.66MB, 0.24秒)
2026-06-19 13:48:25,973 - __main__ - INFO - === 通常処理完了: M3 - 8.63秒 ===
2026-06-19 13:48:25,974 - __main__ - INFO - === 通常処理開始: timeframe=M5 ===
2026-06-19 13:48:25,975 - __main__ - INFO - DataEngine初期化: /workspace/data/XAUUSD/stratum_1_base/master_processed
2026-06-19 13:48:25,976 - __main__ - INFO - 一時ディレクトリ作成: /tmp/features_e1c_f2_b9rkl
2026-06-19 13:48:25,976 - __main__ - INFO - CalculationEngine初期化: e1c_
2026-06-19 13:48:25,982 - __main__ - INFO - OutputEngine初期化: /workspace/data/XAUUSD/stratum_2_features/feature_value_a_vast_universeC
2026-06-19 13:48:26,018 - __main__ - INFO - データサマリー: {'columns': ['timeframe', 'timestamp', 'open', 'high', 'low', 'close', 'volume', 'disc', 'log_return', 'rolling_volatility', 'rolling_avg_volume', 'price_direction', 'price_momentum', 'volume_ratio'], 'dtypes': {'timeframe': 'String', 'timestamp': "Datetime(time_unit='ns', time_zone=None)", 'open': 'Float64', 'high': 'Float64', 'low': 'Float64', 'close': 'Float64', 'volume': 'Int64', 'disc': 'Boolean', 'log_return': 'Float64', 'rolling_volatility': 'Float64', 'rolling_avg_volume': 'Float64', 'price_direction': 'Int8', 'price_momentum': 'Float64', 'volume_ratio': 'Float64'}, 'sample_rows': 1000, 'memory_usage_mb': 0.08504581451416016}
2026-06-19 13:48:26,033 - __main__ - INFO - グループ処理開始: group_1a_rsi_basic (4個の特徴量)
2026-06-19 13:48:26,033 - __main__ - INFO - グループ計算開始: group_1a_rsi_basic
2026-06-19 13:48:26,033 - __main__ - INFO - RSI特徴量計算開始
2026-06-19 13:48:26,034 - __main__ - INFO - RSI特徴量計算完了: 12個
2026-06-19 13:48:26,034 - __main__ - INFO - 品質保証システム適用開始 (EWMベース, timeframe=M5)
2026-06-19 13:48:26,035 - __main__ - INFO - 品質保証適用: 6個の特徴量 (timeframe=M5)
2026-06-19 13:48:26,036 - __main__ - INFO - 品質保証適用完了: 6列
2026-06-19 13:48:26,036 - __main__ - INFO - グループ計算完了: group_1a_rsi_basic - 6個の特徴量
2026-06-19 13:48:26,204 - __main__ - INFO - [Phase D-3] artifact 抽出完了 (engine_1_C): 6 features (group_1a_rsi_basic)
2026-06-19 13:48:26,257 - __main__ - INFO - グループ処理開始: group_1b_rsi_extended (4個の特徴量)
2026-06-19 13:48:26,258 - __main__ - INFO - グループ計算開始: group_1b_rsi_extended
2026-06-19 13:48:26,258 - __main__ - INFO - RSI特徴量計算開始
2026-06-19 13:48:26,259 - __main__ - INFO - RSI特徴量計算完了: 12個
2026-06-19 13:48:26,260 - __main__ - INFO - 品質保証システム適用開始 (EWMベース, timeframe=M5)
2026-06-19 13:48:26,260 - __main__ - INFO - 品質保証適用: 4個の特徴量 (timeframe=M5)
2026-06-19 13:48:26,261 - __main__ - INFO - 品質保証適用完了: 4列
2026-06-19 13:48:26,261 - __main__ - INFO - グループ計算完了: group_1b_rsi_extended - 4個の特徴量
2026-06-19 13:48:26,375 - __main__ - INFO - [Phase D-3] artifact 抽出完了 (engine_1_C): 4 features (group_1b_rsi_extended)
2026-06-19 13:48:26,432 - __main__ - INFO - グループ処理開始: group_1c_rsi_stochastic (2個の特徴量)
2026-06-19 13:48:26,432 - __main__ - INFO - グループ計算開始: group_1c_rsi_stochastic
2026-06-19 13:48:26,432 - __main__ - INFO - RSI特徴量計算開始
2026-06-19 13:48:26,433 - __main__ - INFO - RSI特徴量計算完了: 12個
2026-06-19 13:48:26,434 - __main__ - INFO - 品質保証システム適用開始 (EWMベース, timeframe=M5)
2026-06-19 13:48:26,434 - __main__ - INFO - 品質保証適用: 2個の特徴量 (timeframe=M5)
2026-06-19 13:48:26,435 - __main__ - INFO - 品質保証適用完了: 2列
2026-06-19 13:48:26,435 - __main__ - INFO - グループ計算完了: group_1c_rsi_stochastic - 2個の特徴量
2026-06-19 13:48:26,488 - __main__ - INFO - [Phase D-3] artifact 抽出完了 (engine_1_C): 2 features (group_1c_rsi_stochastic)
2026-06-19 13:48:26,543 - __main__ - INFO - グループ処理開始: group_1d_rsi_divergence (2個の特徴量)
2026-06-19 13:48:26,544 - __main__ - INFO - グループ計算開始: group_1d_rsi_divergence
2026-06-19 13:48:26,544 - __main__ - INFO - RSI特徴量計算開始
2026-06-19 13:48:26,545 - __main__ - INFO - RSI特徴量計算完了: 12個
2026-06-19 13:48:26,545 - __main__ - INFO - 品質保証システム適用開始 (EWMベース, timeframe=M5)
2026-06-19 13:48:26,546 - __main__ - INFO - 品質保証適用: 2個の特徴量 (timeframe=M5)
2026-06-19 13:48:26,546 - __main__ - INFO - 品質保証適用完了: 2列
2026-06-19 13:48:26,546 - __main__ - INFO - グループ計算完了: group_1d_rsi_divergence - 2個の特徴量
2026-06-19 13:48:26,609 - __main__ - INFO - [Phase D-3] artifact 抽出完了 (engine_1_C): 2 features (group_1d_rsi_divergence)
2026-06-19 13:48:26,667 - __main__ - INFO - グループ処理開始: group_2a_macd_standard (3個の特徴量)
2026-06-19 13:48:26,667 - __main__ - INFO - グループ計算開始: group_2a_macd_standard
2026-06-19 13:48:26,668 - __main__ - INFO - MACD特徴量計算開始
2026-06-19 13:48:26,668 - __main__ - INFO - MACD特徴量計算完了: 9個
2026-06-19 13:48:26,669 - __main__ - INFO - 品質保証システム適用開始 (EWMベース, timeframe=M5)
2026-06-19 13:48:26,670 - __main__ - INFO - 品質保証適用: 3個の特徴量 (timeframe=M5)
2026-06-19 13:48:26,670 - __main__ - INFO - 品質保証適用完了: 3列
2026-06-19 13:48:26,671 - __main__ - INFO - グループ計算完了: group_2a_macd_standard - 3個の特徴量
2026-06-19 13:48:26,752 - __main__ - INFO - [Phase D-3] artifact 抽出完了 (engine_1_C): 3 features (group_2a_macd_standard)
2026-06-19 13:48:26,804 - __main__ - INFO - グループ処理開始: group_2b_macd_variants (6個の特徴量)
2026-06-19 13:48:26,804 - __main__ - INFO - グループ計算開始: group_2b_macd_variants
2026-06-19 13:48:26,804 - __main__ - INFO - MACD特徴量計算開始
2026-06-19 13:48:26,805 - __main__ - INFO - MACD特徴量計算完了: 9個
2026-06-19 13:48:26,806 - __main__ - INFO - 品質保証システム適用開始 (EWMベース, timeframe=M5)
2026-06-19 13:48:26,807 - __main__ - INFO - 品質保証適用: 6個の特徴量 (timeframe=M5)
2026-06-19 13:48:26,809 - __main__ - INFO - 品質保証適用完了: 6列
2026-06-19 13:48:26,809 - __main__ - INFO - グループ計算完了: group_2b_macd_variants - 6個の特徴量
2026-06-19 13:48:26,959 - __main__ - INFO - [Phase D-3] artifact 抽出完了 (engine_1_C): 6 features (group_2b_macd_variants)
2026-06-19 13:48:27,010 - __main__ - INFO - グループ処理開始: group_3a_bb_20 (10個の特徴量)
2026-06-19 13:48:27,010 - __main__ - INFO - グループ計算開始: group_3a_bb_20
2026-06-19 13:48:27,011 - __main__ - INFO - ボリンジャーバンド特徴量計算開始
2026-06-19 13:48:27,012 - __main__ - INFO - ボリンジャーバンド特徴量計算完了: 54個
2026-06-19 13:48:27,013 - __main__ - INFO - 品質保証システム適用開始 (EWMベース, timeframe=M5)
2026-06-19 13:48:27,015 - __main__ - INFO - 品質保証適用: 14個の特徴量 (timeframe=M5)
2026-06-19 13:48:27,016 - __main__ - INFO - 品質保証適用完了: 14列
2026-06-19 13:48:27,017 - __main__ - INFO - グループ計算完了: group_3a_bb_20 - 16個の特徴量
2026-06-19 13:48:27,409 - __main__ - INFO - [Phase D-3] artifact 抽出完了 (engine_1_C): 14 features (group_3a_bb_20)
2026-06-19 13:48:27,461 - __main__ - INFO - グループ処理開始: group_3b_bb_30_50 (26個の特徴量)
2026-06-19 13:48:27,461 - __main__ - INFO - グループ計算開始: group_3b_bb_30_50
2026-06-19 13:48:27,462 - __main__ - INFO - ボリンジャーバンド特徴量計算開始
2026-06-19 13:48:27,463 - __main__ - INFO - ボリンジャーバンド特徴量計算完了: 54個
2026-06-19 13:48:27,465 - __main__ - INFO - 品質保証システム適用開始 (EWMベース, timeframe=M5)
2026-06-19 13:48:27,466 - __main__ - INFO - 品質保証適用: 30個の特徴量 (timeframe=M5)
2026-06-19 13:48:27,468 - __main__ - INFO - 品質保証適用完了: 30列
2026-06-19 13:48:27,469 - __main__ - INFO - グループ計算完了: group_3b_bb_30_50 - 38個の特徴量
2026-06-19 13:48:28,404 - __main__ - INFO - [Phase D-3] artifact 抽出完了 (engine_1_C): 30 features (group_3b_bb_30_50)
2026-06-19 13:48:28,460 - __main__ - INFO - グループ処理開始: group_3c_bb_variants (6個の特徴量)
2026-06-19 13:48:28,461 - __main__ - INFO - グループ計算開始: group_3c_bb_variants
2026-06-19 13:48:28,461 - __main__ - INFO - ボリンジャーバンド特徴量計算開始
2026-06-19 13:48:28,462 - __main__ - INFO - ボリンジャーバンド特徴量計算完了: 54個
2026-06-19 13:48:28,464 - __main__ - INFO - 品質保証システム適用開始 (EWMベース, timeframe=M5)
2026-06-19 13:48:28,465 - __main__ - INFO - 品質保証適用: 6個の特徴量 (timeframe=M5)
2026-06-19 13:48:28,467 - __main__ - INFO - 品質保証適用完了: 6列
2026-06-19 13:48:28,467 - __main__ - INFO - グループ計算完了: group_3c_bb_variants - 6個の特徴量
2026-06-19 13:48:28,631 - __main__ - INFO - [Phase D-3] artifact 抽出完了 (engine_1_C): 6 features (group_3c_bb_variants)
2026-06-19 13:48:28,679 - __main__ - INFO - グループ処理開始: group_4a_atr_basic (4個の特徴量)
2026-06-19 13:48:28,680 - __main__ - INFO - グループ計算開始: group_4a_atr_basic
2026-06-19 13:48:28,680 - __main__ - INFO - ATR特徴量計算開始
2026-06-19 13:48:28,681 - __main__ - INFO - ATR特徴量計算完了: 16個
2026-06-19 13:48:28,682 - __main__ - INFO - 品質保証システム適用開始 (EWMベース, timeframe=M5)
2026-06-19 13:48:28,682 - __main__ - INFO - 品質保証適用: 4個の特徴量 (timeframe=M5)
2026-06-19 13:48:28,683 - __main__ - INFO - 品質保証適用完了: 4列
2026-06-19 13:48:28,683 - __main__ - INFO - グループ計算完了: group_4a_atr_basic - 4個の特徴量
2026-06-19 13:48:28,772 - __main__ - INFO - [Phase D-3] artifact 抽出完了 (engine_1_C): 4 features (group_4a_atr_basic)
2026-06-19 13:48:28,818 - __main__ - INFO - グループ処理開始: group_4b_atr_extended (12個の特徴量)
2026-06-19 13:48:28,818 - __main__ - INFO - グループ計算開始: group_4b_atr_extended
2026-06-19 13:48:28,819 - __main__ - INFO - ATR特徴量計算開始
2026-06-19 13:48:28,820 - __main__ - INFO - ATR特徴量計算完了: 16個
2026-06-19 13:48:28,820 - __main__ - INFO - 品質保証システム適用開始 (EWMベース, timeframe=M5)
2026-06-19 13:48:28,821 - __main__ - INFO - 品質保証適用: 12個の特徴量 (timeframe=M5)
2026-06-19 13:48:28,822 - __main__ - INFO - 品質保証適用完了: 12列
2026-06-19 13:48:28,823 - __main__ - INFO - グループ計算完了: group_4b_atr_extended - 12個の特徴量
2026-06-19 13:48:29,116 - __main__ - INFO - [Phase D-3] artifact 抽出完了 (engine_1_C): 12 features (group_4b_atr_extended)
2026-06-19 13:48:29,163 - __main__ - INFO - グループ処理開始: group_5a_oscillators_basic (9個の特徴量)
2026-06-19 13:48:29,163 - __main__ - INFO - グループ計算開始: group_5a_oscillators_basic
2026-06-19 13:48:29,164 - __main__ - INFO - オシレーター特徴量計算開始
2026-06-19 13:48:29,165 - __main__ - INFO - オシレーター特徴量計算完了: 30個
2026-06-19 13:48:29,165 - __main__ - INFO - 品質保証システム適用開始 (EWMベース, timeframe=M5)
2026-06-19 13:48:29,166 - __main__ - INFO - 品質保証適用: 9個の特徴量 (timeframe=M5)
2026-06-19 13:48:29,167 - __main__ - INFO - 品質保証適用完了: 9列
2026-06-19 13:48:29,167 - __main__ - INFO - グループ計算完了: group_5a_oscillators_basic - 9個の特徴量
2026-06-19 13:48:29,390 - __main__ - INFO - [Phase D-3] artifact 抽出完了 (engine_1_C): 9 features (group_5a_oscillators_basic)
2026-06-19 13:48:29,447 - __main__ - INFO - グループ処理開始: group_5b_oscillators_extended (21個の特徴量)
2026-06-19 13:48:29,447 - __main__ - INFO - グループ計算開始: group_5b_oscillators_extended
2026-06-19 13:48:29,447 - __main__ - INFO - オシレーター特徴量計算開始
2026-06-19 13:48:29,448 - __main__ - INFO - オシレーター特徴量計算完了: 30個
2026-06-19 13:48:29,449 - __main__ - INFO - 品質保証システム適用開始 (EWMベース, timeframe=M5)
2026-06-19 13:48:29,450 - __main__ - INFO - 品質保証適用: 21個の特徴量 (timeframe=M5)
2026-06-19 13:48:29,452 - __main__ - INFO - 品質保証適用完了: 21列
2026-06-19 13:48:29,452 - __main__ - INFO - グループ計算完了: group_5b_oscillators_extended - 21個の特徴量
2026-06-19 13:48:30,010 - __main__ - INFO - [Phase D-3] artifact 抽出完了 (engine_1_C): 21 features (group_5b_oscillators_extended)
2026-06-19 13:48:30,068 - __main__ - INFO - グループ処理開始: group_6a_momentum_basic (8個の特徴量)
2026-06-19 13:48:30,068 - __main__ - INFO - グループ計算開始: group_6a_momentum_basic
2026-06-19 13:48:30,069 - __main__ - INFO - モメンタム特徴量計算開始
2026-06-19 13:48:30,069 - __main__ - INFO - モメンタム特徴量計算完了: 17個
2026-06-19 13:48:30,070 - __main__ - INFO - 品質保証システム適用開始 (EWMベース, timeframe=M5)
2026-06-19 13:48:30,070 - __main__ - INFO - 品質保証適用: 8個の特徴量 (timeframe=M5)
2026-06-19 13:48:30,071 - __main__ - INFO - 品質保証適用完了: 8列
2026-06-19 13:48:30,072 - __main__ - INFO - グループ計算完了: group_6a_momentum_basic - 8個の特徴量
2026-06-19 13:48:30,263 - __main__ - INFO - [Phase D-3] artifact 抽出完了 (engine_1_C): 8 features (group_6a_momentum_basic)
2026-06-19 13:48:30,310 - __main__ - INFO - グループ処理開始: group_6b_momentum_extended (9個の特徴量)
2026-06-19 13:48:30,310 - __main__ - INFO - グループ計算開始: group_6b_momentum_extended
2026-06-19 13:48:30,311 - __main__ - INFO - モメンタム特徴量計算開始
2026-06-19 13:48:30,311 - __main__ - INFO - モメンタム特徴量計算完了: 17個
2026-06-19 13:48:30,312 - __main__ - INFO - 品質保証システム適用開始 (EWMベース, timeframe=M5)
2026-06-19 13:48:30,312 - __main__ - INFO - 品質保証適用: 9個の特徴量 (timeframe=M5)
2026-06-19 13:48:30,313 - __main__ - INFO - 品質保証適用完了: 9列
2026-06-19 13:48:30,314 - __main__ - INFO - グループ計算完了: group_6b_momentum_extended - 9個の特徴量
2026-06-19 13:48:30,575 - __main__ - INFO - [Phase D-3] artifact 抽出完了 (engine_1_C): 9 features (group_6b_momentum_extended)
2026-06-19 13:48:30,626 - __main__ - INFO - グループ処理開始: group_7_moving_averages (15個の特徴量)
2026-06-19 13:48:30,627 - __main__ - INFO - グループ計算開始: group_7_moving_averages
2026-06-19 13:48:30,627 - __main__ - INFO - 移動平均線特徴量計算開始
2026-06-19 13:48:30,628 - __main__ - INFO - 移動平均線特徴量計算完了: 39個
2026-06-19 13:48:30,629 - __main__ - INFO - 品質保証システム適用開始 (EWMベース, timeframe=M5)
2026-06-19 13:48:30,630 - __main__ - INFO - 品質保証適用: 15個の特徴量 (timeframe=M5)
2026-06-19 13:48:30,631 - __main__ - INFO - 品質保証適用完了: 15列
2026-06-19 13:48:30,632 - __main__ - INFO - グループ計算完了: group_7_moving_averages - 19個の特徴量
2026-06-19 13:48:30,996 - __main__ - INFO - [Phase D-3] artifact 抽出完了 (engine_1_C): 15 features (group_7_moving_averages)
2026-06-19 13:48:31,041 - __main__ - INFO - グループ処理開始: group_8_advanced (14個の特徴量)
2026-06-19 13:48:31,042 - __main__ - INFO - グループ計算開始: group_8_advanced
2026-06-19 13:48:31,042 - __main__ - INFO - 高度な指標特徴量計算開始
2026-06-19 13:48:31,043 - __main__ - INFO - 高度な指標特徴量計算完了: 14個
2026-06-19 13:48:31,044 - __main__ - INFO - 品質保証システム適用開始 (EWMベース, timeframe=M5)
2026-06-19 13:48:31,045 - __main__ - INFO - 品質保証適用: 14個の特徴量 (timeframe=M5)
2026-06-19 13:48:31,047 - __main__ - INFO - 品質保証適用完了: 14列
2026-06-19 13:48:31,047 - __main__ - INFO - グループ計算完了: group_8_advanced - 15個の特徴量
2026-06-19 13:48:31,460 - __main__ - INFO - [Phase D-3] artifact 抽出完了 (engine_1_C): 14 features (group_8_advanced)
2026-06-19 13:48:31,511 - __main__ - INFO - グループ処理開始: group_9_moving_extended (24個の特徴量)
2026-06-19 13:48:31,511 - __main__ - INFO - グループ計算開始: group_9_moving_extended
2026-06-19 13:48:31,512 - __main__ - INFO - 移動平均線特徴量計算開始
2026-06-19 13:48:31,513 - __main__ - INFO - 移動平均線特徴量計算完了: 39個
2026-06-19 13:48:31,514 - __main__ - INFO - 品質保証システム適用開始 (EWMベース, timeframe=M5)
2026-06-19 13:48:31,515 - __main__ - INFO - 品質保証適用: 24個の特徴量 (timeframe=M5)
2026-06-19 13:48:31,517 - __main__ - INFO - 品質保証適用完了: 24列
2026-06-19 13:48:31,517 - __main__ - INFO - グループ計算完了: group_9_moving_extended - 30個の特徴量
2026-06-19 13:48:32,158 - __main__ - INFO - [Phase D-3] artifact 抽出完了 (engine_1_C): 24 features (group_9_moving_extended)
2026-06-19 13:48:32,207 - __main__ - INFO - 全グループ計算完了。ファイルの結合を開始します...
2026-06-19 13:48:32,926 - __main__ - INFO - NaN埋め処理完了: 184個の特徴量 (basic=7, ホワイトリスト方式)
2026-06-19 13:48:33,091 - __main__ - INFO - 保存完了: features_e1c_M5.parquet (21.42MB, 0.16秒)
2026-06-19 13:48:33,092 - __main__ - INFO - === 通常処理完了: M5 - 7.12秒 ===
2026-06-19 13:48:33,093 - __main__ - INFO - === 通常処理開始: timeframe=M8 ===
2026-06-19 13:48:33,093 - __main__ - INFO - DataEngine初期化: /workspace/data/XAUUSD/stratum_1_base/master_processed
2026-06-19 13:48:33,094 - __main__ - INFO - 一時ディレクトリ作成: /tmp/features_e1c_ght12zhz
2026-06-19 13:48:33,094 - __main__ - INFO - CalculationEngine初期化: e1c_
2026-06-19 13:48:33,098 - __main__ - INFO - OutputEngine初期化: /workspace/data/XAUUSD/stratum_2_features/feature_value_a_vast_universeC
2026-06-19 13:48:33,129 - __main__ - INFO - データサマリー: {'columns': ['timeframe', 'timestamp', 'open', 'high', 'low', 'close', 'volume', 'disc', 'log_return', 'rolling_volatility', 'rolling_avg_volume', 'price_direction', 'price_momentum', 'volume_ratio'], 'dtypes': {'timeframe': 'String', 'timestamp': "Datetime(time_unit='ns', time_zone=None)", 'open': 'Float64', 'high': 'Float64', 'low': 'Float64', 'close': 'Float64', 'volume': 'Int64', 'disc': 'Boolean', 'log_return': 'Float64', 'rolling_volatility': 'Float64', 'rolling_avg_volume': 'Float64', 'price_direction': 'Int8', 'price_momentum': 'Float64', 'volume_ratio': 'Float64'}, 'sample_rows': 1000, 'memory_usage_mb': 0.08504581451416016}
2026-06-19 13:48:33,143 - __main__ - INFO - グループ処理開始: group_1a_rsi_basic (4個の特徴量)
2026-06-19 13:48:33,143 - __main__ - INFO - グループ計算開始: group_1a_rsi_basic
2026-06-19 13:48:33,144 - __main__ - INFO - RSI特徴量計算開始
2026-06-19 13:48:33,144 - __main__ - INFO - RSI特徴量計算完了: 12個
2026-06-19 13:48:33,145 - __main__ - INFO - 品質保証システム適用開始 (EWMベース, timeframe=M8)
2026-06-19 13:48:33,145 - __main__ - INFO - 品質保証適用: 6個の特徴量 (timeframe=M8)
2026-06-19 13:48:33,146 - __main__ - INFO - 品質保証適用完了: 6列
2026-06-19 13:48:33,146 - __main__ - INFO - グループ計算完了: group_1a_rsi_basic - 6個の特徴量
2026-06-19 13:48:33,276 - __main__ - INFO - [Phase D-3] artifact 抽出完了 (engine_1_C): 6 features (group_1a_rsi_basic)
2026-06-19 13:48:33,321 - __main__ - INFO - グループ処理開始: group_1b_rsi_extended (4個の特徴量)
2026-06-19 13:48:33,322 - __main__ - INFO - グループ計算開始: group_1b_rsi_extended
2026-06-19 13:48:33,322 - __main__ - INFO - RSI特徴量計算開始
2026-06-19 13:48:33,323 - __main__ - INFO - RSI特徴量計算完了: 12個
2026-06-19 13:48:33,324 - __main__ - INFO - 品質保証システム適用開始 (EWMベース, timeframe=M8)
2026-06-19 13:48:33,324 - __main__ - INFO - 品質保証適用: 4個の特徴量 (timeframe=M8)
2026-06-19 13:48:33,325 - __main__ - INFO - 品質保証適用完了: 4列
2026-06-19 13:48:33,326 - __main__ - INFO - グループ計算完了: group_1b_rsi_extended - 4個の特徴量
2026-06-19 13:48:33,413 - __main__ - INFO - [Phase D-3] artifact 抽出完了 (engine_1_C): 4 features (group_1b_rsi_extended)
2026-06-19 13:48:33,460 - __main__ - INFO - グループ処理開始: group_1c_rsi_stochastic (2個の特徴量)
2026-06-19 13:48:33,460 - __main__ - INFO - グループ計算開始: group_1c_rsi_stochastic
2026-06-19 13:48:33,461 - __main__ - INFO - RSI特徴量計算開始
2026-06-19 13:48:33,461 - __main__ - INFO - RSI特徴量計算完了: 12個
2026-06-19 13:48:33,462 - __main__ - INFO - 品質保証システム適用開始 (EWMベース, timeframe=M8)
2026-06-19 13:48:33,462 - __main__ - INFO - 品質保証適用: 2個の特徴量 (timeframe=M8)
2026-06-19 13:48:33,463 - __main__ - INFO - 品質保証適用完了: 2列
2026-06-19 13:48:33,463 - __main__ - INFO - グループ計算完了: group_1c_rsi_stochastic - 2個の特徴量
2026-06-19 13:48:33,505 - __main__ - INFO - [Phase D-3] artifact 抽出完了 (engine_1_C): 2 features (group_1c_rsi_stochastic)
2026-06-19 13:48:33,549 - __main__ - INFO - グループ処理開始: group_1d_rsi_divergence (2個の特徴量)
2026-06-19 13:48:33,549 - __main__ - INFO - グループ計算開始: group_1d_rsi_divergence
2026-06-19 13:48:33,550 - __main__ - INFO - RSI特徴量計算開始
2026-06-19 13:48:33,550 - __main__ - INFO - RSI特徴量計算完了: 12個
2026-06-19 13:48:33,551 - __main__ - INFO - 品質保証システム適用開始 (EWMベース, timeframe=M8)
2026-06-19 13:48:33,552 - __main__ - INFO - 品質保証適用: 2個の特徴量 (timeframe=M8)
2026-06-19 13:48:33,552 - __main__ - INFO - 品質保証適用完了: 2列
2026-06-19 13:48:33,553 - __main__ - INFO - グループ計算完了: group_1d_rsi_divergence - 2個の特徴量
2026-06-19 13:48:33,602 - __main__ - INFO - [Phase D-3] artifact 抽出完了 (engine_1_C): 2 features (group_1d_rsi_divergence)
2026-06-19 13:48:33,647 - __main__ - INFO - グループ処理開始: group_2a_macd_standard (3個の特徴量)
2026-06-19 13:48:33,648 - __main__ - INFO - グループ計算開始: group_2a_macd_standard
2026-06-19 13:48:33,648 - __main__ - INFO - MACD特徴量計算開始
2026-06-19 13:48:33,649 - __main__ - INFO - MACD特徴量計算完了: 9個
2026-06-19 13:48:33,649 - __main__ - INFO - 品質保証システム適用開始 (EWMベース, timeframe=M8)
2026-06-19 13:48:33,650 - __main__ - INFO - 品質保証適用: 3個の特徴量 (timeframe=M8)
2026-06-19 13:48:33,651 - __main__ - INFO - 品質保証適用完了: 3列
2026-06-19 13:48:33,651 - __main__ - INFO - グループ計算完了: group_2a_macd_standard - 3個の特徴量
2026-06-19 13:48:33,708 - __main__ - INFO - [Phase D-3] artifact 抽出完了 (engine_1_C): 3 features (group_2a_macd_standard)
2026-06-19 13:48:33,752 - __main__ - INFO - グループ処理開始: group_2b_macd_variants (6個の特徴量)
2026-06-19 13:48:33,752 - __main__ - INFO - グループ計算開始: group_2b_macd_variants
2026-06-19 13:48:33,753 - __main__ - INFO - MACD特徴量計算開始
2026-06-19 13:48:33,754 - __main__ - INFO - MACD特徴量計算完了: 9個
2026-06-19 13:48:33,754 - __main__ - INFO - 品質保証システム適用開始 (EWMベース, timeframe=M8)
2026-06-19 13:48:33,755 - __main__ - INFO - 品質保証適用: 6個の特徴量 (timeframe=M8)
2026-06-19 13:48:33,756 - __main__ - INFO - 品質保証適用完了: 6列
2026-06-19 13:48:33,756 - __main__ - INFO - グループ計算完了: group_2b_macd_variants - 6個の特徴量
2026-06-19 13:48:33,869 - __main__ - INFO - [Phase D-3] artifact 抽出完了 (engine_1_C): 6 features (group_2b_macd_variants)
2026-06-19 13:48:33,914 - __main__ - INFO - グループ処理開始: group_3a_bb_20 (10個の特徴量)
2026-06-19 13:48:33,915 - __main__ - INFO - グループ計算開始: group_3a_bb_20
2026-06-19 13:48:33,915 - __main__ - INFO - ボリンジャーバンド特徴量計算開始
2026-06-19 13:48:33,916 - __main__ - INFO - ボリンジャーバンド特徴量計算完了: 54個
2026-06-19 13:48:33,918 - __main__ - INFO - 品質保証システム適用開始 (EWMベース, timeframe=M8)
2026-06-19 13:48:33,919 - __main__ - INFO - 品質保証適用: 14個の特徴量 (timeframe=M8)
2026-06-19 13:48:33,920 - __main__ - INFO - 品質保証適用完了: 14列
2026-06-19 13:48:33,921 - __main__ - INFO - グループ計算完了: group_3a_bb_20 - 16個の特徴量
2026-06-19 13:48:34,226 - __main__ - INFO - [Phase D-3] artifact 抽出完了 (engine_1_C): 14 features (group_3a_bb_20)
2026-06-19 13:48:34,273 - __main__ - INFO - グループ処理開始: group_3b_bb_30_50 (26個の特徴量)
2026-06-19 13:48:34,273 - __main__ - INFO - グループ計算開始: group_3b_bb_30_50
2026-06-19 13:48:34,274 - __main__ - INFO - ボリンジャーバンド特徴量計算開始
2026-06-19 13:48:34,275 - __main__ - INFO - ボリンジャーバンド特徴量計算完了: 54個
2026-06-19 13:48:34,277 - __main__ - INFO - 品質保証システム適用開始 (EWMベース, timeframe=M8)
2026-06-19 13:48:34,278 - __main__ - INFO - 品質保証適用: 30個の特徴量 (timeframe=M8)
2026-06-19 13:48:34,280 - __main__ - INFO - 品質保証適用完了: 30列
2026-06-19 13:48:34,281 - __main__ - INFO - グループ計算完了: group_3b_bb_30_50 - 38個の特徴量
2026-06-19 13:48:34,993 - __main__ - INFO - [Phase D-3] artifact 抽出完了 (engine_1_C): 30 features (group_3b_bb_30_50)
2026-06-19 13:48:35,040 - __main__ - INFO - グループ処理開始: group_3c_bb_variants (6個の特徴量)
2026-06-19 13:48:35,040 - __main__ - INFO - グループ計算開始: group_3c_bb_variants
2026-06-19 13:48:35,041 - __main__ - INFO - ボリンジャーバンド特徴量計算開始
2026-06-19 13:48:35,042 - __main__ - INFO - ボリンジャーバンド特徴量計算完了: 54個
2026-06-19 13:48:35,044 - __main__ - INFO - 品質保証システム適用開始 (EWMベース, timeframe=M8)
2026-06-19 13:48:35,045 - __main__ - INFO - 品質保証適用: 6個の特徴量 (timeframe=M8)
2026-06-19 13:48:35,046 - __main__ - INFO - 品質保証適用完了: 6列
2026-06-19 13:48:35,046 - __main__ - INFO - グループ計算完了: group_3c_bb_variants - 6個の特徴量
2026-06-19 13:48:35,176 - __main__ - INFO - [Phase D-3] artifact 抽出完了 (engine_1_C): 6 features (group_3c_bb_variants)
2026-06-19 13:48:35,220 - __main__ - INFO - グループ処理開始: group_4a_atr_basic (4個の特徴量)
2026-06-19 13:48:35,221 - __main__ - INFO - グループ計算開始: group_4a_atr_basic
2026-06-19 13:48:35,221 - __main__ - INFO - ATR特徴量計算開始
2026-06-19 13:48:35,222 - __main__ - INFO - ATR特徴量計算完了: 16個
2026-06-19 13:48:35,223 - __main__ - INFO - 品質保証システム適用開始 (EWMベース, timeframe=M8)
2026-06-19 13:48:35,223 - __main__ - INFO - 品質保証適用: 4個の特徴量 (timeframe=M8)
2026-06-19 13:48:35,224 - __main__ - INFO - 品質保証適用完了: 4列
2026-06-19 13:48:35,224 - __main__ - INFO - グループ計算完了: group_4a_atr_basic - 4個の特徴量
2026-06-19 13:48:35,299 - __main__ - INFO - [Phase D-3] artifact 抽出完了 (engine_1_C): 4 features (group_4a_atr_basic)
2026-06-19 13:48:35,345 - __main__ - INFO - グループ処理開始: group_4b_atr_extended (12個の特徴量)
2026-06-19 13:48:35,346 - __main__ - INFO - グループ計算開始: group_4b_atr_extended
2026-06-19 13:48:35,346 - __main__ - INFO - ATR特徴量計算開始
2026-06-19 13:48:35,347 - __main__ - INFO - ATR特徴量計算完了: 16個
2026-06-19 13:48:35,348 - __main__ - INFO - 品質保証システム適用開始 (EWMベース, timeframe=M8)
2026-06-19 13:48:35,348 - __main__ - INFO - 品質保証適用: 12個の特徴量 (timeframe=M8)
2026-06-19 13:48:35,350 - __main__ - INFO - 品質保証適用完了: 12列
2026-06-19 13:48:35,350 - __main__ - INFO - グループ計算完了: group_4b_atr_extended - 12個の特徴量
2026-06-19 13:48:35,594 - __main__ - INFO - [Phase D-3] artifact 抽出完了 (engine_1_C): 12 features (group_4b_atr_extended)
2026-06-19 13:48:35,640 - __main__ - INFO - グループ処理開始: group_5a_oscillators_basic (9個の特徴量)
2026-06-19 13:48:35,641 - __main__ - INFO - グループ計算開始: group_5a_oscillators_basic
2026-06-19 13:48:35,642 - __main__ - INFO - オシレーター特徴量計算開始
2026-06-19 13:48:35,643 - __main__ - INFO - オシレーター特徴量計算完了: 30個
2026-06-19 13:48:35,643 - __main__ - INFO - 品質保証システム適用開始 (EWMベース, timeframe=M8)
2026-06-19 13:48:35,644 - __main__ - INFO - 品質保証適用: 9個の特徴量 (timeframe=M8)
2026-06-19 13:48:35,645 - __main__ - INFO - 品質保証適用完了: 9列
2026-06-19 13:48:35,645 - __main__ - INFO - グループ計算完了: group_5a_oscillators_basic - 9個の特徴量
2026-06-19 13:48:35,828 - __main__ - INFO - [Phase D-3] artifact 抽出完了 (engine_1_C): 9 features (group_5a_oscillators_basic)
2026-06-19 13:48:35,876 - __main__ - INFO - グループ処理開始: group_5b_oscillators_extended (21個の特徴量)
2026-06-19 13:48:35,876 - __main__ - INFO - グループ計算開始: group_5b_oscillators_extended
2026-06-19 13:48:35,877 - __main__ - INFO - オシレーター特徴量計算開始
2026-06-19 13:48:35,878 - __main__ - INFO - オシレーター特徴量計算完了: 30個
2026-06-19 13:48:35,878 - __main__ - INFO - 品質保証システム適用開始 (EWMベース, timeframe=M8)
2026-06-19 13:48:35,879 - __main__ - INFO - 品質保証適用: 21個の特徴量 (timeframe=M8)
2026-06-19 13:48:35,881 - __main__ - INFO - 品質保証適用完了: 21列
2026-06-19 13:48:35,881 - __main__ - INFO - グループ計算完了: group_5b_oscillators_extended - 21個の特徴量
2026-06-19 13:48:36,339 - __main__ - INFO - [Phase D-3] artifact 抽出完了 (engine_1_C): 21 features (group_5b_oscillators_extended)
2026-06-19 13:48:36,398 - __main__ - INFO - グループ処理開始: group_6a_momentum_basic (8個の特徴量)
2026-06-19 13:48:36,398 - __main__ - INFO - グループ計算開始: group_6a_momentum_basic
2026-06-19 13:48:36,399 - __main__ - INFO - モメンタム特徴量計算開始
2026-06-19 13:48:36,399 - __main__ - INFO - モメンタム特徴量計算完了: 17個
2026-06-19 13:48:36,400 - __main__ - INFO - 品質保証システム適用開始 (EWMベース, timeframe=M8)
2026-06-19 13:48:36,401 - __main__ - INFO - 品質保証適用: 8個の特徴量 (timeframe=M8)
2026-06-19 13:48:36,402 - __main__ - INFO - 品質保証適用完了: 8列
2026-06-19 13:48:36,402 - __main__ - INFO - グループ計算完了: group_6a_momentum_basic - 8個の特徴量
2026-06-19 13:48:36,559 - __main__ - INFO - [Phase D-3] artifact 抽出完了 (engine_1_C): 8 features (group_6a_momentum_basic)
2026-06-19 13:48:36,612 - __main__ - INFO - グループ処理開始: group_6b_momentum_extended (9個の特徴量)
2026-06-19 13:48:36,612 - __main__ - INFO - グループ計算開始: group_6b_momentum_extended
2026-06-19 13:48:36,613 - __main__ - INFO - モメンタム特徴量計算開始
2026-06-19 13:48:36,613 - __main__ - INFO - モメンタム特徴量計算完了: 17個
2026-06-19 13:48:36,614 - __main__ - INFO - 品質保証システム適用開始 (EWMベース, timeframe=M8)
2026-06-19 13:48:36,614 - __main__ - INFO - 品質保証適用: 9個の特徴量 (timeframe=M8)
2026-06-19 13:48:36,616 - __main__ - INFO - 品質保証適用完了: 9列
2026-06-19 13:48:36,616 - __main__ - INFO - グループ計算完了: group_6b_momentum_extended - 9個の特徴量
2026-06-19 13:48:36,852 - __main__ - INFO - [Phase D-3] artifact 抽出完了 (engine_1_C): 9 features (group_6b_momentum_extended)
2026-06-19 13:48:36,902 - __main__ - INFO - グループ処理開始: group_7_moving_averages (15個の特徴量)
2026-06-19 13:48:36,903 - __main__ - INFO - グループ計算開始: group_7_moving_averages
2026-06-19 13:48:36,903 - __main__ - INFO - 移動平均線特徴量計算開始
2026-06-19 13:48:36,905 - __main__ - INFO - 移動平均線特徴量計算完了: 39個
2026-06-19 13:48:36,905 - __main__ - INFO - 品質保証システム適用開始 (EWMベース, timeframe=M8)
2026-06-19 13:48:36,906 - __main__ - INFO - 品質保証適用: 15個の特徴量 (timeframe=M8)
2026-06-19 13:48:36,908 - __main__ - INFO - 品質保証適用完了: 15列
2026-06-19 13:48:36,908 - __main__ - INFO - グループ計算完了: group_7_moving_averages - 19個の特徴量
2026-06-19 13:48:37,224 - __main__ - INFO - [Phase D-3] artifact 抽出完了 (engine_1_C): 15 features (group_7_moving_averages)
2026-06-19 13:48:37,285 - __main__ - INFO - グループ処理開始: group_8_advanced (14個の特徴量)
2026-06-19 13:48:37,286 - __main__ - INFO - グループ計算開始: group_8_advanced
2026-06-19 13:48:37,286 - __main__ - INFO - 高度な指標特徴量計算開始
2026-06-19 13:48:37,287 - __main__ - INFO - 高度な指標特徴量計算完了: 14個
2026-06-19 13:48:37,288 - __main__ - INFO - 品質保証システム適用開始 (EWMベース, timeframe=M8)
2026-06-19 13:48:37,289 - __main__ - INFO - 品質保証適用: 14個の特徴量 (timeframe=M8)
2026-06-19 13:48:37,291 - __main__ - INFO - 品質保証適用完了: 14列
2026-06-19 13:48:37,291 - __main__ - INFO - グループ計算完了: group_8_advanced - 15個の特徴量
2026-06-19 13:48:37,662 - __main__ - INFO - [Phase D-3] artifact 抽出完了 (engine_1_C): 14 features (group_8_advanced)
2026-06-19 13:48:37,713 - __main__ - INFO - グループ処理開始: group_9_moving_extended (24個の特徴量)
2026-06-19 13:48:37,713 - __main__ - INFO - グループ計算開始: group_9_moving_extended
2026-06-19 13:48:37,714 - __main__ - INFO - 移動平均線特徴量計算開始
2026-06-19 13:48:37,715 - __main__ - INFO - 移動平均線特徴量計算完了: 39個
2026-06-19 13:48:37,716 - __main__ - INFO - 品質保証システム適用開始 (EWMベース, timeframe=M8)
2026-06-19 13:48:37,716 - __main__ - INFO - 品質保証適用: 24個の特徴量 (timeframe=M8)
2026-06-19 13:48:37,718 - __main__ - INFO - 品質保証適用完了: 24列
2026-06-19 13:48:37,719 - __main__ - INFO - グループ計算完了: group_9_moving_extended - 30個の特徴量
2026-06-19 13:48:38,251 - __main__ - INFO - [Phase D-3] artifact 抽出完了 (engine_1_C): 24 features (group_9_moving_extended)
2026-06-19 13:48:38,300 - __main__ - INFO - 全グループ計算完了。ファイルの結合を開始します...
2026-06-19 13:48:39,096 - __main__ - INFO - NaN埋め処理完了: 184個の特徴量 (basic=7, ホワイトリスト方式)
2026-06-19 13:48:39,224 - __main__ - INFO - 保存完了: features_e1c_M8.parquet (13.45MB, 0.12秒)
2026-06-19 13:48:39,224 - __main__ - INFO - === 通常処理完了: M8 - 6.13秒 ===
2026-06-19 13:48:39,225 - __main__ - INFO - === 通常処理開始: timeframe=M15 ===
2026-06-19 13:48:39,226 - __main__ - INFO - DataEngine初期化: /workspace/data/XAUUSD/stratum_1_base/master_processed
2026-06-19 13:48:39,227 - __main__ - INFO - 一時ディレクトリ作成: /tmp/features_e1c_e7zpc45e
2026-06-19 13:48:39,228 - __main__ - INFO - CalculationEngine初期化: e1c_
2026-06-19 13:48:39,231 - __main__ - INFO - OutputEngine初期化: /workspace/data/XAUUSD/stratum_2_features/feature_value_a_vast_universeC
2026-06-19 13:48:39,265 - __main__ - INFO - データサマリー: {'columns': ['timeframe', 'timestamp', 'open', 'high', 'low', 'close', 'volume', 'disc', 'log_return', 'rolling_volatility', 'rolling_avg_volume', 'price_direction', 'price_momentum', 'volume_ratio'], 'dtypes': {'timeframe': 'String', 'timestamp': "Datetime(time_unit='ns', time_zone=None)", 'open': 'Float64', 'high': 'Float64', 'low': 'Float64', 'close': 'Float64', 'volume': 'Int64', 'disc': 'Boolean', 'log_return': 'Float64', 'rolling_volatility': 'Float64', 'rolling_avg_volume': 'Float64', 'price_direction': 'Int8', 'price_momentum': 'Float64', 'volume_ratio': 'Float64'}, 'sample_rows': 1000, 'memory_usage_mb': 0.08505725860595703}
2026-06-19 13:48:39,276 - __main__ - INFO - グループ処理開始: group_1a_rsi_basic (4個の特徴量)
2026-06-19 13:48:39,276 - __main__ - INFO - グループ計算開始: group_1a_rsi_basic
2026-06-19 13:48:39,277 - __main__ - INFO - RSI特徴量計算開始
2026-06-19 13:48:39,277 - __main__ - INFO - RSI特徴量計算完了: 12個
2026-06-19 13:48:39,278 - __main__ - INFO - 品質保証システム適用開始 (EWMベース, timeframe=M15)
2026-06-19 13:48:39,278 - __main__ - INFO - 品質保証適用: 6個の特徴量 (timeframe=M15)
2026-06-19 13:48:39,279 - __main__ - INFO - 品質保証適用完了: 6列
2026-06-19 13:48:39,279 - __main__ - INFO - グループ計算完了: group_1a_rsi_basic - 6個の特徴量
2026-06-19 13:48:39,391 - __main__ - INFO - [Phase D-3] artifact 抽出完了 (engine_1_C): 6 features (group_1a_rsi_basic)
2026-06-19 13:48:39,439 - __main__ - INFO - グループ処理開始: group_1b_rsi_extended (4個の特徴量)
2026-06-19 13:48:39,439 - __main__ - INFO - グループ計算開始: group_1b_rsi_extended
2026-06-19 13:48:39,440 - __main__ - INFO - RSI特徴量計算開始
2026-06-19 13:48:39,440 - __main__ - INFO - RSI特徴量計算完了: 12個
2026-06-19 13:48:39,441 - __main__ - INFO - 品質保証システム適用開始 (EWMベース, timeframe=M15)
2026-06-19 13:48:39,442 - __main__ - INFO - 品質保証適用: 4個の特徴量 (timeframe=M15)
2026-06-19 13:48:39,442 - __main__ - INFO - 品質保証適用完了: 4列
2026-06-19 13:48:39,443 - __main__ - INFO - グループ計算完了: group_1b_rsi_extended - 4個の特徴量
2026-06-19 13:48:39,514 - __main__ - INFO - [Phase D-3] artifact 抽出完了 (engine_1_C): 4 features (group_1b_rsi_extended)
2026-06-19 13:48:39,557 - __main__ - INFO - グループ処理開始: group_1c_rsi_stochastic (2個の特徴量)
2026-06-19 13:48:39,557 - __main__ - INFO - グループ計算開始: group_1c_rsi_stochastic
2026-06-19 13:48:39,558 - __main__ - INFO - RSI特徴量計算開始
2026-06-19 13:48:39,559 - __main__ - INFO - RSI特徴量計算完了: 12個
2026-06-19 13:48:39,559 - __main__ - INFO - 品質保証システム適用開始 (EWMベース, timeframe=M15)
2026-06-19 13:48:39,560 - __main__ - INFO - 品質保証適用: 2個の特徴量 (timeframe=M15)
2026-06-19 13:48:39,561 - __main__ - INFO - 品質保証適用完了: 2列
2026-06-19 13:48:39,561 - __main__ - INFO - グループ計算完了: group_1c_rsi_stochastic - 2個の特徴量
2026-06-19 13:48:39,597 - __main__ - INFO - [Phase D-3] artifact 抽出完了 (engine_1_C): 2 features (group_1c_rsi_stochastic)
2026-06-19 13:48:39,640 - __main__ - INFO - グループ処理開始: group_1d_rsi_divergence (2個の特徴量)
2026-06-19 13:48:39,641 - __main__ - INFO - グループ計算開始: group_1d_rsi_divergence
2026-06-19 13:48:39,641 - __main__ - INFO - RSI特徴量計算開始
2026-06-19 13:48:39,642 - __main__ - INFO - RSI特徴量計算完了: 12個
2026-06-19 13:48:39,643 - __main__ - INFO - 品質保証システム適用開始 (EWMベース, timeframe=M15)
2026-06-19 13:48:39,643 - __main__ - INFO - 品質保証適用: 2個の特徴量 (timeframe=M15)
2026-06-19 13:48:39,644 - __main__ - INFO - 品質保証適用完了: 2列
2026-06-19 13:48:39,644 - __main__ - INFO - グループ計算完了: group_1d_rsi_divergence - 2個の特徴量
2026-06-19 13:48:39,688 - __main__ - INFO - [Phase D-3] artifact 抽出完了 (engine_1_C): 2 features (group_1d_rsi_divergence)
2026-06-19 13:48:39,733 - __main__ - INFO - グループ処理開始: group_2a_macd_standard (3個の特徴量)
2026-06-19 13:48:39,734 - __main__ - INFO - グループ計算開始: group_2a_macd_standard
2026-06-19 13:48:39,735 - __main__ - INFO - MACD特徴量計算開始
2026-06-19 13:48:39,735 - __main__ - INFO - MACD特徴量計算完了: 9個
2026-06-19 13:48:39,736 - __main__ - INFO - 品質保証システム適用開始 (EWMベース, timeframe=M15)
2026-06-19 13:48:39,736 - __main__ - INFO - 品質保証適用: 3個の特徴量 (timeframe=M15)
2026-06-19 13:48:39,737 - __main__ - INFO - 品質保証適用完了: 3列
2026-06-19 13:48:39,738 - __main__ - INFO - グループ計算完了: group_2a_macd_standard - 3個の特徴量
2026-06-19 13:48:39,785 - __main__ - INFO - [Phase D-3] artifact 抽出完了 (engine_1_C): 3 features (group_2a_macd_standard)
2026-06-19 13:48:39,830 - __main__ - INFO - グループ処理開始: group_2b_macd_variants (6個の特徴量)
2026-06-19 13:48:39,831 - __main__ - INFO - グループ計算開始: group_2b_macd_variants
2026-06-19 13:48:39,831 - __main__ - INFO - MACD特徴量計算開始
2026-06-19 13:48:39,832 - __main__ - INFO - MACD特徴量計算完了: 9個
2026-06-19 13:48:39,832 - __main__ - INFO - 品質保証システム適用開始 (EWMベース, timeframe=M15)
2026-06-19 13:48:39,833 - __main__ - INFO - 品質保証適用: 6個の特徴量 (timeframe=M15)
2026-06-19 13:48:39,834 - __main__ - INFO - 品質保証適用完了: 6列
2026-06-19 13:48:39,834 - __main__ - INFO - グループ計算完了: group_2b_macd_variants - 6個の特徴量
2026-06-19 13:48:39,931 - __main__ - INFO - [Phase D-3] artifact 抽出完了 (engine_1_C): 6 features (group_2b_macd_variants)
2026-06-19 13:48:39,974 - __main__ - INFO - グループ処理開始: group_3a_bb_20 (10個の特徴量)
2026-06-19 13:48:39,975 - __main__ - INFO - グループ計算開始: group_3a_bb_20
2026-06-19 13:48:39,975 - __main__ - INFO - ボリンジャーバンド特徴量計算開始
2026-06-19 13:48:39,977 - __main__ - INFO - ボリンジャーバンド特徴量計算完了: 54個
2026-06-19 13:48:39,979 - __main__ - INFO - 品質保証システム適用開始 (EWMベース, timeframe=M15)
2026-06-19 13:48:39,980 - __main__ - INFO - 品質保証適用: 14個の特徴量 (timeframe=M15)
2026-06-19 13:48:39,981 - __main__ - INFO - 品質保証適用完了: 14列
2026-06-19 13:48:39,982 - __main__ - INFO - グループ計算完了: group_3a_bb_20 - 16個の特徴量
2026-06-19 13:48:40,236 - __main__ - INFO - [Phase D-3] artifact 抽出完了 (engine_1_C): 14 features (group_3a_bb_20)
2026-06-19 13:48:40,281 - __main__ - INFO - グループ処理開始: group_3b_bb_30_50 (26個の特徴量)
2026-06-19 13:48:40,281 - __main__ - INFO - グループ計算開始: group_3b_bb_30_50
2026-06-19 13:48:40,282 - __main__ - INFO - ボリンジャーバンド特徴量計算開始
2026-06-19 13:48:40,283 - __main__ - INFO - ボリンジャーバンド特徴量計算完了: 54個
2026-06-19 13:48:40,284 - __main__ - INFO - 品質保証システム適用開始 (EWMベース, timeframe=M15)
2026-06-19 13:48:40,286 - __main__ - INFO - 品質保証適用: 30個の特徴量 (timeframe=M15)
2026-06-19 13:48:40,288 - __main__ - INFO - 品質保証適用完了: 30列
2026-06-19 13:48:40,288 - __main__ - INFO - グループ計算完了: group_3b_bb_30_50 - 38個の特徴量
2026-06-19 13:48:40,881 - __main__ - INFO - [Phase D-3] artifact 抽出完了 (engine_1_C): 30 features (group_3b_bb_30_50)
2026-06-19 13:48:40,944 - __main__ - INFO - グループ処理開始: group_3c_bb_variants (6個の特徴量)
2026-06-19 13:48:40,944 - __main__ - INFO - グループ計算開始: group_3c_bb_variants
2026-06-19 13:48:40,944 - __main__ - INFO - ボリンジャーバンド特徴量計算開始
2026-06-19 13:48:40,947 - __main__ - INFO - ボリンジャーバンド特徴量計算完了: 54個
2026-06-19 13:48:40,948 - __main__ - INFO - 品質保証システム適用開始 (EWMベース, timeframe=M15)
2026-06-19 13:48:40,950 - __main__ - INFO - 品質保証適用: 6個の特徴量 (timeframe=M15)
2026-06-19 13:48:40,951 - __main__ - INFO - 品質保証適用完了: 6列
2026-06-19 13:48:40,951 - __main__ - INFO - グループ計算完了: group_3c_bb_variants - 6個の特徴量
2026-06-19 13:48:41,061 - __main__ - INFO - [Phase D-3] artifact 抽出完了 (engine_1_C): 6 features (group_3c_bb_variants)
2026-06-19 13:48:41,106 - __main__ - INFO - グループ処理開始: group_4a_atr_basic (4個の特徴量)
2026-06-19 13:48:41,107 - __main__ - INFO - グループ計算開始: group_4a_atr_basic
2026-06-19 13:48:41,107 - __main__ - INFO - ATR特徴量計算開始
2026-06-19 13:48:41,108 - __main__ - INFO - ATR特徴量計算完了: 16個
2026-06-19 13:48:41,109 - __main__ - INFO - 品質保証システム適用開始 (EWMベース, timeframe=M15)
2026-06-19 13:48:41,110 - __main__ - INFO - 品質保証適用: 4個の特徴量 (timeframe=M15)
2026-06-19 13:48:41,110 - __main__ - INFO - 品質保証適用完了: 4列
2026-06-19 13:48:41,111 - __main__ - INFO - グループ計算完了: group_4a_atr_basic - 4個の特徴量
2026-06-19 13:48:41,176 - __main__ - INFO - [Phase D-3] artifact 抽出完了 (engine_1_C): 4 features (group_4a_atr_basic)
2026-06-19 13:48:41,223 - __main__ - INFO - グループ処理開始: group_4b_atr_extended (12個の特徴量)
2026-06-19 13:48:41,223 - __main__ - INFO - グループ計算開始: group_4b_atr_extended
2026-06-19 13:48:41,224 - __main__ - INFO - ATR特徴量計算開始
2026-06-19 13:48:41,225 - __main__ - INFO - ATR特徴量計算完了: 16個
2026-06-19 13:48:41,226 - __main__ - INFO - 品質保証システム適用開始 (EWMベース, timeframe=M15)
2026-06-19 13:48:41,226 - __main__ - INFO - 品質保証適用: 12個の特徴量 (timeframe=M15)
2026-06-19 13:48:41,228 - __main__ - INFO - 品質保証適用完了: 12列
2026-06-19 13:48:41,228 - __main__ - INFO - グループ計算完了: group_4b_atr_extended - 12個の特徴量
2026-06-19 13:48:41,430 - __main__ - INFO - [Phase D-3] artifact 抽出完了 (engine_1_C): 12 features (group_4b_atr_extended)
2026-06-19 13:48:41,480 - __main__ - INFO - グループ処理開始: group_5a_oscillators_basic (9個の特徴量)
2026-06-19 13:48:41,481 - __main__ - INFO - グループ計算開始: group_5a_oscillators_basic
2026-06-19 13:48:41,481 - __main__ - INFO - オシレーター特徴量計算開始
2026-06-19 13:48:41,482 - __main__ - INFO - オシレーター特徴量計算完了: 30個
2026-06-19 13:48:41,483 - __main__ - INFO - 品質保証システム適用開始 (EWMベース, timeframe=M15)
2026-06-19 13:48:41,483 - __main__ - INFO - 品質保証適用: 9個の特徴量 (timeframe=M15)
2026-06-19 13:48:41,484 - __main__ - INFO - 品質保証適用完了: 9列
2026-06-19 13:48:41,484 - __main__ - INFO - グループ計算完了: group_5a_oscillators_basic - 9個の特徴量
2026-06-19 13:48:41,629 - __main__ - INFO - [Phase D-3] artifact 抽出完了 (engine_1_C): 9 features (group_5a_oscillators_basic)
2026-06-19 13:48:41,674 - __main__ - INFO - グループ処理開始: group_5b_oscillators_extended (21個の特徴量)
2026-06-19 13:48:41,675 - __main__ - INFO - グループ計算開始: group_5b_oscillators_extended
2026-06-19 13:48:41,675 - __main__ - INFO - オシレーター特徴量計算開始
2026-06-19 13:48:41,676 - __main__ - INFO - オシレーター特徴量計算完了: 30個
2026-06-19 13:48:41,677 - __main__ - INFO - 品質保証システム適用開始 (EWMベース, timeframe=M15)
2026-06-19 13:48:41,677 - __main__ - INFO - 品質保証適用: 21個の特徴量 (timeframe=M15)
2026-06-19 13:48:41,679 - __main__ - INFO - 品質保証適用完了: 21列
2026-06-19 13:48:41,680 - __main__ - INFO - グループ計算完了: group_5b_oscillators_extended - 21個の特徴量
2026-06-19 13:48:42,047 - __main__ - INFO - [Phase D-3] artifact 抽出完了 (engine_1_C): 21 features (group_5b_oscillators_extended)
2026-06-19 13:48:42,098 - __main__ - INFO - グループ処理開始: group_6a_momentum_basic (8個の特徴量)
2026-06-19 13:48:42,098 - __main__ - INFO - グループ計算開始: group_6a_momentum_basic
2026-06-19 13:48:42,099 - __main__ - INFO - モメンタム特徴量計算開始
2026-06-19 13:48:42,099 - __main__ - INFO - モメンタム特徴量計算完了: 17個
2026-06-19 13:48:42,100 - __main__ - INFO - 品質保証システム適用開始 (EWMベース, timeframe=M15)
2026-06-19 13:48:42,101 - __main__ - INFO - 品質保証適用: 8個の特徴量 (timeframe=M15)
2026-06-19 13:48:42,102 - __main__ - INFO - 品質保証適用完了: 8列
2026-06-19 13:48:42,102 - __main__ - INFO - グループ計算完了: group_6a_momentum_basic - 8個の特徴量
2026-06-19 13:48:42,229 - __main__ - INFO - [Phase D-3] artifact 抽出完了 (engine_1_C): 8 features (group_6a_momentum_basic)
2026-06-19 13:48:42,273 - __main__ - INFO - グループ処理開始: group_6b_momentum_extended (9個の特徴量)
2026-06-19 13:48:42,274 - __main__ - INFO - グループ計算開始: group_6b_momentum_extended
2026-06-19 13:48:42,274 - __main__ - INFO - モメンタム特徴量計算開始
2026-06-19 13:48:42,275 - __main__ - INFO - モメンタム特徴量計算完了: 17個
2026-06-19 13:48:42,276 - __main__ - INFO - 品質保証システム適用開始 (EWMベース, timeframe=M15)
2026-06-19 13:48:42,277 - __main__ - INFO - 品質保証適用: 9個の特徴量 (timeframe=M15)
2026-06-19 13:48:42,278 - __main__ - INFO - 品質保証適用完了: 9列
2026-06-19 13:48:42,278 - __main__ - INFO - グループ計算完了: group_6b_momentum_extended - 9個の特徴量
2026-06-19 13:48:42,476 - __main__ - INFO - [Phase D-3] artifact 抽出完了 (engine_1_C): 9 features (group_6b_momentum_extended)
2026-06-19 13:48:42,522 - __main__ - INFO - グループ処理開始: group_7_moving_averages (15個の特徴量)
2026-06-19 13:48:42,523 - __main__ - INFO - グループ計算開始: group_7_moving_averages
2026-06-19 13:48:42,523 - __main__ - INFO - 移動平均線特徴量計算開始
2026-06-19 13:48:42,525 - __main__ - INFO - 移動平均線特徴量計算完了: 39個
2026-06-19 13:48:42,526 - __main__ - INFO - 品質保証システム適用開始 (EWMベース, timeframe=M15)
2026-06-19 13:48:42,527 - __main__ - INFO - 品質保証適用: 15個の特徴量 (timeframe=M15)
2026-06-19 13:48:42,528 - __main__ - INFO - 品質保証適用完了: 15列
2026-06-19 13:48:42,529 - __main__ - INFO - グループ計算完了: group_7_moving_averages - 19個の特徴量
2026-06-19 13:48:42,782 - __main__ - INFO - [Phase D-3] artifact 抽出完了 (engine_1_C): 15 features (group_7_moving_averages)
2026-06-19 13:48:42,828 - __main__ - INFO - グループ処理開始: group_8_advanced (14個の特徴量)
2026-06-19 13:48:42,829 - __main__ - INFO - グループ計算開始: group_8_advanced
2026-06-19 13:48:42,829 - __main__ - INFO - 高度な指標特徴量計算開始
2026-06-19 13:48:42,830 - __main__ - INFO - 高度な指標特徴量計算完了: 14個
2026-06-19 13:48:42,831 - __main__ - INFO - 品質保証システム適用開始 (EWMベース, timeframe=M15)
2026-06-19 13:48:42,832 - __main__ - INFO - 品質保証適用: 14個の特徴量 (timeframe=M15)
2026-06-19 13:48:42,834 - __main__ - INFO - 品質保証適用完了: 14列
2026-06-19 13:48:42,834 - __main__ - INFO - グループ計算完了: group_8_advanced - 15個の特徴量
2026-06-19 13:48:43,162 - __main__ - INFO - [Phase D-3] artifact 抽出完了 (engine_1_C): 14 features (group_8_advanced)
2026-06-19 13:48:43,208 - __main__ - INFO - グループ処理開始: group_9_moving_extended (24個の特徴量)
2026-06-19 13:48:43,209 - __main__ - INFO - グループ計算開始: group_9_moving_extended
2026-06-19 13:48:43,209 - __main__ - INFO - 移動平均線特徴量計算開始
2026-06-19 13:48:43,210 - __main__ - INFO - 移動平均線特徴量計算完了: 39個
2026-06-19 13:48:43,211 - __main__ - INFO - 品質保証システム適用開始 (EWMベース, timeframe=M15)
2026-06-19 13:48:43,212 - __main__ - INFO - 品質保証適用: 24個の特徴量 (timeframe=M15)
2026-06-19 13:48:43,214 - __main__ - INFO - 品質保証適用完了: 24列
2026-06-19 13:48:43,215 - __main__ - INFO - グループ計算完了: group_9_moving_extended - 30個の特徴量
2026-06-19 13:48:43,652 - __main__ - INFO - [Phase D-3] artifact 抽出完了 (engine_1_C): 24 features (group_9_moving_extended)
2026-06-19 13:48:43,700 - __main__ - INFO - 全グループ計算完了。ファイルの結合を開始します...
2026-06-19 13:48:44,408 - __main__ - INFO - NaN埋め処理完了: 184個の特徴量 (basic=7, ホワイトリスト方式)
2026-06-19 13:48:44,508 - __main__ - INFO - 保存完了: features_e1c_M15.parquet (7.17MB, 0.09秒)
2026-06-19 13:48:44,509 - __main__ - INFO - === 通常処理完了: M15 - 5.28秒 ===
2026-06-19 13:48:44,510 - __main__ - INFO - === 通常処理開始: timeframe=M30 ===
2026-06-19 13:48:44,510 - __main__ - INFO - DataEngine初期化: /workspace/data/XAUUSD/stratum_1_base/master_processed
2026-06-19 13:48:44,511 - __main__ - INFO - 一時ディレクトリ作成: /tmp/features_e1c__jud8523
2026-06-19 13:48:44,511 - __main__ - INFO - CalculationEngine初期化: e1c_
2026-06-19 13:48:44,517 - __main__ - INFO - OutputEngine初期化: /workspace/data/XAUUSD/stratum_2_features/feature_value_a_vast_universeC
2026-06-19 13:48:44,549 - __main__ - INFO - データサマリー: {'columns': ['timeframe', 'timestamp', 'open', 'high', 'low', 'close', 'volume', 'disc', 'log_return', 'rolling_volatility', 'rolling_avg_volume', 'price_direction', 'price_momentum', 'volume_ratio'], 'dtypes': {'timeframe': 'String', 'timestamp': "Datetime(time_unit='ns', time_zone=None)", 'open': 'Float64', 'high': 'Float64', 'low': 'Float64', 'close': 'Float64', 'volume': 'Int64', 'disc': 'Boolean', 'log_return': 'Float64', 'rolling_volatility': 'Float64', 'rolling_avg_volume': 'Float64', 'price_direction': 'Int8', 'price_momentum': 'Float64', 'volume_ratio': 'Float64'}, 'sample_rows': 1000, 'memory_usage_mb': 0.08505725860595703}
2026-06-19 13:48:44,558 - __main__ - INFO - グループ処理開始: group_1a_rsi_basic (4個の特徴量)
2026-06-19 13:48:44,559 - __main__ - INFO - グループ計算開始: group_1a_rsi_basic
2026-06-19 13:48:44,559 - __main__ - INFO - RSI特徴量計算開始
2026-06-19 13:48:44,560 - __main__ - INFO - RSI特徴量計算完了: 12個
2026-06-19 13:48:44,560 - __main__ - INFO - 品質保証システム適用開始 (EWMベース, timeframe=M30)
2026-06-19 13:48:44,561 - __main__ - INFO - 品質保証適用: 6個の特徴量 (timeframe=M30)
2026-06-19 13:48:44,561 - __main__ - INFO - 品質保証適用完了: 6列
2026-06-19 13:48:44,562 - __main__ - INFO - グループ計算完了: group_1a_rsi_basic - 6個の特徴量
2026-06-19 13:48:44,658 - __main__ - INFO - [Phase D-3] artifact 抽出完了 (engine_1_C): 6 features (group_1a_rsi_basic)
2026-06-19 13:48:44,704 - __main__ - INFO - グループ処理開始: group_1b_rsi_extended (4個の特徴量)
2026-06-19 13:48:44,705 - __main__ - INFO - グループ計算開始: group_1b_rsi_extended
2026-06-19 13:48:44,705 - __main__ - INFO - RSI特徴量計算開始
2026-06-19 13:48:44,706 - __main__ - INFO - RSI特徴量計算完了: 12個
2026-06-19 13:48:44,707 - __main__ - INFO - 品質保証システム適用開始 (EWMベース, timeframe=M30)
2026-06-19 13:48:44,707 - __main__ - INFO - 品質保証適用: 4個の特徴量 (timeframe=M30)
2026-06-19 13:48:44,708 - __main__ - INFO - 品質保証適用完了: 4列
2026-06-19 13:48:44,708 - __main__ - INFO - グループ計算完了: group_1b_rsi_extended - 4個の特徴量
2026-06-19 13:48:44,770 - __main__ - INFO - [Phase D-3] artifact 抽出完了 (engine_1_C): 4 features (group_1b_rsi_extended)
2026-06-19 13:48:44,814 - __main__ - INFO - グループ処理開始: group_1c_rsi_stochastic (2個の特徴量)
2026-06-19 13:48:44,814 - __main__ - INFO - グループ計算開始: group_1c_rsi_stochastic
2026-06-19 13:48:44,815 - __main__ - INFO - RSI特徴量計算開始
2026-06-19 13:48:44,816 - __main__ - INFO - RSI特徴量計算完了: 12個
2026-06-19 13:48:44,816 - __main__ - INFO - 品質保証システム適用開始 (EWMベース, timeframe=M30)
2026-06-19 13:48:44,817 - __main__ - INFO - 品質保証適用: 2個の特徴量 (timeframe=M30)
2026-06-19 13:48:44,817 - __main__ - INFO - 品質保証適用完了: 2列
2026-06-19 13:48:44,818 - __main__ - INFO - グループ計算完了: group_1c_rsi_stochastic - 2個の特徴量
2026-06-19 13:48:44,849 - __main__ - INFO - [Phase D-3] artifact 抽出完了 (engine_1_C): 2 features (group_1c_rsi_stochastic)
2026-06-19 13:48:44,891 - __main__ - INFO - グループ処理開始: group_1d_rsi_divergence (2個の特徴量)
2026-06-19 13:48:44,892 - __main__ - INFO - グループ計算開始: group_1d_rsi_divergence
2026-06-19 13:48:44,892 - __main__ - INFO - RSI特徴量計算開始
2026-06-19 13:48:44,893 - __main__ - INFO - RSI特徴量計算完了: 12個
2026-06-19 13:48:44,893 - __main__ - INFO - 品質保証システム適用開始 (EWMベース, timeframe=M30)
2026-06-19 13:48:44,894 - __main__ - INFO - 品質保証適用: 2個の特徴量 (timeframe=M30)
2026-06-19 13:48:44,895 - __main__ - INFO - 品質保証適用完了: 2列
2026-06-19 13:48:44,895 - __main__ - INFO - グループ計算完了: group_1d_rsi_divergence - 2個の特徴量
2026-06-19 13:48:44,934 - __main__ - INFO - [Phase D-3] artifact 抽出完了 (engine_1_C): 2 features (group_1d_rsi_divergence)
2026-06-19 13:48:44,978 - __main__ - INFO - グループ処理開始: group_2a_macd_standard (3個の特徴量)
2026-06-19 13:48:44,979 - __main__ - INFO - グループ計算開始: group_2a_macd_standard
2026-06-19 13:48:44,979 - __main__ - INFO - MACD特徴量計算開始
2026-06-19 13:48:44,980 - __main__ - INFO - MACD特徴量計算完了: 9個
2026-06-19 13:48:44,980 - __main__ - INFO - 品質保証システム適用開始 (EWMベース, timeframe=M30)
2026-06-19 13:48:44,981 - __main__ - INFO - 品質保証適用: 3個の特徴量 (timeframe=M30)
2026-06-19 13:48:44,981 - __main__ - INFO - 品質保証適用完了: 3列
2026-06-19 13:48:44,982 - __main__ - INFO - グループ計算完了: group_2a_macd_standard - 3個の特徴量
2026-06-19 13:48:45,023 - __main__ - INFO - [Phase D-3] artifact 抽出完了 (engine_1_C): 3 features (group_2a_macd_standard)
2026-06-19 13:48:45,069 - __main__ - INFO - グループ処理開始: group_2b_macd_variants (6個の特徴量)
2026-06-19 13:48:45,069 - __main__ - INFO - グループ計算開始: group_2b_macd_variants
2026-06-19 13:48:45,070 - __main__ - INFO - MACD特徴量計算開始
2026-06-19 13:48:45,070 - __main__ - INFO - MACD特徴量計算完了: 9個
2026-06-19 13:48:45,071 - __main__ - INFO - 品質保証システム適用開始 (EWMベース, timeframe=M30)
2026-06-19 13:48:45,071 - __main__ - INFO - 品質保証適用: 6個の特徴量 (timeframe=M30)
2026-06-19 13:48:45,072 - __main__ - INFO - 品質保証適用完了: 6列
2026-06-19 13:48:45,073 - __main__ - INFO - グループ計算完了: group_2b_macd_variants - 6個の特徴量
2026-06-19 13:48:45,152 - __main__ - INFO - [Phase D-3] artifact 抽出完了 (engine_1_C): 6 features (group_2b_macd_variants)
2026-06-19 13:48:45,196 - __main__ - INFO - グループ処理開始: group_3a_bb_20 (10個の特徴量)
2026-06-19 13:48:45,197 - __main__ - INFO - グループ計算開始: group_3a_bb_20
2026-06-19 13:48:45,197 - __main__ - INFO - ボリンジャーバンド特徴量計算開始
2026-06-19 13:48:45,198 - __main__ - INFO - ボリンジャーバンド特徴量計算完了: 54個
2026-06-19 13:48:45,200 - __main__ - INFO - 品質保証システム適用開始 (EWMベース, timeframe=M30)
2026-06-19 13:48:45,201 - __main__ - INFO - 品質保証適用: 14個の特徴量 (timeframe=M30)
2026-06-19 13:48:45,202 - __main__ - INFO - 品質保証適用完了: 14列
2026-06-19 13:48:45,203 - __main__ - INFO - グループ計算完了: group_3a_bb_20 - 16個の特徴量
2026-06-19 13:48:45,413 - __main__ - INFO - [Phase D-3] artifact 抽出完了 (engine_1_C): 14 features (group_3a_bb_20)
2026-06-19 13:48:45,460 - __main__ - INFO - グループ処理開始: group_3b_bb_30_50 (26個の特徴量)
2026-06-19 13:48:45,460 - __main__ - INFO - グループ計算開始: group_3b_bb_30_50
2026-06-19 13:48:45,460 - __main__ - INFO - ボリンジャーバンド特徴量計算開始
2026-06-19 13:48:45,462 - __main__ - INFO - ボリンジャーバンド特徴量計算完了: 54個
2026-06-19 13:48:45,463 - __main__ - INFO - 品質保証システム適用開始 (EWMベース, timeframe=M30)
2026-06-19 13:48:45,465 - __main__ - INFO - 品質保証適用: 30個の特徴量 (timeframe=M30)
2026-06-19 13:48:45,467 - __main__ - INFO - 品質保証適用完了: 30列
2026-06-19 13:48:45,468 - __main__ - INFO - グループ計算完了: group_3b_bb_30_50 - 38個の特徴量
2026-06-19 13:48:46,000 - __main__ - INFO - [Phase D-3] artifact 抽出完了 (engine_1_C): 30 features (group_3b_bb_30_50)
2026-06-19 13:48:46,046 - __main__ - INFO - グループ処理開始: group_3c_bb_variants (6個の特徴量)
2026-06-19 13:48:46,047 - __main__ - INFO - グループ計算開始: group_3c_bb_variants
2026-06-19 13:48:46,047 - __main__ - INFO - ボリンジャーバンド特徴量計算開始
2026-06-19 13:48:46,049 - __main__ - INFO - ボリンジャーバンド特徴量計算完了: 54個
2026-06-19 13:48:46,050 - __main__ - INFO - 品質保証システム適用開始 (EWMベース, timeframe=M30)
2026-06-19 13:48:46,051 - __main__ - INFO - 品質保証適用: 6個の特徴量 (timeframe=M30)
2026-06-19 13:48:46,052 - __main__ - INFO - 品質保証適用完了: 6列
2026-06-19 13:48:46,053 - __main__ - INFO - グループ計算完了: group_3c_bb_variants - 6個の特徴量
2026-06-19 13:48:46,145 - __main__ - INFO - [Phase D-3] artifact 抽出完了 (engine_1_C): 6 features (group_3c_bb_variants)
2026-06-19 13:48:46,190 - __main__ - INFO - グループ処理開始: group_4a_atr_basic (4個の特徴量)
2026-06-19 13:48:46,190 - __main__ - INFO - グループ計算開始: group_4a_atr_basic
2026-06-19 13:48:46,190 - __main__ - INFO - ATR特徴量計算開始
2026-06-19 13:48:46,191 - __main__ - INFO - ATR特徴量計算完了: 16個
2026-06-19 13:48:46,192 - __main__ - INFO - 品質保証システム適用開始 (EWMベース, timeframe=M30)
2026-06-19 13:48:46,193 - __main__ - INFO - 品質保証適用: 4個の特徴量 (timeframe=M30)
2026-06-19 13:48:46,193 - __main__ - INFO - 品質保証適用完了: 4列
2026-06-19 13:48:46,194 - __main__ - INFO - グループ計算完了: group_4a_atr_basic - 4個の特徴量
2026-06-19 13:48:46,248 - __main__ - INFO - [Phase D-3] artifact 抽出完了 (engine_1_C): 4 features (group_4a_atr_basic)
2026-06-19 13:48:46,292 - __main__ - INFO - グループ処理開始: group_4b_atr_extended (12個の特徴量)
2026-06-19 13:48:46,293 - __main__ - INFO - グループ計算開始: group_4b_atr_extended
2026-06-19 13:48:46,293 - __main__ - INFO - ATR特徴量計算開始
2026-06-19 13:48:46,294 - __main__ - INFO - ATR特徴量計算完了: 16個
2026-06-19 13:48:46,295 - __main__ - INFO - 品質保証システム適用開始 (EWMベース, timeframe=M30)
2026-06-19 13:48:46,295 - __main__ - INFO - 品質保証適用: 12個の特徴量 (timeframe=M30)
2026-06-19 13:48:46,297 - __main__ - INFO - 品質保証適用完了: 12列
2026-06-19 13:48:46,297 - __main__ - INFO - グループ計算完了: group_4b_atr_extended - 12個の特徴量
2026-06-19 13:48:46,470 - __main__ - INFO - [Phase D-3] artifact 抽出完了 (engine_1_C): 12 features (group_4b_atr_extended)
2026-06-19 13:48:46,513 - __main__ - INFO - グループ処理開始: group_5a_oscillators_basic (9個の特徴量)
2026-06-19 13:48:46,513 - __main__ - INFO - グループ計算開始: group_5a_oscillators_basic
2026-06-19 13:48:46,514 - __main__ - INFO - オシレーター特徴量計算開始
2026-06-19 13:48:46,515 - __main__ - INFO - オシレーター特徴量計算完了: 30個
2026-06-19 13:48:46,515 - __main__ - INFO - 品質保証システム適用開始 (EWMベース, timeframe=M30)
2026-06-19 13:48:46,516 - __main__ - INFO - 品質保証適用: 9個の特徴量 (timeframe=M30)
2026-06-19 13:48:46,517 - __main__ - INFO - 品質保証適用完了: 9列
2026-06-19 13:48:46,517 - __main__ - INFO - グループ計算完了: group_5a_oscillators_basic - 9個の特徴量
2026-06-19 13:48:46,642 - __main__ - INFO - [Phase D-3] artifact 抽出完了 (engine_1_C): 9 features (group_5a_oscillators_basic)
2026-06-19 13:48:46,689 - __main__ - INFO - グループ処理開始: group_5b_oscillators_extended (21個の特徴量)
2026-06-19 13:48:46,690 - __main__ - INFO - グループ計算開始: group_5b_oscillators_extended
2026-06-19 13:48:46,690 - __main__ - INFO - オシレーター特徴量計算開始
2026-06-19 13:48:46,691 - __main__ - INFO - オシレーター特徴量計算完了: 30個
2026-06-19 13:48:46,692 - __main__ - INFO - 品質保証システム適用開始 (EWMベース, timeframe=M30)
2026-06-19 13:48:46,692 - __main__ - INFO - 品質保証適用: 21個の特徴量 (timeframe=M30)
2026-06-19 13:48:46,694 - __main__ - INFO - 品質保証適用完了: 21列
2026-06-19 13:48:46,694 - __main__ - INFO - グループ計算完了: group_5b_oscillators_extended - 21個の特徴量
2026-06-19 13:48:46,989 - __main__ - INFO - [Phase D-3] artifact 抽出完了 (engine_1_C): 21 features (group_5b_oscillators_extended)
2026-06-19 13:48:47,034 - __main__ - INFO - グループ処理開始: group_6a_momentum_basic (8個の特徴量)
2026-06-19 13:48:47,034 - __main__ - INFO - グループ計算開始: group_6a_momentum_basic
2026-06-19 13:48:47,034 - __main__ - INFO - モメンタム特徴量計算開始
2026-06-19 13:48:47,035 - __main__ - INFO - モメンタム特徴量計算完了: 17個
2026-06-19 13:48:47,036 - __main__ - INFO - 品質保証システム適用開始 (EWMベース, timeframe=M30)
2026-06-19 13:48:47,036 - __main__ - INFO - 品質保証適用: 8個の特徴量 (timeframe=M30)
2026-06-19 13:48:47,037 - __main__ - INFO - 品質保証適用完了: 8列
2026-06-19 13:48:47,037 - __main__ - INFO - グループ計算完了: group_6a_momentum_basic - 8個の特徴量
2026-06-19 13:48:47,146 - __main__ - INFO - [Phase D-3] artifact 抽出完了 (engine_1_C): 8 features (group_6a_momentum_basic)
2026-06-19 13:48:47,189 - __main__ - INFO - グループ処理開始: group_6b_momentum_extended (9個の特徴量)
2026-06-19 13:48:47,190 - __main__ - INFO - グループ計算開始: group_6b_momentum_extended
2026-06-19 13:48:47,190 - __main__ - INFO - モメンタム特徴量計算開始
2026-06-19 13:48:47,191 - __main__ - INFO - モメンタム特徴量計算完了: 17個
2026-06-19 13:48:47,192 - __main__ - INFO - 品質保証システム適用開始 (EWMベース, timeframe=M30)
2026-06-19 13:48:47,192 - __main__ - INFO - 品質保証適用: 9個の特徴量 (timeframe=M30)
2026-06-19 13:48:47,193 - __main__ - INFO - 品質保証適用完了: 9列
2026-06-19 13:48:47,194 - __main__ - INFO - グループ計算完了: group_6b_momentum_extended - 9個の特徴量
2026-06-19 13:48:47,362 - __main__ - INFO - [Phase D-3] artifact 抽出完了 (engine_1_C): 9 features (group_6b_momentum_extended)
2026-06-19 13:48:47,406 - __main__ - INFO - グループ処理開始: group_7_moving_averages (15個の特徴量)
2026-06-19 13:48:47,406 - __main__ - INFO - グループ計算開始: group_7_moving_averages
2026-06-19 13:48:47,407 - __main__ - INFO - 移動平均線特徴量計算開始
2026-06-19 13:48:47,408 - __main__ - INFO - 移動平均線特徴量計算完了: 39個
2026-06-19 13:48:47,410 - __main__ - INFO - 品質保証システム適用開始 (EWMベース, timeframe=M30)
2026-06-19 13:48:47,411 - __main__ - INFO - 品質保証適用: 15個の特徴量 (timeframe=M30)
2026-06-19 13:48:47,412 - __main__ - INFO - 品質保証適用完了: 15列
2026-06-19 13:48:47,413 - __main__ - INFO - グループ計算完了: group_7_moving_averages - 19個の特徴量
2026-06-19 13:48:47,630 - __main__ - INFO - [Phase D-3] artifact 抽出完了 (engine_1_C): 15 features (group_7_moving_averages)
2026-06-19 13:48:47,679 - __main__ - INFO - グループ処理開始: group_8_advanced (14個の特徴量)
2026-06-19 13:48:47,679 - __main__ - INFO - グループ計算開始: group_8_advanced
2026-06-19 13:48:47,680 - __main__ - INFO - 高度な指標特徴量計算開始
2026-06-19 13:48:47,681 - __main__ - INFO - 高度な指標特徴量計算完了: 14個
2026-06-19 13:48:47,682 - __main__ - INFO - 品質保証システム適用開始 (EWMベース, timeframe=M30)
2026-06-19 13:48:47,683 - __main__ - INFO - 品質保証適用: 14個の特徴量 (timeframe=M30)
2026-06-19 13:48:47,684 - __main__ - INFO - 品質保証適用完了: 14列
2026-06-19 13:48:47,685 - __main__ - INFO - グループ計算完了: group_8_advanced - 15個の特徴量
2026-06-19 13:48:47,970 - __main__ - INFO - [Phase D-3] artifact 抽出完了 (engine_1_C): 14 features (group_8_advanced)
2026-06-19 13:48:48,018 - __main__ - INFO - グループ処理開始: group_9_moving_extended (24個の特徴量)
2026-06-19 13:48:48,018 - __main__ - INFO - グループ計算開始: group_9_moving_extended
2026-06-19 13:48:48,019 - __main__ - INFO - 移動平均線特徴量計算開始
2026-06-19 13:48:48,020 - __main__ - INFO - 移動平均線特徴量計算完了: 39個
2026-06-19 13:48:48,021 - __main__ - INFO - 品質保証システム適用開始 (EWMベース, timeframe=M30)
2026-06-19 13:48:48,022 - __main__ - INFO - 品質保証適用: 24個の特徴量 (timeframe=M30)
2026-06-19 13:48:48,024 - __main__ - INFO - 品質保証適用完了: 24列
2026-06-19 13:48:48,024 - __main__ - INFO - グループ計算完了: group_9_moving_extended - 30個の特徴量
2026-06-19 13:48:48,402 - __main__ - INFO - [Phase D-3] artifact 抽出完了 (engine_1_C): 24 features (group_9_moving_extended)
2026-06-19 13:48:48,450 - __main__ - INFO - 全グループ計算完了。ファイルの結合を開始します...
2026-06-19 13:48:49,156 - __main__ - INFO - NaN埋め処理完了: 184個の特徴量 (basic=7, ホワイトリスト方式)
2026-06-19 13:48:49,247 - __main__ - INFO - 保存完了: features_e1c_M30.parquet (3.61MB, 0.09秒)
2026-06-19 13:48:49,247 - __main__ - INFO - === 通常処理完了: M30 - 4.74秒 ===
2026-06-19 13:48:49,248 - __main__ - INFO - === 通常処理開始: timeframe=H1 ===
2026-06-19 13:48:49,248 - __main__ - INFO - DataEngine初期化: /workspace/data/XAUUSD/stratum_1_base/master_processed
2026-06-19 13:48:49,250 - __main__ - INFO - 一時ディレクトリ作成: /tmp/features_e1c_56hk02a8
2026-06-19 13:48:49,250 - __main__ - INFO - CalculationEngine初期化: e1c_
2026-06-19 13:48:49,255 - __main__ - INFO - OutputEngine初期化: /workspace/data/XAUUSD/stratum_2_features/feature_value_a_vast_universeC
2026-06-19 13:48:49,285 - __main__ - INFO - データサマリー: {'columns': ['timeframe', 'timestamp', 'open', 'high', 'low', 'close', 'volume', 'disc', 'log_return', 'rolling_volatility', 'rolling_avg_volume', 'price_direction', 'price_momentum', 'volume_ratio'], 'dtypes': {'timeframe': 'String', 'timestamp': "Datetime(time_unit='ns', time_zone=None)", 'open': 'Float64', 'high': 'Float64', 'low': 'Float64', 'close': 'Float64', 'volume': 'Int64', 'disc': 'Boolean', 'log_return': 'Float64', 'rolling_volatility': 'Float64', 'rolling_avg_volume': 'Float64', 'price_direction': 'Int8', 'price_momentum': 'Float64', 'volume_ratio': 'Float64'}, 'sample_rows': 1000, 'memory_usage_mb': 0.08504581451416016}
2026-06-19 13:48:49,292 - __main__ - INFO - グループ処理開始: group_1a_rsi_basic (4個の特徴量)
2026-06-19 13:48:49,292 - __main__ - INFO - グループ計算開始: group_1a_rsi_basic
2026-06-19 13:48:49,293 - __main__ - INFO - RSI特徴量計算開始
2026-06-19 13:48:49,293 - __main__ - INFO - RSI特徴量計算完了: 12個
2026-06-19 13:48:49,294 - __main__ - INFO - 品質保証システム適用開始 (EWMベース, timeframe=H1)
2026-06-19 13:48:49,295 - __main__ - INFO - 品質保証適用: 6個の特徴量 (timeframe=H1)
2026-06-19 13:48:49,296 - __main__ - INFO - 品質保証適用完了: 6列
2026-06-19 13:48:49,296 - __main__ - INFO - グループ計算完了: group_1a_rsi_basic - 6個の特徴量
2026-06-19 13:48:49,385 - __main__ - INFO - [Phase D-3] artifact 抽出完了 (engine_1_C): 6 features (group_1a_rsi_basic)
2026-06-19 13:48:49,431 - __main__ - INFO - グループ処理開始: group_1b_rsi_extended (4個の特徴量)
2026-06-19 13:48:49,431 - __main__ - INFO - グループ計算開始: group_1b_rsi_extended
2026-06-19 13:48:49,432 - __main__ - INFO - RSI特徴量計算開始
2026-06-19 13:48:49,432 - __main__ - INFO - RSI特徴量計算完了: 12個
2026-06-19 13:48:49,433 - __main__ - INFO - 品質保証システム適用開始 (EWMベース, timeframe=H1)
2026-06-19 13:48:49,434 - __main__ - INFO - 品質保証適用: 4個の特徴量 (timeframe=H1)
2026-06-19 13:48:49,434 - __main__ - INFO - 品質保証適用完了: 4列
2026-06-19 13:48:49,435 - __main__ - INFO - グループ計算完了: group_1b_rsi_extended - 4個の特徴量
2026-06-19 13:48:49,490 - __main__ - INFO - [Phase D-3] artifact 抽出完了 (engine_1_C): 4 features (group_1b_rsi_extended)
2026-06-19 13:48:49,534 - __main__ - INFO - グループ処理開始: group_1c_rsi_stochastic (2個の特徴量)
2026-06-19 13:48:49,534 - __main__ - INFO - グループ計算開始: group_1c_rsi_stochastic
2026-06-19 13:48:49,535 - __main__ - INFO - RSI特徴量計算開始
2026-06-19 13:48:49,535 - __main__ - INFO - RSI特徴量計算完了: 12個
2026-06-19 13:48:49,536 - __main__ - INFO - 品質保証システム適用開始 (EWMベース, timeframe=H1)
2026-06-19 13:48:49,536 - __main__ - INFO - 品質保証適用: 2個の特徴量 (timeframe=H1)
2026-06-19 13:48:49,537 - __main__ - INFO - 品質保証適用完了: 2列
2026-06-19 13:48:49,537 - __main__ - INFO - グループ計算完了: group_1c_rsi_stochastic - 2個の特徴量
2026-06-19 13:48:49,565 - __main__ - INFO - [Phase D-3] artifact 抽出完了 (engine_1_C): 2 features (group_1c_rsi_stochastic)
2026-06-19 13:48:49,607 - __main__ - INFO - グループ処理開始: group_1d_rsi_divergence (2個の特徴量)
2026-06-19 13:48:49,607 - __main__ - INFO - グループ計算開始: group_1d_rsi_divergence
2026-06-19 13:48:49,608 - __main__ - INFO - RSI特徴量計算開始
2026-06-19 13:48:49,608 - __main__ - INFO - RSI特徴量計算完了: 12個
2026-06-19 13:48:49,609 - __main__ - INFO - 品質保証システム適用開始 (EWMベース, timeframe=H1)
2026-06-19 13:48:49,610 - __main__ - INFO - 品質保証適用: 2個の特徴量 (timeframe=H1)
2026-06-19 13:48:49,610 - __main__ - INFO - 品質保証適用完了: 2列
2026-06-19 13:48:49,611 - __main__ - INFO - グループ計算完了: group_1d_rsi_divergence - 2個の特徴量
2026-06-19 13:48:49,647 - __main__ - INFO - [Phase D-3] artifact 抽出完了 (engine_1_C): 2 features (group_1d_rsi_divergence)
2026-06-19 13:48:49,691 - __main__ - INFO - グループ処理開始: group_2a_macd_standard (3個の特徴量)
2026-06-19 13:48:49,692 - __main__ - INFO - グループ計算開始: group_2a_macd_standard
2026-06-19 13:48:49,692 - __main__ - INFO - MACD特徴量計算開始
2026-06-19 13:48:49,693 - __main__ - INFO - MACD特徴量計算完了: 9個
2026-06-19 13:48:49,694 - __main__ - INFO - 品質保証システム適用開始 (EWMベース, timeframe=H1)
2026-06-19 13:48:49,694 - __main__ - INFO - 品質保証適用: 3個の特徴量 (timeframe=H1)
2026-06-19 13:48:49,695 - __main__ - INFO - 品質保証適用完了: 3列
2026-06-19 13:48:49,696 - __main__ - INFO - グループ計算完了: group_2a_macd_standard - 3個の特徴量
2026-06-19 13:48:49,733 - __main__ - INFO - [Phase D-3] artifact 抽出完了 (engine_1_C): 3 features (group_2a_macd_standard)
2026-06-19 13:48:49,775 - __main__ - INFO - グループ処理開始: group_2b_macd_variants (6個の特徴量)
2026-06-19 13:48:49,776 - __main__ - INFO - グループ計算開始: group_2b_macd_variants
2026-06-19 13:48:49,776 - __main__ - INFO - MACD特徴量計算開始
2026-06-19 13:48:49,777 - __main__ - INFO - MACD特徴量計算完了: 9個
2026-06-19 13:48:49,778 - __main__ - INFO - 品質保証システム適用開始 (EWMベース, timeframe=H1)
2026-06-19 13:48:49,778 - __main__ - INFO - 品質保証適用: 6個の特徴量 (timeframe=H1)
2026-06-19 13:48:49,779 - __main__ - INFO - 品質保証適用完了: 6列
2026-06-19 13:48:49,779 - __main__ - INFO - グループ計算完了: group_2b_macd_variants - 6個の特徴量
2026-06-19 13:48:49,856 - __main__ - INFO - [Phase D-3] artifact 抽出完了 (engine_1_C): 6 features (group_2b_macd_variants)
2026-06-19 13:48:49,901 - __main__ - INFO - グループ処理開始: group_3a_bb_20 (10個の特徴量)
2026-06-19 13:48:49,901 - __main__ - INFO - グループ計算開始: group_3a_bb_20
2026-06-19 13:48:49,902 - __main__ - INFO - ボリンジャーバンド特徴量計算開始
2026-06-19 13:48:49,903 - __main__ - INFO - ボリンジャーバンド特徴量計算完了: 54個
2026-06-19 13:48:49,904 - __main__ - INFO - 品質保証システム適用開始 (EWMベース, timeframe=H1)
2026-06-19 13:48:49,906 - __main__ - INFO - 品質保証適用: 14個の特徴量 (timeframe=H1)
2026-06-19 13:48:49,907 - __main__ - INFO - 品質保証適用完了: 14列
2026-06-19 13:48:49,907 - __main__ - INFO - グループ計算完了: group_3a_bb_20 - 16個の特徴量
2026-06-19 13:48:50,095 - __main__ - INFO - [Phase D-3] artifact 抽出完了 (engine_1_C): 14 features (group_3a_bb_20)
2026-06-19 13:48:50,141 - __main__ - INFO - グループ処理開始: group_3b_bb_30_50 (26個の特徴量)
2026-06-19 13:48:50,141 - __main__ - INFO - グループ計算開始: group_3b_bb_30_50
2026-06-19 13:48:50,141 - __main__ - INFO - ボリンジャーバンド特徴量計算開始
2026-06-19 13:48:50,143 - __main__ - INFO - ボリンジャーバンド特徴量計算完了: 54個
2026-06-19 13:48:50,145 - __main__ - INFO - 品質保証システム適用開始 (EWMベース, timeframe=H1)
2026-06-19 13:48:50,146 - __main__ - INFO - 品質保証適用: 30個の特徴量 (timeframe=H1)
2026-06-19 13:48:50,148 - __main__ - INFO - 品質保証適用完了: 30列
2026-06-19 13:48:50,149 - __main__ - INFO - グループ計算完了: group_3b_bb_30_50 - 38個の特徴量
2026-06-19 13:48:50,614 - __main__ - INFO - [Phase D-3] artifact 抽出完了 (engine_1_C): 30 features (group_3b_bb_30_50)
2026-06-19 13:48:50,659 - __main__ - INFO - グループ処理開始: group_3c_bb_variants (6個の特徴量)
2026-06-19 13:48:50,660 - __main__ - INFO - グループ計算開始: group_3c_bb_variants
2026-06-19 13:48:50,660 - __main__ - INFO - ボリンジャーバンド特徴量計算開始
2026-06-19 13:48:50,661 - __main__ - INFO - ボリンジャーバンド特徴量計算完了: 54個
2026-06-19 13:48:50,663 - __main__ - INFO - 品質保証システム適用開始 (EWMベース, timeframe=H1)
2026-06-19 13:48:50,664 - __main__ - INFO - 品質保証適用: 6個の特徴量 (timeframe=H1)
2026-06-19 13:48:50,665 - __main__ - INFO - 品質保証適用完了: 6列
2026-06-19 13:48:50,666 - __main__ - INFO - グループ計算完了: group_3c_bb_variants - 6個の特徴量
2026-06-19 13:48:50,751 - __main__ - INFO - [Phase D-3] artifact 抽出完了 (engine_1_C): 6 features (group_3c_bb_variants)
2026-06-19 13:48:50,792 - __main__ - INFO - グループ処理開始: group_4a_atr_basic (4個の特徴量)
2026-06-19 13:48:50,793 - __main__ - INFO - グループ計算開始: group_4a_atr_basic
2026-06-19 13:48:50,793 - __main__ - INFO - ATR特徴量計算開始
2026-06-19 13:48:50,794 - __main__ - INFO - ATR特徴量計算完了: 16個
2026-06-19 13:48:50,795 - __main__ - INFO - 品質保証システム適用開始 (EWMベース, timeframe=H1)
2026-06-19 13:48:50,795 - __main__ - INFO - 品質保証適用: 4個の特徴量 (timeframe=H1)
2026-06-19 13:48:50,796 - __main__ - INFO - 品質保証適用完了: 4列
2026-06-19 13:48:50,796 - __main__ - INFO - グループ計算完了: group_4a_atr_basic - 4個の特徴量
2026-06-19 13:48:50,845 - __main__ - INFO - [Phase D-3] artifact 抽出完了 (engine_1_C): 4 features (group_4a_atr_basic)
2026-06-19 13:48:50,893 - __main__ - INFO - グループ処理開始: group_4b_atr_extended (12個の特徴量)
2026-06-19 13:48:50,893 - __main__ - INFO - グループ計算開始: group_4b_atr_extended
2026-06-19 13:48:50,894 - __main__ - INFO - ATR特徴量計算開始
2026-06-19 13:48:50,894 - __main__ - INFO - ATR特徴量計算完了: 16個
2026-06-19 13:48:50,895 - __main__ - INFO - 品質保証システム適用開始 (EWMベース, timeframe=H1)
2026-06-19 13:48:50,896 - __main__ - INFO - 品質保証適用: 12個の特徴量 (timeframe=H1)
2026-06-19 13:48:50,897 - __main__ - INFO - 品質保証適用完了: 12列
2026-06-19 13:48:50,897 - __main__ - INFO - グループ計算完了: group_4b_atr_extended - 12個の特徴量
2026-06-19 13:48:51,046 - __main__ - INFO - [Phase D-3] artifact 抽出完了 (engine_1_C): 12 features (group_4b_atr_extended)
2026-06-19 13:48:51,093 - __main__ - INFO - グループ処理開始: group_5a_oscillators_basic (9個の特徴量)
2026-06-19 13:48:51,094 - __main__ - INFO - グループ計算開始: group_5a_oscillators_basic
2026-06-19 13:48:51,094 - __main__ - INFO - オシレーター特徴量計算開始
2026-06-19 13:48:51,095 - __main__ - INFO - オシレーター特徴量計算完了: 30個
2026-06-19 13:48:51,096 - __main__ - INFO - 品質保証システム適用開始 (EWMベース, timeframe=H1)
2026-06-19 13:48:51,096 - __main__ - INFO - 品質保証適用: 9個の特徴量 (timeframe=H1)
2026-06-19 13:48:51,097 - __main__ - INFO - 品質保証適用完了: 9列
2026-06-19 13:48:51,098 - __main__ - INFO - グループ計算完了: group_5a_oscillators_basic - 9個の特徴量
2026-06-19 13:48:51,204 - __main__ - INFO - [Phase D-3] artifact 抽出完了 (engine_1_C): 9 features (group_5a_oscillators_basic)
2026-06-19 13:48:51,248 - __main__ - INFO - グループ処理開始: group_5b_oscillators_extended (21個の特徴量)
2026-06-19 13:48:51,249 - __main__ - INFO - グループ計算開始: group_5b_oscillators_extended
2026-06-19 13:48:51,249 - __main__ - INFO - オシレーター特徴量計算開始
2026-06-19 13:48:51,250 - __main__ - INFO - オシレーター特徴量計算完了: 30個
2026-06-19 13:48:51,251 - __main__ - INFO - 品質保証システム適用開始 (EWMベース, timeframe=H1)
2026-06-19 13:48:51,251 - __main__ - INFO - 品質保証適用: 21個の特徴量 (timeframe=H1)
2026-06-19 13:48:51,253 - __main__ - INFO - 品質保証適用完了: 21列
2026-06-19 13:48:51,253 - __main__ - INFO - グループ計算完了: group_5b_oscillators_extended - 21個の特徴量
2026-06-19 13:48:51,533 - __main__ - INFO - [Phase D-3] artifact 抽出完了 (engine_1_C): 21 features (group_5b_oscillators_extended)
2026-06-19 13:48:51,580 - __main__ - INFO - グループ処理開始: group_6a_momentum_basic (8個の特徴量)
2026-06-19 13:48:51,580 - __main__ - INFO - グループ計算開始: group_6a_momentum_basic
2026-06-19 13:48:51,581 - __main__ - INFO - モメンタム特徴量計算開始
2026-06-19 13:48:51,581 - __main__ - INFO - モメンタム特徴量計算完了: 17個
2026-06-19 13:48:51,582 - __main__ - INFO - 品質保証システム適用開始 (EWMベース, timeframe=H1)
2026-06-19 13:48:51,582 - __main__ - INFO - 品質保証適用: 8個の特徴量 (timeframe=H1)
2026-06-19 13:48:51,583 - __main__ - INFO - 品質保証適用完了: 8列
2026-06-19 13:48:51,584 - __main__ - INFO - グループ計算完了: group_6a_momentum_basic - 8個の特徴量
2026-06-19 13:48:51,682 - __main__ - INFO - [Phase D-3] artifact 抽出完了 (engine_1_C): 8 features (group_6a_momentum_basic)
2026-06-19 13:48:51,724 - __main__ - INFO - グループ処理開始: group_6b_momentum_extended (9個の特徴量)
2026-06-19 13:48:51,725 - __main__ - INFO - グループ計算開始: group_6b_momentum_extended
2026-06-19 13:48:51,725 - __main__ - INFO - モメンタム特徴量計算開始
2026-06-19 13:48:51,726 - __main__ - INFO - モメンタム特徴量計算完了: 17個
2026-06-19 13:48:51,727 - __main__ - INFO - 品質保証システム適用開始 (EWMベース, timeframe=H1)
2026-06-19 13:48:51,728 - __main__ - INFO - 品質保証適用: 9個の特徴量 (timeframe=H1)
2026-06-19 13:48:51,730 - __main__ - INFO - 品質保証適用完了: 9列
2026-06-19 13:48:51,731 - __main__ - INFO - グループ計算完了: group_6b_momentum_extended - 9個の特徴量
2026-06-19 13:48:51,897 - __main__ - INFO - [Phase D-3] artifact 抽出完了 (engine_1_C): 9 features (group_6b_momentum_extended)
2026-06-19 13:48:51,943 - __main__ - INFO - グループ処理開始: group_7_moving_averages (15個の特徴量)
2026-06-19 13:48:51,943 - __main__ - INFO - グループ計算開始: group_7_moving_averages
2026-06-19 13:48:51,944 - __main__ - INFO - 移動平均線特徴量計算開始
2026-06-19 13:48:51,945 - __main__ - INFO - 移動平均線特徴量計算完了: 39個
2026-06-19 13:48:51,946 - __main__ - INFO - 品質保証システム適用開始 (EWMベース, timeframe=H1)
2026-06-19 13:48:51,947 - __main__ - INFO - 品質保証適用: 15個の特徴量 (timeframe=H1)
2026-06-19 13:48:51,948 - __main__ - INFO - 品質保証適用完了: 15列
2026-06-19 13:48:51,949 - __main__ - INFO - グループ計算完了: group_7_moving_averages - 19個の特徴量
2026-06-19 13:48:52,144 - __main__ - INFO - [Phase D-3] artifact 抽出完了 (engine_1_C): 15 features (group_7_moving_averages)
2026-06-19 13:48:52,189 - __main__ - INFO - グループ処理開始: group_8_advanced (14個の特徴量)
2026-06-19 13:48:52,190 - __main__ - INFO - グループ計算開始: group_8_advanced
2026-06-19 13:48:52,190 - __main__ - INFO - 高度な指標特徴量計算開始
2026-06-19 13:48:52,191 - __main__ - INFO - 高度な指標特徴量計算完了: 14個
2026-06-19 13:48:52,192 - __main__ - INFO - 品質保証システム適用開始 (EWMベース, timeframe=H1)
2026-06-19 13:48:52,194 - __main__ - INFO - 品質保証適用: 14個の特徴量 (timeframe=H1)
2026-06-19 13:48:52,195 - __main__ - INFO - 品質保証適用完了: 14列
2026-06-19 13:48:52,196 - __main__ - INFO - グループ計算完了: group_8_advanced - 15個の特徴量
2026-06-19 13:48:52,470 - __main__ - INFO - [Phase D-3] artifact 抽出完了 (engine_1_C): 14 features (group_8_advanced)
2026-06-19 13:48:52,516 - __main__ - INFO - グループ処理開始: group_9_moving_extended (24個の特徴量)
2026-06-19 13:48:52,517 - __main__ - INFO - グループ計算開始: group_9_moving_extended
2026-06-19 13:48:52,517 - __main__ - INFO - 移動平均線特徴量計算開始
2026-06-19 13:48:52,519 - __main__ - INFO - 移動平均線特徴量計算完了: 39個
2026-06-19 13:48:52,520 - __main__ - INFO - 品質保証システム適用開始 (EWMベース, timeframe=H1)
2026-06-19 13:48:52,520 - __main__ - INFO - 品質保証適用: 24個の特徴量 (timeframe=H1)
2026-06-19 13:48:52,522 - __main__ - INFO - 品質保証適用完了: 24列
2026-06-19 13:48:52,523 - __main__ - INFO - グループ計算完了: group_9_moving_extended - 30個の特徴量
2026-06-19 13:48:52,868 - __main__ - INFO - [Phase D-3] artifact 抽出完了 (engine_1_C): 24 features (group_9_moving_extended)
2026-06-19 13:48:52,916 - __main__ - INFO - 全グループ計算完了。ファイルの結合を開始します...
2026-06-19 13:48:53,618 - __main__ - INFO - NaN埋め処理完了: 184個の特徴量 (basic=7, ホワイトリスト方式)
2026-06-19 13:48:53,702 - __main__ - INFO - 保存完了: features_e1c_H1.parquet (1.82MB, 0.08秒)
2026-06-19 13:48:53,702 - __main__ - INFO - === 通常処理完了: H1 - 4.45秒 ===
2026-06-19 13:48:53,703 - __main__ - INFO - === 通常処理開始: timeframe=H4 ===
2026-06-19 13:48:53,704 - __main__ - INFO - DataEngine初期化: /workspace/data/XAUUSD/stratum_1_base/master_processed
2026-06-19 13:48:53,704 - __main__ - INFO - 一時ディレクトリ作成: /tmp/features_e1c_39ix965t
2026-06-19 13:48:53,705 - __main__ - INFO - CalculationEngine初期化: e1c_
2026-06-19 13:48:53,710 - __main__ - INFO - OutputEngine初期化: /workspace/data/XAUUSD/stratum_2_features/feature_value_a_vast_universeC
2026-06-19 13:48:53,743 - __main__ - INFO - データサマリー: {'columns': ['timeframe', 'timestamp', 'open', 'high', 'low', 'close', 'volume', 'disc', 'log_return', 'rolling_volatility', 'rolling_avg_volume', 'price_direction', 'price_momentum', 'volume_ratio'], 'dtypes': {'timeframe': 'String', 'timestamp': "Datetime(time_unit='ns', time_zone=None)", 'open': 'Float64', 'high': 'Float64', 'low': 'Float64', 'close': 'Float64', 'volume': 'Int64', 'disc': 'Boolean', 'log_return': 'Float64', 'rolling_volatility': 'Float64', 'rolling_avg_volume': 'Float64', 'price_direction': 'Int8', 'price_momentum': 'Float64', 'volume_ratio': 'Float64'}, 'sample_rows': 362, 'memory_usage_mb': 0.030809402465820312}
2026-06-19 13:48:53,752 - __main__ - INFO - グループ処理開始: group_1a_rsi_basic (4個の特徴量)
2026-06-19 13:48:53,753 - __main__ - INFO - グループ計算開始: group_1a_rsi_basic
2026-06-19 13:48:53,753 - __main__ - INFO - RSI特徴量計算開始
2026-06-19 13:48:53,754 - __main__ - INFO - RSI特徴量計算完了: 12個
2026-06-19 13:48:53,754 - __main__ - INFO - 品質保証システム適用開始 (EWMベース, timeframe=H4)
2026-06-19 13:48:53,755 - __main__ - INFO - 品質保証適用: 6個の特徴量 (timeframe=H4)
2026-06-19 13:48:53,756 - __main__ - INFO - 品質保証適用完了: 6列
2026-06-19 13:48:53,756 - __main__ - INFO - グループ計算完了: group_1a_rsi_basic - 6個の特徴量
2026-06-19 13:48:53,842 - __main__ - INFO - [Phase D-3] artifact 抽出完了 (engine_1_C): 6 features (group_1a_rsi_basic)
2026-06-19 13:48:53,896 - __main__ - INFO - グループ処理開始: group_1b_rsi_extended (4個の特徴量)
2026-06-19 13:48:53,897 - __main__ - INFO - グループ計算開始: group_1b_rsi_extended
2026-06-19 13:48:53,897 - __main__ - INFO - RSI特徴量計算開始
2026-06-19 13:48:53,898 - __main__ - INFO - RSI特徴量計算完了: 12個
2026-06-19 13:48:53,899 - __main__ - INFO - 品質保証システム適用開始 (EWMベース, timeframe=H4)
2026-06-19 13:48:53,899 - __main__ - INFO - 品質保証適用: 4個の特徴量 (timeframe=H4)
2026-06-19 13:48:53,900 - __main__ - INFO - 品質保証適用完了: 4列
2026-06-19 13:48:53,900 - __main__ - INFO - グループ計算完了: group_1b_rsi_extended - 4個の特徴量
2026-06-19 13:48:53,958 - __main__ - INFO - [Phase D-3] artifact 抽出完了 (engine_1_C): 4 features (group_1b_rsi_extended)
2026-06-19 13:48:54,009 - __main__ - INFO - グループ処理開始: group_1c_rsi_stochastic (2個の特徴量)
2026-06-19 13:48:54,009 - __main__ - INFO - グループ計算開始: group_1c_rsi_stochastic
2026-06-19 13:48:54,010 - __main__ - INFO - RSI特徴量計算開始
2026-06-19 13:48:54,011 - __main__ - INFO - RSI特徴量計算完了: 12個
2026-06-19 13:48:54,011 - __main__ - INFO - 品質保証システム適用開始 (EWMベース, timeframe=H4)
2026-06-19 13:48:54,012 - __main__ - INFO - 品質保証適用: 2個の特徴量 (timeframe=H4)
2026-06-19 13:48:54,013 - __main__ - INFO - 品質保証適用完了: 2列
2026-06-19 13:48:54,013 - __main__ - INFO - グループ計算完了: group_1c_rsi_stochastic - 2個の特徴量
2026-06-19 13:48:54,042 - __main__ - INFO - [Phase D-3] artifact 抽出完了 (engine_1_C): 2 features (group_1c_rsi_stochastic)
2026-06-19 13:48:54,092 - __main__ - INFO - グループ処理開始: group_1d_rsi_divergence (2個の特徴量)
2026-06-19 13:48:54,093 - __main__ - INFO - グループ計算開始: group_1d_rsi_divergence
2026-06-19 13:48:54,093 - __main__ - INFO - RSI特徴量計算開始
2026-06-19 13:48:54,094 - __main__ - INFO - RSI特徴量計算完了: 12個
2026-06-19 13:48:54,095 - __main__ - INFO - 品質保証システム適用開始 (EWMベース, timeframe=H4)
2026-06-19 13:48:54,095 - __main__ - INFO - 品質保証適用: 2個の特徴量 (timeframe=H4)
2026-06-19 13:48:54,096 - __main__ - INFO - 品質保証適用完了: 2列
2026-06-19 13:48:54,096 - __main__ - INFO - グループ計算完了: group_1d_rsi_divergence - 2個の特徴量
2026-06-19 13:48:54,133 - __main__ - INFO - [Phase D-3] artifact 抽出完了 (engine_1_C): 2 features (group_1d_rsi_divergence)
2026-06-19 13:48:54,183 - __main__ - INFO - グループ処理開始: group_2a_macd_standard (3個の特徴量)
2026-06-19 13:48:54,183 - __main__ - INFO - グループ計算開始: group_2a_macd_standard
2026-06-19 13:48:54,184 - __main__ - INFO - MACD特徴量計算開始
2026-06-19 13:48:54,185 - __main__ - INFO - MACD特徴量計算完了: 9個
2026-06-19 13:48:54,185 - __main__ - INFO - 品質保証システム適用開始 (EWMベース, timeframe=H4)
2026-06-19 13:48:54,186 - __main__ - INFO - 品質保証適用: 3個の特徴量 (timeframe=H4)
2026-06-19 13:48:54,186 - __main__ - INFO - 品質保証適用完了: 3列
2026-06-19 13:48:54,187 - __main__ - INFO - グループ計算完了: group_2a_macd_standard - 3個の特徴量
2026-06-19 13:48:54,227 - __main__ - INFO - [Phase D-3] artifact 抽出完了 (engine_1_C): 3 features (group_2a_macd_standard)
2026-06-19 13:48:54,276 - __main__ - INFO - グループ処理開始: group_2b_macd_variants (6個の特徴量)
2026-06-19 13:48:54,277 - __main__ - INFO - グループ計算開始: group_2b_macd_variants
2026-06-19 13:48:54,277 - __main__ - INFO - MACD特徴量計算開始
2026-06-19 13:48:54,278 - __main__ - INFO - MACD特徴量計算完了: 9個
2026-06-19 13:48:54,279 - __main__ - INFO - 品質保証システム適用開始 (EWMベース, timeframe=H4)
2026-06-19 13:48:54,279 - __main__ - INFO - 品質保証適用: 6個の特徴量 (timeframe=H4)
2026-06-19 13:48:54,280 - __main__ - INFO - 品質保証適用完了: 6列
2026-06-19 13:48:54,281 - __main__ - INFO - グループ計算完了: group_2b_macd_variants - 6個の特徴量
2026-06-19 13:48:54,351 - __main__ - INFO - [Phase D-3] artifact 抽出完了 (engine_1_C): 6 features (group_2b_macd_variants)
2026-06-19 13:48:54,401 - __main__ - INFO - グループ処理開始: group_3a_bb_20 (10個の特徴量)
2026-06-19 13:48:54,401 - __main__ - INFO - グループ計算開始: group_3a_bb_20
2026-06-19 13:48:54,402 - __main__ - INFO - ボリンジャーバンド特徴量計算開始
2026-06-19 13:48:54,403 - __main__ - INFO - ボリンジャーバンド特徴量計算完了: 54個
2026-06-19 13:48:54,404 - __main__ - INFO - 品質保証システム適用開始 (EWMベース, timeframe=H4)
2026-06-19 13:48:54,406 - __main__ - INFO - 品質保証適用: 14個の特徴量 (timeframe=H4)
2026-06-19 13:48:54,407 - __main__ - INFO - 品質保証適用完了: 14列
2026-06-19 13:48:54,408 - __main__ - INFO - グループ計算完了: group_3a_bb_20 - 16個の特徴量
2026-06-19 13:48:54,585 - __main__ - INFO - [Phase D-3] artifact 抽出完了 (engine_1_C): 14 features (group_3a_bb_20)
2026-06-19 13:48:54,635 - __main__ - INFO - グループ処理開始: group_3b_bb_30_50 (26個の特徴量)
2026-06-19 13:48:54,635 - __main__ - INFO - グループ計算開始: group_3b_bb_30_50
2026-06-19 13:48:54,636 - __main__ - INFO - ボリンジャーバンド特徴量計算開始
2026-06-19 13:48:54,637 - __main__ - INFO - ボリンジャーバンド特徴量計算完了: 54個
2026-06-19 13:48:54,638 - __main__ - INFO - 品質保証システム適用開始 (EWMベース, timeframe=H4)
2026-06-19 13:48:54,640 - __main__ - INFO - 品質保証適用: 30個の特徴量 (timeframe=H4)
2026-06-19 13:48:54,643 - __main__ - INFO - 品質保証適用完了: 30列
2026-06-19 13:48:54,643 - __main__ - INFO - グループ計算完了: group_3b_bb_30_50 - 38個の特徴量
2026-06-19 13:48:55,092 - __main__ - INFO - [Phase D-3] artifact 抽出完了 (engine_1_C): 30 features (group_3b_bb_30_50)
2026-06-19 13:48:55,145 - __main__ - INFO - グループ処理開始: group_3c_bb_variants (6個の特徴量)
2026-06-19 13:48:55,146 - __main__ - INFO - グループ計算開始: group_3c_bb_variants
2026-06-19 13:48:55,146 - __main__ - INFO - ボリンジャーバンド特徴量計算開始
2026-06-19 13:48:55,147 - __main__ - INFO - ボリンジャーバンド特徴量計算完了: 54個
2026-06-19 13:48:55,149 - __main__ - INFO - 品質保証システム適用開始 (EWMベース, timeframe=H4)
2026-06-19 13:48:55,150 - __main__ - INFO - 品質保証適用: 6個の特徴量 (timeframe=H4)
2026-06-19 13:48:55,151 - __main__ - INFO - 品質保証適用完了: 6列
2026-06-19 13:48:55,151 - __main__ - INFO - グループ計算完了: group_3c_bb_variants - 6個の特徴量
2026-06-19 13:48:55,229 - __main__ - INFO - [Phase D-3] artifact 抽出完了 (engine_1_C): 6 features (group_3c_bb_variants)
2026-06-19 13:48:55,278 - __main__ - INFO - グループ処理開始: group_4a_atr_basic (4個の特徴量)
2026-06-19 13:48:55,279 - __main__ - INFO - グループ計算開始: group_4a_atr_basic
2026-06-19 13:48:55,279 - __main__ - INFO - ATR特徴量計算開始
2026-06-19 13:48:55,280 - __main__ - INFO - ATR特徴量計算完了: 16個
2026-06-19 13:48:55,281 - __main__ - INFO - 品質保証システム適用開始 (EWMベース, timeframe=H4)
2026-06-19 13:48:55,281 - __main__ - INFO - 品質保証適用: 4個の特徴量 (timeframe=H4)
2026-06-19 13:48:55,282 - __main__ - INFO - 品質保証適用完了: 4列
2026-06-19 13:48:55,282 - __main__ - INFO - グループ計算完了: group_4a_atr_basic - 4個の特徴量
2026-06-19 13:48:55,329 - __main__ - INFO - [Phase D-3] artifact 抽出完了 (engine_1_C): 4 features (group_4a_atr_basic)
2026-06-19 13:48:55,378 - __main__ - INFO - グループ処理開始: group_4b_atr_extended (12個の特徴量)
2026-06-19 13:48:55,379 - __main__ - INFO - グループ計算開始: group_4b_atr_extended
2026-06-19 13:48:55,379 - __main__ - INFO - ATR特徴量計算開始
2026-06-19 13:48:55,380 - __main__ - INFO - ATR特徴量計算完了: 16個
2026-06-19 13:48:55,380 - __main__ - INFO - 品質保証システム適用開始 (EWMベース, timeframe=H4)
2026-06-19 13:48:55,381 - __main__ - INFO - 品質保証適用: 12個の特徴量 (timeframe=H4)
2026-06-19 13:48:55,382 - __main__ - INFO - 品質保証適用完了: 12列
2026-06-19 13:48:55,382 - __main__ - INFO - グループ計算完了: group_4b_atr_extended - 12個の特徴量
2026-06-19 13:48:55,526 - __main__ - INFO - [Phase D-3] artifact 抽出完了 (engine_1_C): 12 features (group_4b_atr_extended)
2026-06-19 13:48:55,574 - __main__ - INFO - グループ処理開始: group_5a_oscillators_basic (9個の特徴量)
2026-06-19 13:48:55,574 - __main__ - INFO - グループ計算開始: group_5a_oscillators_basic
2026-06-19 13:48:55,575 - __main__ - INFO - オシレーター特徴量計算開始
2026-06-19 13:48:55,576 - __main__ - INFO - オシレーター特徴量計算完了: 30個
2026-06-19 13:48:55,576 - __main__ - INFO - 品質保証システム適用開始 (EWMベース, timeframe=H4)
2026-06-19 13:48:55,577 - __main__ - INFO - 品質保証適用: 9個の特徴量 (timeframe=H4)
2026-06-19 13:48:55,578 - __main__ - INFO - 品質保証適用完了: 9列
2026-06-19 13:48:55,578 - __main__ - INFO - グループ計算完了: group_5a_oscillators_basic - 9個の特徴量
2026-06-19 13:48:55,683 - __main__ - INFO - [Phase D-3] artifact 抽出完了 (engine_1_C): 9 features (group_5a_oscillators_basic)
2026-06-19 13:48:55,734 - __main__ - INFO - グループ処理開始: group_5b_oscillators_extended (21個の特徴量)
2026-06-19 13:48:55,735 - __main__ - INFO - グループ計算開始: group_5b_oscillators_extended
2026-06-19 13:48:55,735 - __main__ - INFO - オシレーター特徴量計算開始
2026-06-19 13:48:55,736 - __main__ - INFO - オシレーター特徴量計算完了: 30個
2026-06-19 13:48:55,737 - __main__ - INFO - 品質保証システム適用開始 (EWMベース, timeframe=H4)
2026-06-19 13:48:55,737 - __main__ - INFO - 品質保証適用: 21個の特徴量 (timeframe=H4)
2026-06-19 13:48:55,739 - __main__ - INFO - 品質保証適用完了: 21列
2026-06-19 13:48:55,740 - __main__ - INFO - グループ計算完了: group_5b_oscillators_extended - 21個の特徴量
2026-06-19 13:48:55,999 - __main__ - INFO - [Phase D-3] artifact 抽出完了 (engine_1_C): 21 features (group_5b_oscillators_extended)
2026-06-19 13:48:56,044 - __main__ - INFO - グループ処理開始: group_6a_momentum_basic (8個の特徴量)
2026-06-19 13:48:56,045 - __main__ - INFO - グループ計算開始: group_6a_momentum_basic
2026-06-19 13:48:56,045 - __main__ - INFO - モメンタム特徴量計算開始
2026-06-19 13:48:56,046 - __main__ - INFO - モメンタム特徴量計算完了: 17個
2026-06-19 13:48:56,047 - __main__ - INFO - 品質保証システム適用開始 (EWMベース, timeframe=H4)
2026-06-19 13:48:56,047 - __main__ - INFO - 品質保証適用: 8個の特徴量 (timeframe=H4)
2026-06-19 13:48:56,048 - __main__ - INFO - 品質保証適用完了: 8列
2026-06-19 13:48:56,049 - __main__ - INFO - グループ計算完了: group_6a_momentum_basic - 8個の特徴量
2026-06-19 13:48:56,137 - __main__ - INFO - [Phase D-3] artifact 抽出完了 (engine_1_C): 8 features (group_6a_momentum_basic)
2026-06-19 13:48:56,182 - __main__ - INFO - グループ処理開始: group_6b_momentum_extended (9個の特徴量)
2026-06-19 13:48:56,183 - __main__ - INFO - グループ計算開始: group_6b_momentum_extended
2026-06-19 13:48:56,183 - __main__ - INFO - モメンタム特徴量計算開始
2026-06-19 13:48:56,184 - __main__ - INFO - モメンタム特徴量計算完了: 17個
2026-06-19 13:48:56,185 - __main__ - INFO - 品質保証システム適用開始 (EWMベース, timeframe=H4)
2026-06-19 13:48:56,185 - __main__ - INFO - 品質保証適用: 9個の特徴量 (timeframe=H4)
2026-06-19 13:48:56,186 - __main__ - INFO - 品質保証適用完了: 9列
2026-06-19 13:48:56,187 - __main__ - INFO - グループ計算完了: group_6b_momentum_extended - 9個の特徴量
2026-06-19 13:48:56,355 - __main__ - INFO - [Phase D-3] artifact 抽出完了 (engine_1_C): 9 features (group_6b_momentum_extended)
2026-06-19 13:48:56,403 - __main__ - INFO - グループ処理開始: group_7_moving_averages (15個の特徴量)
2026-06-19 13:48:56,404 - __main__ - INFO - グループ計算開始: group_7_moving_averages
2026-06-19 13:48:56,404 - __main__ - INFO - 移動平均線特徴量計算開始
2026-06-19 13:48:56,405 - __main__ - INFO - 移動平均線特徴量計算完了: 39個
2026-06-19 13:48:56,406 - __main__ - INFO - 品質保証システム適用開始 (EWMベース, timeframe=H4)
2026-06-19 13:48:56,407 - __main__ - INFO - 品質保証適用: 15個の特徴量 (timeframe=H4)
2026-06-19 13:48:56,409 - __main__ - INFO - 品質保証適用完了: 15列
2026-06-19 13:48:56,410 - __main__ - INFO - グループ計算完了: group_7_moving_averages - 19個の特徴量
2026-06-19 13:48:56,587 - __main__ - INFO - [Phase D-3] artifact 抽出完了 (engine_1_C): 15 features (group_7_moving_averages)
2026-06-19 13:48:56,650 - __main__ - INFO - グループ処理開始: group_8_advanced (14個の特徴量)
2026-06-19 13:48:56,651 - __main__ - INFO - グループ計算開始: group_8_advanced
2026-06-19 13:48:56,651 - __main__ - INFO - 高度な指標特徴量計算開始
2026-06-19 13:48:56,653 - __main__ - INFO - 高度な指標特徴量計算完了: 14個
2026-06-19 13:48:56,654 - __main__ - INFO - 品質保証システム適用開始 (EWMベース, timeframe=H4)
2026-06-19 13:48:56,655 - __main__ - INFO - 品質保証適用: 14個の特徴量 (timeframe=H4)
2026-06-19 13:48:56,657 - __main__ - INFO - 品質保証適用完了: 14列
2026-06-19 13:48:56,657 - __main__ - INFO - グループ計算完了: group_8_advanced - 15個の特徴量
2026-06-19 13:48:56,923 - __main__ - INFO - [Phase D-3] artifact 抽出完了 (engine_1_C): 14 features (group_8_advanced)
2026-06-19 13:48:56,969 - __main__ - INFO - グループ処理開始: group_9_moving_extended (24個の特徴量)
2026-06-19 13:48:56,970 - __main__ - INFO - グループ計算開始: group_9_moving_extended
2026-06-19 13:48:56,970 - __main__ - INFO - 移動平均線特徴量計算開始
2026-06-19 13:48:56,972 - __main__ - INFO - 移動平均線特徴量計算完了: 39個
2026-06-19 13:48:56,973 - __main__ - INFO - 品質保証システム適用開始 (EWMベース, timeframe=H4)
2026-06-19 13:48:56,973 - __main__ - INFO - 品質保証適用: 24個の特徴量 (timeframe=H4)
2026-06-19 13:48:56,976 - __main__ - INFO - 品質保証適用完了: 24列
2026-06-19 13:48:56,976 - __main__ - INFO - グループ計算完了: group_9_moving_extended - 30個の特徴量
2026-06-19 13:48:57,291 - __main__ - INFO - [Phase D-3] artifact 抽出完了 (engine_1_C): 24 features (group_9_moving_extended)
2026-06-19 13:48:57,336 - __main__ - INFO - 全グループ計算完了。ファイルの結合を開始します...
2026-06-19 13:48:58,051 - __main__ - INFO - NaN埋め処理完了: 184個の特徴量 (basic=7, ホワイトリスト方式)
2026-06-19 13:48:58,084 - __main__ - INFO - 保存完了: features_e1c_H4.parquet (0.51MB, 0.03秒)
2026-06-19 13:48:58,085 - __main__ - INFO - === 通常処理完了: H4 - 4.38秒 ===
2026-06-19 13:48:58,085 - __main__ - INFO - === 通常処理開始: timeframe=H6 ===
2026-06-19 13:48:58,086 - __main__ - INFO - DataEngine初期化: /workspace/data/XAUUSD/stratum_1_base/master_processed
2026-06-19 13:48:58,087 - __main__ - INFO - 一時ディレクトリ作成: /tmp/features_e1c_odp7oj3g
2026-06-19 13:48:58,087 - __main__ - INFO - CalculationEngine初期化: e1c_
2026-06-19 13:48:58,091 - __main__ - INFO - OutputEngine初期化: /workspace/data/XAUUSD/stratum_2_features/feature_value_a_vast_universeC
2026-06-19 13:48:58,123 - __main__ - INFO - データサマリー: {'columns': ['timeframe', 'timestamp', 'open', 'high', 'low', 'close', 'volume', 'disc', 'log_return', 'rolling_volatility', 'rolling_avg_volume', 'price_direction', 'price_momentum', 'volume_ratio'], 'dtypes': {'timeframe': 'String', 'timestamp': "Datetime(time_unit='ns', time_zone=None)", 'open': 'Float64', 'high': 'Float64', 'low': 'Float64', 'close': 'Float64', 'volume': 'Int64', 'disc': 'Boolean', 'log_return': 'Float64', 'rolling_volatility': 'Float64', 'rolling_avg_volume': 'Float64', 'price_direction': 'Int8', 'price_momentum': 'Float64', 'volume_ratio': 'Float64'}, 'sample_rows': 245, 'memory_usage_mb': 0.020862579345703125}
2026-06-19 13:48:58,130 - __main__ - INFO - グループ処理開始: group_1a_rsi_basic (4個の特徴量)
2026-06-19 13:48:58,131 - __main__ - INFO - グループ計算開始: group_1a_rsi_basic
2026-06-19 13:48:58,131 - __main__ - INFO - RSI特徴量計算開始
2026-06-19 13:48:58,132 - __main__ - INFO - RSI特徴量計算完了: 12個
2026-06-19 13:48:58,132 - __main__ - INFO - 品質保証システム適用開始 (EWMベース, timeframe=H6)
2026-06-19 13:48:58,133 - __main__ - INFO - 品質保証適用: 6個の特徴量 (timeframe=H6)
2026-06-19 13:48:58,134 - __main__ - INFO - 品質保証適用完了: 6列
2026-06-19 13:48:58,134 - __main__ - INFO - グループ計算完了: group_1a_rsi_basic - 6個の特徴量
2026-06-19 13:48:58,216 - __main__ - INFO - [Phase D-3] artifact 抽出完了 (engine_1_C): 6 features (group_1a_rsi_basic)
2026-06-19 13:48:58,263 - __main__ - INFO - グループ処理開始: group_1b_rsi_extended (4個の特徴量)
2026-06-19 13:48:58,264 - __main__ - INFO - グループ計算開始: group_1b_rsi_extended
2026-06-19 13:48:58,264 - __main__ - INFO - RSI特徴量計算開始
2026-06-19 13:48:58,265 - __main__ - INFO - RSI特徴量計算完了: 12個
2026-06-19 13:48:58,265 - __main__ - INFO - 品質保証システム適用開始 (EWMベース, timeframe=H6)
2026-06-19 13:48:58,266 - __main__ - INFO - 品質保証適用: 4個の特徴量 (timeframe=H6)
2026-06-19 13:48:58,266 - __main__ - INFO - 品質保証適用完了: 4列
2026-06-19 13:48:58,267 - __main__ - INFO - グループ計算完了: group_1b_rsi_extended - 4個の特徴量
2026-06-19 13:48:58,319 - __main__ - INFO - [Phase D-3] artifact 抽出完了 (engine_1_C): 4 features (group_1b_rsi_extended)
2026-06-19 13:48:58,362 - __main__ - INFO - グループ処理開始: group_1c_rsi_stochastic (2個の特徴量)
2026-06-19 13:48:58,363 - __main__ - INFO - グループ計算開始: group_1c_rsi_stochastic
2026-06-19 13:48:58,363 - __main__ - INFO - RSI特徴量計算開始
2026-06-19 13:48:58,364 - __main__ - INFO - RSI特徴量計算完了: 12個
2026-06-19 13:48:58,364 - __main__ - INFO - 品質保証システム適用開始 (EWMベース, timeframe=H6)
2026-06-19 13:48:58,365 - __main__ - INFO - 品質保証適用: 2個の特徴量 (timeframe=H6)
2026-06-19 13:48:58,365 - __main__ - INFO - 品質保証適用完了: 2列
2026-06-19 13:48:58,366 - __main__ - INFO - グループ計算完了: group_1c_rsi_stochastic - 2個の特徴量
2026-06-19 13:48:58,391 - __main__ - INFO - [Phase D-3] artifact 抽出完了 (engine_1_C): 2 features (group_1c_rsi_stochastic)
2026-06-19 13:48:58,437 - __main__ - INFO - グループ処理開始: group_1d_rsi_divergence (2個の特徴量)
2026-06-19 13:48:58,437 - __main__ - INFO - グループ計算開始: group_1d_rsi_divergence
2026-06-19 13:48:58,437 - __main__ - INFO - RSI特徴量計算開始
2026-06-19 13:48:58,438 - __main__ - INFO - RSI特徴量計算完了: 12個
2026-06-19 13:48:58,439 - __main__ - INFO - 品質保証システム適用開始 (EWMベース, timeframe=H6)
2026-06-19 13:48:58,439 - __main__ - INFO - 品質保証適用: 2個の特徴量 (timeframe=H6)
2026-06-19 13:48:58,440 - __main__ - INFO - 品質保証適用完了: 2列
2026-06-19 13:48:58,440 - __main__ - INFO - グループ計算完了: group_1d_rsi_divergence - 2個の特徴量
2026-06-19 13:48:58,470 - __main__ - INFO - [Phase D-3] artifact 抽出完了 (engine_1_C): 2 features (group_1d_rsi_divergence)
2026-06-19 13:48:58,512 - __main__ - INFO - グループ処理開始: group_2a_macd_standard (3個の特徴量)
2026-06-19 13:48:58,512 - __main__ - INFO - グループ計算開始: group_2a_macd_standard
2026-06-19 13:48:58,513 - __main__ - INFO - MACD特徴量計算開始
2026-06-19 13:48:58,513 - __main__ - INFO - MACD特徴量計算完了: 9個
2026-06-19 13:48:58,514 - __main__ - INFO - 品質保証システム適用開始 (EWMベース, timeframe=H6)
2026-06-19 13:48:58,514 - __main__ - INFO - 品質保証適用: 3個の特徴量 (timeframe=H6)
2026-06-19 13:48:58,515 - __main__ - INFO - 品質保証適用完了: 3列
2026-06-19 13:48:58,516 - __main__ - INFO - グループ計算完了: group_2a_macd_standard - 3個の特徴量
2026-06-19 13:48:58,552 - __main__ - INFO - [Phase D-3] artifact 抽出完了 (engine_1_C): 3 features (group_2a_macd_standard)
2026-06-19 13:48:58,594 - __main__ - INFO - グループ処理開始: group_2b_macd_variants (6個の特徴量)
2026-06-19 13:48:58,594 - __main__ - INFO - グループ計算開始: group_2b_macd_variants
2026-06-19 13:48:58,595 - __main__ - INFO - MACD特徴量計算開始
2026-06-19 13:48:58,595 - __main__ - INFO - MACD特徴量計算完了: 9個
2026-06-19 13:48:58,596 - __main__ - INFO - 品質保証システム適用開始 (EWMベース, timeframe=H6)
2026-06-19 13:48:58,597 - __main__ - INFO - 品質保証適用: 6個の特徴量 (timeframe=H6)
2026-06-19 13:48:58,597 - __main__ - INFO - 品質保証適用完了: 6列
2026-06-19 13:48:58,598 - __main__ - INFO - グループ計算完了: group_2b_macd_variants - 6個の特徴量
2026-06-19 13:48:58,664 - __main__ - INFO - [Phase D-3] artifact 抽出完了 (engine_1_C): 6 features (group_2b_macd_variants)
2026-06-19 13:48:58,708 - __main__ - INFO - グループ処理開始: group_3a_bb_20 (10個の特徴量)
2026-06-19 13:48:58,708 - __main__ - INFO - グループ計算開始: group_3a_bb_20
2026-06-19 13:48:58,709 - __main__ - INFO - ボリンジャーバンド特徴量計算開始
2026-06-19 13:48:58,710 - __main__ - INFO - ボリンジャーバンド特徴量計算完了: 54個
2026-06-19 13:48:58,711 - __main__ - INFO - 品質保証システム適用開始 (EWMベース, timeframe=H6)
2026-06-19 13:48:58,713 - __main__ - INFO - 品質保証適用: 14個の特徴量 (timeframe=H6)
2026-06-19 13:48:58,714 - __main__ - INFO - 品質保証適用完了: 14列
2026-06-19 13:48:58,715 - __main__ - INFO - グループ計算完了: group_3a_bb_20 - 16個の特徴量
2026-06-19 13:48:58,890 - __main__ - INFO - [Phase D-3] artifact 抽出完了 (engine_1_C): 14 features (group_3a_bb_20)
2026-06-19 13:48:58,938 - __main__ - INFO - グループ処理開始: group_3b_bb_30_50 (26個の特徴量)
2026-06-19 13:48:58,939 - __main__ - INFO - グループ計算開始: group_3b_bb_30_50
2026-06-19 13:48:58,939 - __main__ - INFO - ボリンジャーバンド特徴量計算開始
2026-06-19 13:48:58,940 - __main__ - INFO - ボリンジャーバンド特徴量計算完了: 54個
2026-06-19 13:48:58,942 - __main__ - INFO - 品質保証システム適用開始 (EWMベース, timeframe=H6)
2026-06-19 13:48:58,943 - __main__ - INFO - 品質保証適用: 30個の特徴量 (timeframe=H6)
2026-06-19 13:48:58,946 - __main__ - INFO - 品質保証適用完了: 30列
2026-06-19 13:48:58,946 - __main__ - INFO - グループ計算完了: group_3b_bb_30_50 - 38個の特徴量
2026-06-19 13:48:59,367 - __main__ - INFO - [Phase D-3] artifact 抽出完了 (engine_1_C): 30 features (group_3b_bb_30_50)
2026-06-19 13:48:59,413 - __main__ - INFO - グループ処理開始: group_3c_bb_variants (6個の特徴量)
2026-06-19 13:48:59,414 - __main__ - INFO - グループ計算開始: group_3c_bb_variants
2026-06-19 13:48:59,414 - __main__ - INFO - ボリンジャーバンド特徴量計算開始
2026-06-19 13:48:59,416 - __main__ - INFO - ボリンジャーバンド特徴量計算完了: 54個
2026-06-19 13:48:59,417 - __main__ - INFO - 品質保証システム適用開始 (EWMベース, timeframe=H6)
2026-06-19 13:48:59,418 - __main__ - INFO - 品質保証適用: 6個の特徴量 (timeframe=H6)
2026-06-19 13:48:59,419 - __main__ - INFO - 品質保証適用完了: 6列
2026-06-19 13:48:59,419 - __main__ - INFO - グループ計算完了: group_3c_bb_variants - 6個の特徴量
2026-06-19 13:48:59,488 - __main__ - INFO - [Phase D-3] artifact 抽出完了 (engine_1_C): 6 features (group_3c_bb_variants)
2026-06-19 13:48:59,530 - __main__ - INFO - グループ処理開始: group_4a_atr_basic (4個の特徴量)
2026-06-19 13:48:59,530 - __main__ - INFO - グループ計算開始: group_4a_atr_basic
2026-06-19 13:48:59,531 - __main__ - INFO - ATR特徴量計算開始
2026-06-19 13:48:59,532 - __main__ - INFO - ATR特徴量計算完了: 16個
2026-06-19 13:48:59,532 - __main__ - INFO - 品質保証システム適用開始 (EWMベース, timeframe=H6)
2026-06-19 13:48:59,533 - __main__ - INFO - 品質保証適用: 4個の特徴量 (timeframe=H6)
2026-06-19 13:48:59,534 - __main__ - INFO - 品質保証適用完了: 4列
2026-06-19 13:48:59,534 - __main__ - INFO - グループ計算完了: group_4a_atr_basic - 4個の特徴量
2026-06-19 13:48:59,580 - __main__ - INFO - [Phase D-3] artifact 抽出完了 (engine_1_C): 4 features (group_4a_atr_basic)
2026-06-19 13:48:59,623 - __main__ - INFO - グループ処理開始: group_4b_atr_extended (12個の特徴量)
2026-06-19 13:48:59,623 - __main__ - INFO - グループ計算開始: group_4b_atr_extended
2026-06-19 13:48:59,624 - __main__ - INFO - ATR特徴量計算開始
2026-06-19 13:48:59,625 - __main__ - INFO - ATR特徴量計算完了: 16個
2026-06-19 13:48:59,625 - __main__ - INFO - 品質保証システム適用開始 (EWMベース, timeframe=H6)
2026-06-19 13:48:59,626 - __main__ - INFO - 品質保証適用: 12個の特徴量 (timeframe=H6)
2026-06-19 13:48:59,627 - __main__ - INFO - 品質保証適用完了: 12列
2026-06-19 13:48:59,628 - __main__ - INFO - グループ計算完了: group_4b_atr_extended - 12個の特徴量
2026-06-19 13:48:59,770 - __main__ - INFO - [Phase D-3] artifact 抽出完了 (engine_1_C): 12 features (group_4b_atr_extended)
2026-06-19 13:48:59,815 - __main__ - INFO - グループ処理開始: group_5a_oscillators_basic (9個の特徴量)
2026-06-19 13:48:59,815 - __main__ - INFO - グループ計算開始: group_5a_oscillators_basic
2026-06-19 13:48:59,816 - __main__ - INFO - オシレーター特徴量計算開始
2026-06-19 13:48:59,816 - __main__ - INFO - オシレーター特徴量計算完了: 30個
2026-06-19 13:48:59,817 - __main__ - INFO - 品質保証システム適用開始 (EWMベース, timeframe=H6)
2026-06-19 13:48:59,818 - __main__ - INFO - 品質保証適用: 9個の特徴量 (timeframe=H6)
2026-06-19 13:48:59,819 - __main__ - INFO - 品質保証適用完了: 9列
2026-06-19 13:48:59,819 - __main__ - INFO - グループ計算完了: group_5a_oscillators_basic - 9個の特徴量
2026-06-19 13:48:59,919 - __main__ - INFO - [Phase D-3] artifact 抽出完了 (engine_1_C): 9 features (group_5a_oscillators_basic)
2026-06-19 13:48:59,963 - __main__ - INFO - グループ処理開始: group_5b_oscillators_extended (21個の特徴量)
2026-06-19 13:48:59,963 - __main__ - INFO - グループ計算開始: group_5b_oscillators_extended
2026-06-19 13:48:59,964 - __main__ - INFO - オシレーター特徴量計算開始
2026-06-19 13:48:59,964 - __main__ - INFO - オシレーター特徴量計算完了: 30個
2026-06-19 13:48:59,965 - __main__ - INFO - 品質保証システム適用開始 (EWMベース, timeframe=H6)
2026-06-19 13:48:59,966 - __main__ - INFO - 品質保証適用: 21個の特徴量 (timeframe=H6)
2026-06-19 13:48:59,968 - __main__ - INFO - 品質保証適用完了: 21列
2026-06-19 13:48:59,968 - __main__ - INFO - グループ計算完了: group_5b_oscillators_extended - 21個の特徴量
2026-06-19 13:49:00,230 - __main__ - INFO - [Phase D-3] artifact 抽出完了 (engine_1_C): 21 features (group_5b_oscillators_extended)
2026-06-19 13:49:00,274 - __main__ - INFO - グループ処理開始: group_6a_momentum_basic (8個の特徴量)
2026-06-19 13:49:00,274 - __main__ - INFO - グループ計算開始: group_6a_momentum_basic
2026-06-19 13:49:00,275 - __main__ - INFO - モメンタム特徴量計算開始
2026-06-19 13:49:00,276 - __main__ - INFO - モメンタム特徴量計算完了: 17個
2026-06-19 13:49:00,276 - __main__ - INFO - 品質保証システム適用開始 (EWMベース, timeframe=H6)
2026-06-19 13:49:00,277 - __main__ - INFO - 品質保証適用: 8個の特徴量 (timeframe=H6)
2026-06-19 13:49:00,278 - __main__ - INFO - 品質保証適用完了: 8列
2026-06-19 13:49:00,278 - __main__ - INFO - グループ計算完了: group_6a_momentum_basic - 8個の特徴量
2026-06-19 13:49:00,368 - __main__ - INFO - [Phase D-3] artifact 抽出完了 (engine_1_C): 8 features (group_6a_momentum_basic)
2026-06-19 13:49:00,412 - __main__ - INFO - グループ処理開始: group_6b_momentum_extended (9個の特徴量)
2026-06-19 13:49:00,412 - __main__ - INFO - グループ計算開始: group_6b_momentum_extended
2026-06-19 13:49:00,413 - __main__ - INFO - モメンタム特徴量計算開始
2026-06-19 13:49:00,413 - __main__ - INFO - モメンタム特徴量計算完了: 17個
2026-06-19 13:49:00,414 - __main__ - INFO - 品質保証システム適用開始 (EWMベース, timeframe=H6)
2026-06-19 13:49:00,415 - __main__ - INFO - 品質保証適用: 9個の特徴量 (timeframe=H6)
2026-06-19 13:49:00,416 - __main__ - INFO - 品質保証適用完了: 9列
2026-06-19 13:49:00,416 - __main__ - INFO - グループ計算完了: group_6b_momentum_extended - 9個の特徴量
2026-06-19 13:49:00,564 - __main__ - INFO - [Phase D-3] artifact 抽出完了 (engine_1_C): 9 features (group_6b_momentum_extended)
2026-06-19 13:49:00,609 - __main__ - INFO - グループ処理開始: group_7_moving_averages (15個の特徴量)
2026-06-19 13:49:00,610 - __main__ - INFO - グループ計算開始: group_7_moving_averages
2026-06-19 13:49:00,610 - __main__ - INFO - 移動平均線特徴量計算開始
2026-06-19 13:49:00,611 - __main__ - INFO - 移動平均線特徴量計算完了: 39個
2026-06-19 13:49:00,612 - __main__ - INFO - 品質保証システム適用開始 (EWMベース, timeframe=H6)
2026-06-19 13:49:00,613 - __main__ - INFO - 品質保証適用: 15個の特徴量 (timeframe=H6)
2026-06-19 13:49:00,615 - __main__ - INFO - 品質保証適用完了: 15列
2026-06-19 13:49:00,615 - __main__ - INFO - グループ計算完了: group_7_moving_averages - 19個の特徴量
2026-06-19 13:49:00,784 - __main__ - INFO - [Phase D-3] artifact 抽出完了 (engine_1_C): 15 features (group_7_moving_averages)
2026-06-19 13:49:00,828 - __main__ - INFO - グループ処理開始: group_8_advanced (14個の特徴量)
2026-06-19 13:49:00,829 - __main__ - INFO - グループ計算開始: group_8_advanced
2026-06-19 13:49:00,829 - __main__ - INFO - 高度な指標特徴量計算開始
2026-06-19 13:49:00,830 - __main__ - INFO - 高度な指標特徴量計算完了: 14個
2026-06-19 13:49:00,831 - __main__ - INFO - 品質保証システム適用開始 (EWMベース, timeframe=H6)
2026-06-19 13:49:00,832 - __main__ - INFO - 品質保証適用: 14個の特徴量 (timeframe=H6)
2026-06-19 13:49:00,833 - __main__ - INFO - 品質保証適用完了: 14列
2026-06-19 13:49:00,834 - __main__ - INFO - グループ計算完了: group_8_advanced - 15個の特徴量
2026-06-19 13:49:01,096 - __main__ - INFO - [Phase D-3] artifact 抽出完了 (engine_1_C): 14 features (group_8_advanced)
2026-06-19 13:49:01,145 - __main__ - INFO - グループ処理開始: group_9_moving_extended (24個の特徴量)
2026-06-19 13:49:01,145 - __main__ - INFO - グループ計算開始: group_9_moving_extended
2026-06-19 13:49:01,145 - __main__ - INFO - 移動平均線特徴量計算開始
2026-06-19 13:49:01,147 - __main__ - INFO - 移動平均線特徴量計算完了: 39個
2026-06-19 13:49:01,148 - __main__ - INFO - 品質保証システム適用開始 (EWMベース, timeframe=H6)
2026-06-19 13:49:01,148 - __main__ - INFO - 品質保証適用: 24個の特徴量 (timeframe=H6)
2026-06-19 13:49:01,150 - __main__ - INFO - 品質保証適用完了: 24列
2026-06-19 13:49:01,150 - __main__ - INFO - グループ計算完了: group_9_moving_extended - 30個の特徴量
2026-06-19 13:49:01,470 - __main__ - INFO - [Phase D-3] artifact 抽出完了 (engine_1_C): 24 features (group_9_moving_extended)
2026-06-19 13:49:01,514 - __main__ - INFO - 全グループ計算完了。ファイルの結合を開始します...
2026-06-19 13:49:02,214 - __main__ - INFO - NaN埋め処理完了: 184個の特徴量 (basic=7, ホワイトリスト方式)
2026-06-19 13:49:02,248 - __main__ - INFO - 保存完了: features_e1c_H6.parquet (0.36MB, 0.03秒)
2026-06-19 13:49:02,248 - __main__ - INFO - === 通常処理完了: H6 - 4.16秒 ===
2026-06-19 13:49:02,249 - __main__ - INFO - === 通常処理開始: timeframe=H12 ===
2026-06-19 13:49:02,250 - __main__ - INFO - DataEngine初期化: /workspace/data/XAUUSD/stratum_1_base/master_processed
2026-06-19 13:49:02,251 - __main__ - INFO - 一時ディレクトリ作成: /tmp/features_e1c_9coqb2li
2026-06-19 13:49:02,251 - __main__ - INFO - CalculationEngine初期化: e1c_
2026-06-19 13:49:02,256 - __main__ - INFO - OutputEngine初期化: /workspace/data/XAUUSD/stratum_2_features/feature_value_a_vast_universeC
2026-06-19 13:49:02,286 - __main__ - INFO - データサマリー: {'columns': ['timeframe', 'timestamp', 'open', 'high', 'low', 'close', 'volume', 'disc', 'log_return', 'rolling_volatility', 'rolling_avg_volume', 'price_direction', 'price_momentum', 'volume_ratio'], 'dtypes': {'timeframe': 'String', 'timestamp': "Datetime(time_unit='ns', time_zone=None)", 'open': 'Float64', 'high': 'Float64', 'low': 'Float64', 'close': 'Float64', 'volume': 'Int64', 'disc': 'Boolean', 'log_return': 'Float64', 'rolling_volatility': 'Float64', 'rolling_avg_volume': 'Float64', 'price_direction': 'Int8', 'price_momentum': 'Float64', 'volume_ratio': 'Float64'}, 'sample_rows': 129, 'memory_usage_mb': 0.011013031005859375}
2026-06-19 13:49:02,294 - __main__ - INFO - グループ処理開始: group_1a_rsi_basic (4個の特徴量)
2026-06-19 13:49:02,294 - __main__ - INFO - グループ計算開始: group_1a_rsi_basic
2026-06-19 13:49:02,294 - __main__ - INFO - RSI特徴量計算開始
2026-06-19 13:49:02,295 - __main__ - INFO - RSI特徴量計算完了: 12個
2026-06-19 13:49:02,296 - __main__ - INFO - 品質保証システム適用開始 (EWMベース, timeframe=H12)
2026-06-19 13:49:02,296 - __main__ - INFO - 品質保証適用: 6個の特徴量 (timeframe=H12)
2026-06-19 13:49:02,297 - __main__ - INFO - 品質保証適用完了: 6列
2026-06-19 13:49:02,297 - __main__ - INFO - グループ計算完了: group_1a_rsi_basic - 6個の特徴量
2026-06-19 13:49:02,379 - __main__ - INFO - [Phase D-3] artifact 抽出完了 (engine_1_C): 6 features (group_1a_rsi_basic)
2026-06-19 13:49:02,425 - __main__ - INFO - グループ処理開始: group_1b_rsi_extended (4個の特徴量)
2026-06-19 13:49:02,426 - __main__ - INFO - グループ計算開始: group_1b_rsi_extended
2026-06-19 13:49:02,426 - __main__ - INFO - RSI特徴量計算開始
2026-06-19 13:49:02,427 - __main__ - INFO - RSI特徴量計算完了: 12個
2026-06-19 13:49:02,428 - __main__ - INFO - 品質保証システム適用開始 (EWMベース, timeframe=H12)
2026-06-19 13:49:02,428 - __main__ - INFO - 品質保証適用: 4個の特徴量 (timeframe=H12)
2026-06-19 13:49:02,429 - __main__ - INFO - 品質保証適用完了: 4列
2026-06-19 13:49:02,429 - __main__ - INFO - グループ計算完了: group_1b_rsi_extended - 4個の特徴量
2026-06-19 13:49:02,484 - __main__ - INFO - [Phase D-3] artifact 抽出完了 (engine_1_C): 4 features (group_1b_rsi_extended)
2026-06-19 13:49:02,528 - __main__ - INFO - グループ処理開始: group_1c_rsi_stochastic (2個の特徴量)
2026-06-19 13:49:02,528 - __main__ - INFO - グループ計算開始: group_1c_rsi_stochastic
2026-06-19 13:49:02,529 - __main__ - INFO - RSI特徴量計算開始
2026-06-19 13:49:02,530 - __main__ - INFO - RSI特徴量計算完了: 12個
2026-06-19 13:49:02,530 - __main__ - INFO - 品質保証システム適用開始 (EWMベース, timeframe=H12)
2026-06-19 13:49:02,531 - __main__ - INFO - 品質保証適用: 2個の特徴量 (timeframe=H12)
2026-06-19 13:49:02,531 - __main__ - INFO - 品質保証適用完了: 2列
2026-06-19 13:49:02,532 - __main__ - INFO - グループ計算完了: group_1c_rsi_stochastic - 2個の特徴量
2026-06-19 13:49:02,557 - __main__ - INFO - [Phase D-3] artifact 抽出完了 (engine_1_C): 2 features (group_1c_rsi_stochastic)
2026-06-19 13:49:02,601 - __main__ - INFO - グループ処理開始: group_1d_rsi_divergence (2個の特徴量)
2026-06-19 13:49:02,601 - __main__ - INFO - グループ計算開始: group_1d_rsi_divergence
2026-06-19 13:49:02,602 - __main__ - INFO - RSI特徴量計算開始
2026-06-19 13:49:02,602 - __main__ - INFO - RSI特徴量計算完了: 12個
2026-06-19 13:49:02,603 - __main__ - INFO - 品質保証システム適用開始 (EWMベース, timeframe=H12)
2026-06-19 13:49:02,603 - __main__ - INFO - 品質保証適用: 2個の特徴量 (timeframe=H12)
2026-06-19 13:49:02,604 - __main__ - INFO - 品質保証適用完了: 2列
2026-06-19 13:49:02,604 - __main__ - INFO - グループ計算完了: group_1d_rsi_divergence - 2個の特徴量
2026-06-19 13:49:02,638 - __main__ - INFO - [Phase D-3] artifact 抽出完了 (engine_1_C): 2 features (group_1d_rsi_divergence)
2026-06-19 13:49:02,684 - __main__ - INFO - グループ処理開始: group_2a_macd_standard (3個の特徴量)
2026-06-19 13:49:02,685 - __main__ - INFO - グループ計算開始: group_2a_macd_standard
2026-06-19 13:49:02,685 - __main__ - INFO - MACD特徴量計算開始
2026-06-19 13:49:02,686 - __main__ - INFO - MACD特徴量計算完了: 9個
2026-06-19 13:49:02,686 - __main__ - INFO - 品質保証システム適用開始 (EWMベース, timeframe=H12)
2026-06-19 13:49:02,687 - __main__ - INFO - 品質保証適用: 3個の特徴量 (timeframe=H12)
2026-06-19 13:49:02,687 - __main__ - INFO - 品質保証適用完了: 3列
2026-06-19 13:49:02,688 - __main__ - INFO - グループ計算完了: group_2a_macd_standard - 3個の特徴量
2026-06-19 13:49:02,721 - __main__ - INFO - [Phase D-3] artifact 抽出完了 (engine_1_C): 3 features (group_2a_macd_standard)
2026-06-19 13:49:02,762 - __main__ - INFO - グループ処理開始: group_2b_macd_variants (6個の特徴量)
2026-06-19 13:49:02,763 - __main__ - INFO - グループ計算開始: group_2b_macd_variants
2026-06-19 13:49:02,763 - __main__ - INFO - MACD特徴量計算開始
2026-06-19 13:49:02,764 - __main__ - INFO - MACD特徴量計算完了: 9個
2026-06-19 13:49:02,765 - __main__ - INFO - 品質保証システム適用開始 (EWMベース, timeframe=H12)
2026-06-19 13:49:02,765 - __main__ - INFO - 品質保証適用: 6個の特徴量 (timeframe=H12)
2026-06-19 13:49:02,766 - __main__ - INFO - 品質保証適用完了: 6列
2026-06-19 13:49:02,766 - __main__ - INFO - グループ計算完了: group_2b_macd_variants - 6個の特徴量
2026-06-19 13:49:02,832 - __main__ - INFO - [Phase D-3] artifact 抽出完了 (engine_1_C): 6 features (group_2b_macd_variants)
2026-06-19 13:49:02,874 - __main__ - INFO - グループ処理開始: group_3a_bb_20 (10個の特徴量)
2026-06-19 13:49:02,874 - __main__ - INFO - グループ計算開始: group_3a_bb_20
2026-06-19 13:49:02,875 - __main__ - INFO - ボリンジャーバンド特徴量計算開始
2026-06-19 13:49:02,876 - __main__ - INFO - ボリンジャーバンド特徴量計算完了: 54個
2026-06-19 13:49:02,878 - __main__ - INFO - 品質保証システム適用開始 (EWMベース, timeframe=H12)
2026-06-19 13:49:02,879 - __main__ - INFO - 品質保証適用: 14個の特徴量 (timeframe=H12)
2026-06-19 13:49:02,881 - __main__ - INFO - 品質保証適用完了: 14列
2026-06-19 13:49:02,881 - __main__ - INFO - グループ計算完了: group_3a_bb_20 - 16個の特徴量
2026-06-19 13:49:03,059 - __main__ - INFO - [Phase D-3] artifact 抽出完了 (engine_1_C): 14 features (group_3a_bb_20)
2026-06-19 13:49:03,104 - __main__ - INFO - グループ処理開始: group_3b_bb_30_50 (26個の特徴量)
2026-06-19 13:49:03,105 - __main__ - INFO - グループ計算開始: group_3b_bb_30_50
2026-06-19 13:49:03,105 - __main__ - INFO - ボリンジャーバンド特徴量計算開始
2026-06-19 13:49:03,106 - __main__ - INFO - ボリンジャーバンド特徴量計算完了: 54個
2026-06-19 13:49:03,108 - __main__ - INFO - 品質保証システム適用開始 (EWMベース, timeframe=H12)
2026-06-19 13:49:03,109 - __main__ - INFO - 品質保証適用: 30個の特徴量 (timeframe=H12)
2026-06-19 13:49:03,112 - __main__ - INFO - 品質保証適用完了: 30列
2026-06-19 13:49:03,112 - __main__ - INFO - グループ計算完了: group_3b_bb_30_50 - 38個の特徴量
2026-06-19 13:49:03,544 - __main__ - INFO - [Phase D-3] artifact 抽出完了 (engine_1_C): 30 features (group_3b_bb_30_50)
2026-06-19 13:49:03,587 - __main__ - INFO - グループ処理開始: group_3c_bb_variants (6個の特徴量)
2026-06-19 13:49:03,588 - __main__ - INFO - グループ計算開始: group_3c_bb_variants
2026-06-19 13:49:03,588 - __main__ - INFO - ボリンジャーバンド特徴量計算開始
2026-06-19 13:49:03,589 - __main__ - INFO - ボリンジャーバンド特徴量計算完了: 54個
2026-06-19 13:49:03,591 - __main__ - INFO - 品質保証システム適用開始 (EWMベース, timeframe=H12)
2026-06-19 13:49:03,592 - __main__ - INFO - 品質保証適用: 6個の特徴量 (timeframe=H12)
2026-06-19 13:49:03,593 - __main__ - INFO - 品質保証適用完了: 6列
2026-06-19 13:49:03,594 - __main__ - INFO - グループ計算完了: group_3c_bb_variants - 6個の特徴量
2026-06-19 13:49:03,667 - __main__ - INFO - [Phase D-3] artifact 抽出完了 (engine_1_C): 6 features (group_3c_bb_variants)
2026-06-19 13:49:03,711 - __main__ - INFO - グループ処理開始: group_4a_atr_basic (4個の特徴量)
2026-06-19 13:49:03,712 - __main__ - INFO - グループ計算開始: group_4a_atr_basic
2026-06-19 13:49:03,712 - __main__ - INFO - ATR特徴量計算開始
2026-06-19 13:49:03,713 - __main__ - INFO - ATR特徴量計算完了: 16個
2026-06-19 13:49:03,714 - __main__ - INFO - 品質保証システム適用開始 (EWMベース, timeframe=H12)
2026-06-19 13:49:03,714 - __main__ - INFO - 品質保証適用: 4個の特徴量 (timeframe=H12)
2026-06-19 13:49:03,715 - __main__ - INFO - 品質保証適用完了: 4列
2026-06-19 13:49:03,715 - __main__ - INFO - グループ計算完了: group_4a_atr_basic - 4個の特徴量
2026-06-19 13:49:03,760 - __main__ - INFO - [Phase D-3] artifact 抽出完了 (engine_1_C): 4 features (group_4a_atr_basic)
2026-06-19 13:49:03,802 - __main__ - INFO - グループ処理開始: group_4b_atr_extended (12個の特徴量)
2026-06-19 13:49:03,803 - __main__ - INFO - グループ計算開始: group_4b_atr_extended
2026-06-19 13:49:03,803 - __main__ - INFO - ATR特徴量計算開始
2026-06-19 13:49:03,804 - __main__ - INFO - ATR特徴量計算完了: 16個
2026-06-19 13:49:03,805 - __main__ - INFO - 品質保証システム適用開始 (EWMベース, timeframe=H12)
2026-06-19 13:49:03,805 - __main__ - INFO - 品質保証適用: 12個の特徴量 (timeframe=H12)
2026-06-19 13:49:03,807 - __main__ - INFO - 品質保証適用完了: 12列
2026-06-19 13:49:03,807 - __main__ - INFO - グループ計算完了: group_4b_atr_extended - 12個の特徴量
2026-06-19 13:49:03,950 - __main__ - INFO - [Phase D-3] artifact 抽出完了 (engine_1_C): 12 features (group_4b_atr_extended)
2026-06-19 13:49:03,994 - __main__ - INFO - グループ処理開始: group_5a_oscillators_basic (9個の特徴量)
2026-06-19 13:49:03,995 - __main__ - INFO - グループ計算開始: group_5a_oscillators_basic
2026-06-19 13:49:03,995 - __main__ - INFO - オシレーター特徴量計算開始
2026-06-19 13:49:03,996 - __main__ - INFO - オシレーター特徴量計算完了: 30個
2026-06-19 13:49:03,997 - __main__ - INFO - 品質保証システム適用開始 (EWMベース, timeframe=H12)
2026-06-19 13:49:03,997 - __main__ - INFO - 品質保証適用: 9個の特徴量 (timeframe=H12)
2026-06-19 13:49:03,998 - __main__ - INFO - 品質保証適用完了: 9列
2026-06-19 13:49:03,999 - __main__ - INFO - グループ計算完了: group_5a_oscillators_basic - 9個の特徴量
2026-06-19 13:49:04,096 - __main__ - INFO - [Phase D-3] artifact 抽出完了 (engine_1_C): 9 features (group_5a_oscillators_basic)
2026-06-19 13:49:04,140 - __main__ - INFO - グループ処理開始: group_5b_oscillators_extended (21個の特徴量)
2026-06-19 13:49:04,141 - __main__ - INFO - グループ計算開始: group_5b_oscillators_extended
2026-06-19 13:49:04,141 - __main__ - INFO - オシレーター特徴量計算開始
2026-06-19 13:49:04,142 - __main__ - INFO - オシレーター特徴量計算完了: 30個
2026-06-19 13:49:04,143 - __main__ - INFO - 品質保証システム適用開始 (EWMベース, timeframe=H12)
2026-06-19 13:49:04,143 - __main__ - INFO - 品質保証適用: 21個の特徴量 (timeframe=H12)
2026-06-19 13:49:04,146 - __main__ - INFO - 品質保証適用完了: 21列
2026-06-19 13:49:04,146 - __main__ - INFO - グループ計算完了: group_5b_oscillators_extended - 21個の特徴量
2026-06-19 13:49:04,399 - __main__ - INFO - [Phase D-3] artifact 抽出完了 (engine_1_C): 21 features (group_5b_oscillators_extended)
2026-06-19 13:49:04,443 - __main__ - INFO - グループ処理開始: group_6a_momentum_basic (8個の特徴量)
2026-06-19 13:49:04,443 - __main__ - INFO - グループ計算開始: group_6a_momentum_basic
2026-06-19 13:49:04,444 - __main__ - INFO - モメンタム特徴量計算開始
2026-06-19 13:49:04,445 - __main__ - INFO - モメンタム特徴量計算完了: 17個
2026-06-19 13:49:04,445 - __main__ - INFO - 品質保証システム適用開始 (EWMベース, timeframe=H12)
2026-06-19 13:49:04,446 - __main__ - INFO - 品質保証適用: 8個の特徴量 (timeframe=H12)
2026-06-19 13:49:04,447 - __main__ - INFO - 品質保証適用完了: 8列
2026-06-19 13:49:04,447 - __main__ - INFO - グループ計算完了: group_6a_momentum_basic - 8個の特徴量
2026-06-19 13:49:04,535 - __main__ - INFO - [Phase D-3] artifact 抽出完了 (engine_1_C): 8 features (group_6a_momentum_basic)
2026-06-19 13:49:04,579 - __main__ - INFO - グループ処理開始: group_6b_momentum_extended (9個の特徴量)
2026-06-19 13:49:04,580 - __main__ - INFO - グループ計算開始: group_6b_momentum_extended
2026-06-19 13:49:04,580 - __main__ - INFO - モメンタム特徴量計算開始
2026-06-19 13:49:04,581 - __main__ - INFO - モメンタム特徴量計算完了: 17個
2026-06-19 13:49:04,581 - __main__ - INFO - 品質保証システム適用開始 (EWMベース, timeframe=H12)
2026-06-19 13:49:04,582 - __main__ - INFO - 品質保証適用: 9個の特徴量 (timeframe=H12)
2026-06-19 13:49:04,583 - __main__ - INFO - 品質保証適用完了: 9列
2026-06-19 13:49:04,583 - __main__ - INFO - グループ計算完了: group_6b_momentum_extended - 9個の特徴量
2026-06-19 13:49:04,732 - __main__ - INFO - [Phase D-3] artifact 抽出完了 (engine_1_C): 9 features (group_6b_momentum_extended)
2026-06-19 13:49:04,779 - __main__ - INFO - グループ処理開始: group_7_moving_averages (15個の特徴量)
2026-06-19 13:49:04,780 - __main__ - INFO - グループ計算開始: group_7_moving_averages
2026-06-19 13:49:04,780 - __main__ - INFO - 移動平均線特徴量計算開始
2026-06-19 13:49:04,782 - __main__ - INFO - 移動平均線特徴量計算完了: 39個
2026-06-19 13:49:04,783 - __main__ - INFO - 品質保証システム適用開始 (EWMベース, timeframe=H12)
2026-06-19 13:49:04,783 - __main__ - INFO - 品質保証適用: 15個の特徴量 (timeframe=H12)
2026-06-19 13:49:04,785 - __main__ - INFO - 品質保証適用完了: 15列
2026-06-19 13:49:04,785 - __main__ - INFO - グループ計算完了: group_7_moving_averages - 19個の特徴量
2026-06-19 13:49:04,956 - __main__ - INFO - [Phase D-3] artifact 抽出完了 (engine_1_C): 15 features (group_7_moving_averages)
2026-06-19 13:49:05,001 - __main__ - INFO - グループ処理開始: group_8_advanced (14個の特徴量)
2026-06-19 13:49:05,001 - __main__ - INFO - グループ計算開始: group_8_advanced
2026-06-19 13:49:05,002 - __main__ - INFO - 高度な指標特徴量計算開始
2026-06-19 13:49:05,003 - __main__ - INFO - 高度な指標特徴量計算完了: 14個
2026-06-19 13:49:05,004 - __main__ - INFO - 品質保証システム適用開始 (EWMベース, timeframe=H12)
2026-06-19 13:49:05,005 - __main__ - INFO - 品質保証適用: 14個の特徴量 (timeframe=H12)
2026-06-19 13:49:05,007 - __main__ - INFO - 品質保証適用完了: 14列
2026-06-19 13:49:05,007 - __main__ - INFO - グループ計算完了: group_8_advanced - 15個の特徴量
2026-06-19 13:49:05,262 - __main__ - INFO - [Phase D-3] artifact 抽出完了 (engine_1_C): 14 features (group_8_advanced)
2026-06-19 13:49:05,312 - __main__ - INFO - グループ処理開始: group_9_moving_extended (24個の特徴量)
2026-06-19 13:49:05,312 - __main__ - INFO - グループ計算開始: group_9_moving_extended
2026-06-19 13:49:05,313 - __main__ - INFO - 移動平均線特徴量計算開始
2026-06-19 13:49:05,314 - __main__ - INFO - 移動平均線特徴量計算完了: 39個
2026-06-19 13:49:05,315 - __main__ - INFO - 品質保証システム適用開始 (EWMベース, timeframe=H12)
2026-06-19 13:49:05,316 - __main__ - INFO - 品質保証適用: 24個の特徴量 (timeframe=H12)
2026-06-19 13:49:05,318 - __main__ - INFO - 品質保証適用完了: 24列
2026-06-19 13:49:05,318 - __main__ - INFO - グループ計算完了: group_9_moving_extended - 30個の特徴量
2026-06-19 13:49:05,625 - __main__ - INFO - [Phase D-3] artifact 抽出完了 (engine_1_C): 24 features (group_9_moving_extended)
2026-06-19 13:49:05,672 - __main__ - INFO - 全グループ計算完了。ファイルの結合を開始します...
2026-06-19 13:49:06,421 - __main__ - INFO - NaN埋め処理完了: 184個の特徴量 (basic=7, ホワイトリスト方式)
2026-06-19 13:49:06,454 - __main__ - INFO - 保存完了: features_e1c_H12.parquet (0.20MB, 0.03秒)
2026-06-19 13:49:06,454 - __main__ - INFO - === 通常処理完了: H12 - 4.20秒 ===
2026-06-19 13:49:06,455 - __main__ - INFO - === 通常処理開始: timeframe=D1 ===
2026-06-19 13:49:06,455 - __main__ - INFO - DataEngine初期化: /workspace/data/XAUUSD/stratum_1_base/master_processed
2026-06-19 13:49:06,457 - __main__ - INFO - 一時ディレクトリ作成: /tmp/features_e1c_mvbzeyxu
2026-06-19 13:49:06,457 - __main__ - INFO - CalculationEngine初期化: e1c_
2026-06-19 13:49:06,463 - __main__ - INFO - OutputEngine初期化: /workspace/data/XAUUSD/stratum_2_features/feature_value_a_vast_universeC
2026-06-19 13:49:06,496 - __main__ - INFO - データサマリー: {'columns': ['timeframe', 'timestamp', 'open', 'high', 'low', 'close', 'volume', 'disc', 'log_return', 'rolling_volatility', 'rolling_avg_volume', 'price_direction', 'price_momentum', 'volume_ratio'], 'dtypes': {'timeframe': 'String', 'timestamp': "Datetime(time_unit='ns', time_zone=None)", 'open': 'Float64', 'high': 'Float64', 'low': 'Float64', 'close': 'Float64', 'volume': 'Int64', 'disc': 'Boolean', 'log_return': 'Float64', 'rolling_volatility': 'Float64', 'rolling_avg_volume': 'Float64', 'price_direction': 'Int8', 'price_momentum': 'Float64', 'volume_ratio': 'Float64'}, 'sample_rows': 71, 'memory_usage_mb': 0.006068229675292969}
2026-06-19 13:49:06,506 - __main__ - INFO - グループ処理開始: group_1a_rsi_basic (4個の特徴量)
2026-06-19 13:49:06,506 - __main__ - INFO - グループ計算開始: group_1a_rsi_basic
2026-06-19 13:49:06,507 - __main__ - INFO - RSI特徴量計算開始
2026-06-19 13:49:06,507 - __main__ - INFO - RSI特徴量計算完了: 12個
2026-06-19 13:49:06,508 - __main__ - INFO - 品質保証システム適用開始 (EWMベース, timeframe=D1)
2026-06-19 13:49:06,508 - __main__ - INFO - 品質保証適用: 6個の特徴量 (timeframe=D1)
2026-06-19 13:49:06,509 - __main__ - INFO - 品質保証適用完了: 6列
2026-06-19 13:49:06,510 - __main__ - INFO - グループ計算完了: group_1a_rsi_basic - 6個の特徴量
2026-06-19 13:49:06,603 - __main__ - INFO - [Phase D-3] artifact 抽出完了 (engine_1_C): 6 features (group_1a_rsi_basic)
2026-06-19 13:49:06,650 - __main__ - INFO - グループ処理開始: group_1b_rsi_extended (4個の特徴量)
2026-06-19 13:49:06,650 - __main__ - INFO - グループ計算開始: group_1b_rsi_extended
2026-06-19 13:49:06,651 - __main__ - INFO - RSI特徴量計算開始
2026-06-19 13:49:06,652 - __main__ - INFO - RSI特徴量計算完了: 12個
2026-06-19 13:49:06,652 - __main__ - INFO - 品質保証システム適用開始 (EWMベース, timeframe=D1)
2026-06-19 13:49:06,653 - __main__ - INFO - 品質保証適用: 4個の特徴量 (timeframe=D1)
2026-06-19 13:49:06,653 - __main__ - INFO - 品質保証適用完了: 4列
2026-06-19 13:49:06,654 - __main__ - INFO - グループ計算完了: group_1b_rsi_extended - 4個の特徴量
2026-06-19 13:49:06,710 - __main__ - INFO - [Phase D-3] artifact 抽出完了 (engine_1_C): 4 features (group_1b_rsi_extended)
2026-06-19 13:49:06,757 - __main__ - INFO - グループ処理開始: group_1c_rsi_stochastic (2個の特徴量)
2026-06-19 13:49:06,758 - __main__ - INFO - グループ計算開始: group_1c_rsi_stochastic
2026-06-19 13:49:06,759 - __main__ - INFO - RSI特徴量計算開始
2026-06-19 13:49:06,760 - __main__ - INFO - RSI特徴量計算完了: 12個
2026-06-19 13:49:06,761 - __main__ - INFO - 品質保証システム適用開始 (EWMベース, timeframe=D1)
2026-06-19 13:49:06,762 - __main__ - INFO - 品質保証適用: 2個の特徴量 (timeframe=D1)
2026-06-19 13:49:06,762 - __main__ - INFO - 品質保証適用完了: 2列
2026-06-19 13:49:06,763 - __main__ - INFO - グループ計算完了: group_1c_rsi_stochastic - 2個の特徴量
2026-06-19 13:49:06,791 - __main__ - INFO - [Phase D-3] artifact 抽出完了 (engine_1_C): 2 features (group_1c_rsi_stochastic)
2026-06-19 13:49:06,837 - __main__ - INFO - グループ処理開始: group_1d_rsi_divergence (2個の特徴量)
2026-06-19 13:49:06,837 - __main__ - INFO - グループ計算開始: group_1d_rsi_divergence
2026-06-19 13:49:06,838 - __main__ - INFO - RSI特徴量計算開始
2026-06-19 13:49:06,838 - __main__ - INFO - RSI特徴量計算完了: 12個
2026-06-19 13:49:06,839 - __main__ - INFO - 品質保証システム適用開始 (EWMベース, timeframe=D1)
2026-06-19 13:49:06,839 - __main__ - INFO - 品質保証適用: 2個の特徴量 (timeframe=D1)
2026-06-19 13:49:06,840 - __main__ - INFO - 品質保証適用完了: 2列
2026-06-19 13:49:06,840 - __main__ - INFO - グループ計算完了: group_1d_rsi_divergence - 2個の特徴量
2026-06-19 13:49:06,878 - __main__ - INFO - [Phase D-3] artifact 抽出完了 (engine_1_C): 2 features (group_1d_rsi_divergence)
2026-06-19 13:49:06,923 - __main__ - INFO - グループ処理開始: group_2a_macd_standard (3個の特徴量)
2026-06-19 13:49:06,924 - __main__ - INFO - グループ計算開始: group_2a_macd_standard
2026-06-19 13:49:06,924 - __main__ - INFO - MACD特徴量計算開始
2026-06-19 13:49:06,925 - __main__ - INFO - MACD特徴量計算完了: 9個
2026-06-19 13:49:06,925 - __main__ - INFO - 品質保証システム適用開始 (EWMベース, timeframe=D1)
2026-06-19 13:49:06,926 - __main__ - INFO - 品質保証適用: 3個の特徴量 (timeframe=D1)
2026-06-19 13:49:06,927 - __main__ - INFO - 品質保証適用完了: 3列
2026-06-19 13:49:06,927 - __main__ - INFO - グループ計算完了: group_2a_macd_standard - 3個の特徴量
2026-06-19 13:49:06,966 - __main__ - INFO - [Phase D-3] artifact 抽出完了 (engine_1_C): 3 features (group_2a_macd_standard)
2026-06-19 13:49:07,021 - __main__ - INFO - グループ処理開始: group_2b_macd_variants (6個の特徴量)
2026-06-19 13:49:07,021 - __main__ - INFO - グループ計算開始: group_2b_macd_variants
2026-06-19 13:49:07,022 - __main__ - INFO - MACD特徴量計算開始
2026-06-19 13:49:07,022 - __main__ - INFO - MACD特徴量計算完了: 9個
2026-06-19 13:49:07,023 - __main__ - INFO - 品質保証システム適用開始 (EWMベース, timeframe=D1)
2026-06-19 13:49:07,023 - __main__ - INFO - 品質保証適用: 6個の特徴量 (timeframe=D1)
2026-06-19 13:49:07,024 - __main__ - INFO - 品質保証適用完了: 6列
2026-06-19 13:49:07,025 - __main__ - INFO - グループ計算完了: group_2b_macd_variants - 6個の特徴量
2026-06-19 13:49:07,097 - __main__ - INFO - [Phase D-3] artifact 抽出完了 (engine_1_C): 6 features (group_2b_macd_variants)
2026-06-19 13:49:07,146 - __main__ - INFO - グループ処理開始: group_3a_bb_20 (10個の特徴量)
2026-06-19 13:49:07,146 - __main__ - INFO - グループ計算開始: group_3a_bb_20
2026-06-19 13:49:07,147 - __main__ - INFO - ボリンジャーバンド特徴量計算開始
2026-06-19 13:49:07,148 - __main__ - INFO - ボリンジャーバンド特徴量計算完了: 54個
2026-06-19 13:49:07,150 - __main__ - INFO - 品質保証システム適用開始 (EWMベース, timeframe=D1)
2026-06-19 13:49:07,151 - __main__ - INFO - 品質保証適用: 14個の特徴量 (timeframe=D1)
2026-06-19 13:49:07,152 - __main__ - INFO - 品質保証適用完了: 14列
2026-06-19 13:49:07,152 - __main__ - INFO - グループ計算完了: group_3a_bb_20 - 16個の特徴量
2026-06-19 13:49:07,343 - __main__ - INFO - [Phase D-3] artifact 抽出完了 (engine_1_C): 14 features (group_3a_bb_20)
2026-06-19 13:49:07,392 - __main__ - INFO - グループ処理開始: group_3b_bb_30_50 (26個の特徴量)
2026-06-19 13:49:07,392 - __main__ - INFO - グループ計算開始: group_3b_bb_30_50
2026-06-19 13:49:07,392 - __main__ - INFO - ボリンジャーバンド特徴量計算開始
2026-06-19 13:49:07,395 - __main__ - INFO - ボリンジャーバンド特徴量計算完了: 54個
2026-06-19 13:49:07,398 - __main__ - INFO - 品質保証システム適用開始 (EWMベース, timeframe=D1)
2026-06-19 13:49:07,399 - __main__ - INFO - 品質保証適用: 30個の特徴量 (timeframe=D1)
2026-06-19 13:49:07,402 - __main__ - INFO - 品質保証適用完了: 30列
2026-06-19 13:49:07,403 - __main__ - INFO - グループ計算完了: group_3b_bb_30_50 - 38個の特徴量
2026-06-19 13:49:07,838 - __main__ - INFO - [Phase D-3] artifact 抽出完了 (engine_1_C): 30 features (group_3b_bb_30_50)
2026-06-19 13:49:07,887 - __main__ - INFO - グループ処理開始: group_3c_bb_variants (6個の特徴量)
2026-06-19 13:49:07,888 - __main__ - INFO - グループ計算開始: group_3c_bb_variants
2026-06-19 13:49:07,888 - __main__ - INFO - ボリンジャーバンド特徴量計算開始
2026-06-19 13:49:07,889 - __main__ - INFO - ボリンジャーバンド特徴量計算完了: 54個
2026-06-19 13:49:07,891 - __main__ - INFO - 品質保証システム適用開始 (EWMベース, timeframe=D1)
2026-06-19 13:49:07,892 - __main__ - INFO - 品質保証適用: 6個の特徴量 (timeframe=D1)
2026-06-19 13:49:07,893 - __main__ - INFO - 品質保証適用完了: 6列
2026-06-19 13:49:07,894 - __main__ - INFO - グループ計算完了: group_3c_bb_variants - 6個の特徴量
2026-06-19 13:49:07,974 - __main__ - INFO - [Phase D-3] artifact 抽出完了 (engine_1_C): 6 features (group_3c_bb_variants)
2026-06-19 13:49:08,017 - __main__ - INFO - グループ処理開始: group_4a_atr_basic (4個の特徴量)
2026-06-19 13:49:08,018 - __main__ - INFO - グループ計算開始: group_4a_atr_basic
2026-06-19 13:49:08,018 - __main__ - INFO - ATR特徴量計算開始
2026-06-19 13:49:08,019 - __main__ - INFO - ATR特徴量計算完了: 16個
2026-06-19 13:49:08,020 - __main__ - INFO - 品質保証システム適用開始 (EWMベース, timeframe=D1)
2026-06-19 13:49:08,020 - __main__ - INFO - 品質保証適用: 4個の特徴量 (timeframe=D1)
2026-06-19 13:49:08,021 - __main__ - INFO - 品質保証適用完了: 4列
2026-06-19 13:49:08,021 - __main__ - INFO - グループ計算完了: group_4a_atr_basic - 4個の特徴量
2026-06-19 13:49:08,066 - __main__ - INFO - [Phase D-3] artifact 抽出完了 (engine_1_C): 4 features (group_4a_atr_basic)
2026-06-19 13:49:08,109 - __main__ - INFO - グループ処理開始: group_4b_atr_extended (12個の特徴量)
2026-06-19 13:49:08,110 - __main__ - INFO - グループ計算開始: group_4b_atr_extended
2026-06-19 13:49:08,110 - __main__ - INFO - ATR特徴量計算開始
2026-06-19 13:49:08,111 - __main__ - INFO - ATR特徴量計算完了: 16個
2026-06-19 13:49:08,112 - __main__ - INFO - 品質保証システム適用開始 (EWMベース, timeframe=D1)
2026-06-19 13:49:08,112 - __main__ - INFO - 品質保証適用: 12個の特徴量 (timeframe=D1)
2026-06-19 13:49:08,114 - __main__ - INFO - 品質保証適用完了: 12列
2026-06-19 13:49:08,114 - __main__ - INFO - グループ計算完了: group_4b_atr_extended - 12個の特徴量
2026-06-19 13:49:08,251 - __main__ - INFO - [Phase D-3] artifact 抽出完了 (engine_1_C): 12 features (group_4b_atr_extended)
2026-06-19 13:49:08,294 - __main__ - INFO - グループ処理開始: group_5a_oscillators_basic (9個の特徴量)
2026-06-19 13:49:08,294 - __main__ - INFO - グループ計算開始: group_5a_oscillators_basic
2026-06-19 13:49:08,295 - __main__ - INFO - オシレーター特徴量計算開始
2026-06-19 13:49:08,296 - __main__ - INFO - オシレーター特徴量計算完了: 30個
2026-06-19 13:49:08,296 - __main__ - INFO - 品質保証システム適用開始 (EWMベース, timeframe=D1)
2026-06-19 13:49:08,297 - __main__ - INFO - 品質保証適用: 9個の特徴量 (timeframe=D1)
2026-06-19 13:49:08,298 - __main__ - INFO - 品質保証適用完了: 9列
2026-06-19 13:49:08,298 - __main__ - INFO - グループ計算完了: group_5a_oscillators_basic - 9個の特徴量
2026-06-19 13:49:08,395 - __main__ - INFO - [Phase D-3] artifact 抽出完了 (engine_1_C): 9 features (group_5a_oscillators_basic)
2026-06-19 13:49:08,438 - __main__ - INFO - グループ処理開始: group_5b_oscillators_extended (21個の特徴量)
2026-06-19 13:49:08,439 - __main__ - INFO - グループ計算開始: group_5b_oscillators_extended
2026-06-19 13:49:08,439 - __main__ - INFO - オシレーター特徴量計算開始
2026-06-19 13:49:08,440 - __main__ - INFO - オシレーター特徴量計算完了: 30個
2026-06-19 13:49:08,440 - __main__ - INFO - 品質保証システム適用開始 (EWMベース, timeframe=D1)
2026-06-19 13:49:08,441 - __main__ - INFO - 品質保証適用: 21個の特徴量 (timeframe=D1)
2026-06-19 13:49:08,443 - __main__ - INFO - 品質保証適用完了: 21列
2026-06-19 13:49:08,444 - __main__ - INFO - グループ計算完了: group_5b_oscillators_extended - 21個の特徴量
2026-06-19 13:49:08,695 - __main__ - INFO - [Phase D-3] artifact 抽出完了 (engine_1_C): 21 features (group_5b_oscillators_extended)
2026-06-19 13:49:08,739 - __main__ - INFO - グループ処理開始: group_6a_momentum_basic (8個の特徴量)
2026-06-19 13:49:08,739 - __main__ - INFO - グループ計算開始: group_6a_momentum_basic
2026-06-19 13:49:08,740 - __main__ - INFO - モメンタム特徴量計算開始
2026-06-19 13:49:08,741 - __main__ - INFO - モメンタム特徴量計算完了: 17個
2026-06-19 13:49:08,741 - __main__ - INFO - 品質保証システム適用開始 (EWMベース, timeframe=D1)
2026-06-19 13:49:08,742 - __main__ - INFO - 品質保証適用: 8個の特徴量 (timeframe=D1)
2026-06-19 13:49:08,743 - __main__ - INFO - 品質保証適用完了: 8列
2026-06-19 13:49:08,743 - __main__ - INFO - グループ計算完了: group_6a_momentum_basic - 8個の特徴量
2026-06-19 13:49:08,832 - __main__ - INFO - [Phase D-3] artifact 抽出完了 (engine_1_C): 8 features (group_6a_momentum_basic)
2026-06-19 13:49:08,881 - __main__ - INFO - グループ処理開始: group_6b_momentum_extended (9個の特徴量)
2026-06-19 13:49:08,881 - __main__ - INFO - グループ計算開始: group_6b_momentum_extended
2026-06-19 13:49:08,882 - __main__ - INFO - モメンタム特徴量計算開始
2026-06-19 13:49:08,883 - __main__ - INFO - モメンタム特徴量計算完了: 17個
2026-06-19 13:49:08,883 - __main__ - INFO - 品質保証システム適用開始 (EWMベース, timeframe=D1)
2026-06-19 13:49:08,884 - __main__ - INFO - 品質保証適用: 9個の特徴量 (timeframe=D1)
2026-06-19 13:49:08,885 - __main__ - INFO - 品質保証適用完了: 9列
2026-06-19 13:49:08,885 - __main__ - INFO - グループ計算完了: group_6b_momentum_extended - 9個の特徴量
2026-06-19 13:49:09,013 - __main__ - INFO - [Phase D-3] artifact 抽出完了 (engine_1_C): 9 features (group_6b_momentum_extended)
2026-06-19 13:49:09,064 - __main__ - INFO - グループ処理開始: group_7_moving_averages (15個の特徴量)
2026-06-19 13:49:09,065 - __main__ - INFO - グループ計算開始: group_7_moving_averages
2026-06-19 13:49:09,065 - __main__ - INFO - 移動平均線特徴量計算開始
2026-06-19 13:49:09,068 - __main__ - INFO - 移動平均線特徴量計算完了: 39個
2026-06-19 13:49:09,069 - __main__ - INFO - 品質保証システム適用開始 (EWMベース, timeframe=D1)
2026-06-19 13:49:09,070 - __main__ - INFO - 品質保証適用: 15個の特徴量 (timeframe=D1)
2026-06-19 13:49:09,072 - __main__ - INFO - 品質保証適用完了: 15列
2026-06-19 13:49:09,072 - __main__ - INFO - グループ計算完了: group_7_moving_averages - 19個の特徴量
2026-06-19 13:49:09,251 - __main__ - INFO - [Phase D-3] artifact 抽出完了 (engine_1_C): 15 features (group_7_moving_averages)
2026-06-19 13:49:09,298 - __main__ - INFO - グループ処理開始: group_8_advanced (14個の特徴量)
2026-06-19 13:49:09,299 - __main__ - INFO - グループ計算開始: group_8_advanced
2026-06-19 13:49:09,299 - __main__ - INFO - 高度な指標特徴量計算開始
2026-06-19 13:49:09,300 - __main__ - INFO - 高度な指標特徴量計算完了: 14個
2026-06-19 13:49:09,301 - __main__ - INFO - 品質保証システム適用開始 (EWMベース, timeframe=D1)
2026-06-19 13:49:09,302 - __main__ - INFO - 品質保証適用: 14個の特徴量 (timeframe=D1)
2026-06-19 13:49:09,305 - __main__ - INFO - 品質保証適用完了: 14列
2026-06-19 13:49:09,306 - __main__ - INFO - グループ計算完了: group_8_advanced - 15個の特徴量
2026-06-19 13:49:09,540 - __main__ - INFO - [Phase D-3] artifact 抽出完了 (engine_1_C): 14 features (group_8_advanced)
2026-06-19 13:49:09,588 - __main__ - INFO - グループ処理開始: group_9_moving_extended (24個の特徴量)
2026-06-19 13:49:09,588 - __main__ - INFO - グループ計算開始: group_9_moving_extended
2026-06-19 13:49:09,589 - __main__ - INFO - 移動平均線特徴量計算開始
2026-06-19 13:49:09,590 - __main__ - INFO - 移動平均線特徴量計算完了: 39個
2026-06-19 13:49:09,591 - __main__ - INFO - 品質保証システム適用開始 (EWMベース, timeframe=D1)
2026-06-19 13:49:09,592 - __main__ - INFO - 品質保証適用: 24個の特徴量 (timeframe=D1)
2026-06-19 13:49:09,594 - __main__ - INFO - 品質保証適用完了: 24列
2026-06-19 13:49:09,594 - __main__ - INFO - グループ計算完了: group_9_moving_extended - 30個の特徴量
2026-06-19 13:49:09,897 - __main__ - INFO - [Phase D-3] artifact 抽出完了 (engine_1_C): 24 features (group_9_moving_extended)
2026-06-19 13:49:09,940 - __main__ - INFO - 全グループ計算完了。ファイルの結合を開始します...
2026-06-19 13:49:10,638 - __main__ - INFO - NaN埋め処理完了: 184個の特徴量 (basic=7, ホワイトリスト方式)
2026-06-19 13:49:10,667 - __main__ - INFO - 保存完了: features_e1c_D1.parquet (0.13MB, 0.02秒)
2026-06-19 13:49:10,667 - __main__ - INFO - === 通常処理完了: D1 - 4.21秒 ===
2026-06-19 13:49:10,668 - __main__ - INFO - === 通常処理開始: timeframe=W1 ===
2026-06-19 13:49:10,669 - __main__ - INFO - DataEngine初期化: /workspace/data/XAUUSD/stratum_1_base/master_processed
2026-06-19 13:49:10,670 - __main__ - INFO - 一時ディレクトリ作成: /tmp/features_e1c_5kcr664b
2026-06-19 13:49:10,670 - __main__ - INFO - CalculationEngine初期化: e1c_
2026-06-19 13:49:10,674 - __main__ - INFO - OutputEngine初期化: /workspace/data/XAUUSD/stratum_2_features/feature_value_a_vast_universeC
2026-06-19 13:49:10,708 - __main__ - INFO - データサマリー: {'columns': ['timeframe', 'timestamp', 'open', 'high', 'low', 'close', 'volume', 'disc', 'log_return', 'rolling_volatility', 'rolling_avg_volume', 'price_direction', 'price_momentum', 'volume_ratio'], 'dtypes': {'timeframe': 'String', 'timestamp': "Datetime(time_unit='ns', time_zone=None)", 'open': 'Float64', 'high': 'Float64', 'low': 'Float64', 'close': 'Float64', 'volume': 'Int64', 'disc': 'Boolean', 'log_return': 'Float64', 'rolling_volatility': 'Float64', 'rolling_avg_volume': 'Float64', 'price_direction': 'Int8', 'price_momentum': 'Float64', 'volume_ratio': 'Float64'}, 'sample_rows': 13, 'memory_usage_mb': 0.0011272430419921875}
2026-06-19 13:49:10,716 - __main__ - INFO - グループ処理開始: group_1a_rsi_basic (4個の特徴量)
2026-06-19 13:49:10,716 - __main__ - INFO - グループ計算開始: group_1a_rsi_basic
2026-06-19 13:49:10,717 - __main__ - INFO - RSI特徴量計算開始
2026-06-19 13:49:10,717 - __main__ - INFO - RSI特徴量計算完了: 12個
2026-06-19 13:49:10,718 - __main__ - INFO - 品質保証システム適用開始 (EWMベース, timeframe=W1)
2026-06-19 13:49:10,718 - __main__ - INFO - 品質保証適用: 6個の特徴量 (timeframe=W1)
2026-06-19 13:49:10,719 - __main__ - INFO - 品質保証適用完了: 6列
2026-06-19 13:49:10,719 - __main__ - INFO - グループ計算完了: group_1a_rsi_basic - 6個の特徴量
2026-06-19 13:49:10,791 - __main__ - INFO - [Phase D-3] artifact 抽出完了 (engine_1_C): 6 features (group_1a_rsi_basic)
2026-06-19 13:49:10,835 - __main__ - INFO - グループ処理開始: group_1b_rsi_extended (4個の特徴量)
2026-06-19 13:49:10,836 - __main__ - INFO - グループ計算開始: group_1b_rsi_extended
2026-06-19 13:49:10,836 - __main__ - INFO - RSI特徴量計算開始
2026-06-19 13:49:10,837 - __main__ - INFO - RSI特徴量計算完了: 12個
2026-06-19 13:49:10,837 - __main__ - INFO - 品質保証システム適用開始 (EWMベース, timeframe=W1)
2026-06-19 13:49:10,838 - __main__ - INFO - 品質保証適用: 4個の特徴量 (timeframe=W1)
2026-06-19 13:49:10,838 - __main__ - INFO - 品質保証適用完了: 4列
2026-06-19 13:49:10,839 - __main__ - INFO - グループ計算完了: group_1b_rsi_extended - 4個の特徴量
2026-06-19 13:49:10,886 - __main__ - INFO - [Phase D-3] artifact 抽出完了 (engine_1_C): 4 features (group_1b_rsi_extended)
2026-06-19 13:49:10,928 - __main__ - INFO - グループ処理開始: group_1c_rsi_stochastic (2個の特徴量)
2026-06-19 13:49:10,929 - __main__ - INFO - グループ計算開始: group_1c_rsi_stochastic
2026-06-19 13:49:10,929 - __main__ - INFO - RSI特徴量計算開始
2026-06-19 13:49:10,930 - __main__ - INFO - RSI特徴量計算完了: 12個
2026-06-19 13:49:10,931 - __main__ - INFO - 品質保証システム適用開始 (EWMベース, timeframe=W1)
2026-06-19 13:49:10,931 - __main__ - INFO - 品質保証適用: 2個の特徴量 (timeframe=W1)
2026-06-19 13:49:10,932 - __main__ - INFO - 品質保証適用完了: 2列
2026-06-19 13:49:10,932 - __main__ - INFO - グループ計算完了: group_1c_rsi_stochastic - 2個の特徴量
2026-06-19 13:49:10,956 - __main__ - INFO - [Phase D-3] artifact 抽出完了 (engine_1_C): 2 features (group_1c_rsi_stochastic)
2026-06-19 13:49:10,997 - __main__ - INFO - グループ処理開始: group_1d_rsi_divergence (2個の特徴量)
2026-06-19 13:49:10,998 - __main__ - INFO - グループ計算開始: group_1d_rsi_divergence
2026-06-19 13:49:10,998 - __main__ - INFO - RSI特徴量計算開始
2026-06-19 13:49:10,999 - __main__ - INFO - RSI特徴量計算完了: 12個
2026-06-19 13:49:10,999 - __main__ - INFO - 品質保証システム適用開始 (EWMベース, timeframe=W1)
2026-06-19 13:49:11,000 - __main__ - INFO - 品質保証適用: 2個の特徴量 (timeframe=W1)
2026-06-19 13:49:11,001 - __main__ - INFO - 品質保証適用完了: 2列
2026-06-19 13:49:11,001 - __main__ - INFO - グループ計算完了: group_1d_rsi_divergence - 2個の特徴量
2026-06-19 13:49:11,027 - __main__ - INFO - [Phase D-3] artifact 抽出完了 (engine_1_C): 2 features (group_1d_rsi_divergence)
2026-06-19 13:49:11,071 - __main__ - INFO - グループ処理開始: group_2a_macd_standard (3個の特徴量)
2026-06-19 13:49:11,072 - __main__ - INFO - グループ計算開始: group_2a_macd_standard
2026-06-19 13:49:11,072 - __main__ - INFO - MACD特徴量計算開始
2026-06-19 13:49:11,073 - __main__ - INFO - MACD特徴量計算完了: 9個
2026-06-19 13:49:11,074 - __main__ - INFO - 品質保証システム適用開始 (EWMベース, timeframe=W1)
2026-06-19 13:49:11,074 - __main__ - INFO - 品質保証適用: 3個の特徴量 (timeframe=W1)
2026-06-19 13:49:11,075 - __main__ - INFO - 品質保証適用完了: 3列
2026-06-19 13:49:11,075 - __main__ - INFO - グループ計算完了: group_2a_macd_standard - 3個の特徴量
2026-06-19 13:49:11,107 - __main__ - INFO - [Phase D-3] artifact 抽出完了 (engine_1_C): 3 features (group_2a_macd_standard)
2026-06-19 13:49:11,151 - __main__ - INFO - グループ処理開始: group_2b_macd_variants (6個の特徴量)
2026-06-19 13:49:11,151 - __main__ - INFO - グループ計算開始: group_2b_macd_variants
2026-06-19 13:49:11,152 - __main__ - INFO - MACD特徴量計算開始
2026-06-19 13:49:11,152 - __main__ - INFO - MACD特徴量計算完了: 9個
2026-06-19 13:49:11,153 - __main__ - INFO - 品質保証システム適用開始 (EWMベース, timeframe=W1)
2026-06-19 13:49:11,153 - __main__ - INFO - 品質保証適用: 6個の特徴量 (timeframe=W1)
2026-06-19 13:49:11,154 - __main__ - INFO - 品質保証適用完了: 6列
2026-06-19 13:49:11,155 - __main__ - INFO - グループ計算完了: group_2b_macd_variants - 6個の特徴量
2026-06-19 13:49:11,216 - __main__ - INFO - [Phase D-3] artifact 抽出完了 (engine_1_C): 6 features (group_2b_macd_variants)
2026-06-19 13:49:11,259 - __main__ - INFO - グループ処理開始: group_3a_bb_20 (10個の特徴量)
2026-06-19 13:49:11,259 - __main__ - INFO - グループ計算開始: group_3a_bb_20
2026-06-19 13:49:11,260 - __main__ - INFO - ボリンジャーバンド特徴量計算開始
2026-06-19 13:49:11,261 - __main__ - INFO - ボリンジャーバンド特徴量計算完了: 54個
2026-06-19 13:49:11,263 - __main__ - INFO - 品質保証システム適用開始 (EWMベース, timeframe=W1)
2026-06-19 13:49:11,264 - __main__ - INFO - 品質保証適用: 14個の特徴量 (timeframe=W1)
2026-06-19 13:49:11,265 - __main__ - INFO - 品質保証適用完了: 14列
2026-06-19 13:49:11,266 - __main__ - INFO - グループ計算完了: group_3a_bb_20 - 16個の特徴量
2026-06-19 13:49:11,430 - __main__ - INFO - [Phase D-3] artifact 抽出完了 (engine_1_C): 14 features (group_3a_bb_20)
2026-06-19 13:49:11,472 - __main__ - INFO - グループ処理開始: group_3b_bb_30_50 (26個の特徴量)
2026-06-19 13:49:11,473 - __main__ - INFO - グループ計算開始: group_3b_bb_30_50
2026-06-19 13:49:11,473 - __main__ - INFO - ボリンジャーバンド特徴量計算開始
2026-06-19 13:49:11,474 - __main__ - INFO - ボリンジャーバンド特徴量計算完了: 54個
2026-06-19 13:49:11,476 - __main__ - INFO - 品質保証システム適用開始 (EWMベース, timeframe=W1)
2026-06-19 13:49:11,478 - __main__ - INFO - 品質保証適用: 30個の特徴量 (timeframe=W1)
2026-06-19 13:49:11,480 - __main__ - INFO - 品質保証適用完了: 30列
2026-06-19 13:49:11,480 - __main__ - INFO - グループ計算完了: group_3b_bb_30_50 - 38個の特徴量
2026-06-19 13:49:11,869 - __main__ - INFO - [Phase D-3] artifact 抽出完了 (engine_1_C): 30 features (group_3b_bb_30_50)
2026-06-19 13:49:11,914 - __main__ - INFO - グループ処理開始: group_3c_bb_variants (6個の特徴量)
2026-06-19 13:49:11,915 - __main__ - INFO - グループ計算開始: group_3c_bb_variants
2026-06-19 13:49:11,915 - __main__ - INFO - ボリンジャーバンド特徴量計算開始
2026-06-19 13:49:11,917 - __main__ - INFO - ボリンジャーバンド特徴量計算完了: 54個
2026-06-19 13:49:11,918 - __main__ - INFO - 品質保証システム適用開始 (EWMベース, timeframe=W1)
2026-06-19 13:49:11,919 - __main__ - INFO - 品質保証適用: 6個の特徴量 (timeframe=W1)
2026-06-19 13:49:11,920 - __main__ - INFO - 品質保証適用完了: 6列
2026-06-19 13:49:11,921 - __main__ - INFO - グループ計算完了: group_3c_bb_variants - 6個の特徴量
2026-06-19 13:49:11,989 - __main__ - INFO - [Phase D-3] artifact 抽出完了 (engine_1_C): 6 features (group_3c_bb_variants)
2026-06-19 13:49:12,033 - __main__ - INFO - グループ処理開始: group_4a_atr_basic (4個の特徴量)
2026-06-19 13:49:12,033 - __main__ - INFO - グループ計算開始: group_4a_atr_basic
2026-06-19 13:49:12,034 - __main__ - INFO - ATR特徴量計算開始
2026-06-19 13:49:12,034 - __main__ - INFO - ATR特徴量計算完了: 16個
2026-06-19 13:49:12,035 - __main__ - INFO - 品質保証システム適用開始 (EWMベース, timeframe=W1)
2026-06-19 13:49:12,036 - __main__ - INFO - 品質保証適用: 4個の特徴量 (timeframe=W1)
2026-06-19 13:49:12,036 - __main__ - INFO - 品質保証適用完了: 4列
2026-06-19 13:49:12,037 - __main__ - INFO - グループ計算完了: group_4a_atr_basic - 4個の特徴量
2026-06-19 13:49:12,081 - __main__ - INFO - [Phase D-3] artifact 抽出完了 (engine_1_C): 4 features (group_4a_atr_basic)
2026-06-19 13:49:12,124 - __main__ - INFO - グループ処理開始: group_4b_atr_extended (12個の特徴量)
2026-06-19 13:49:12,124 - __main__ - INFO - グループ計算開始: group_4b_atr_extended
2026-06-19 13:49:12,124 - __main__ - INFO - ATR特徴量計算開始
2026-06-19 13:49:12,125 - __main__ - INFO - ATR特徴量計算完了: 16個
2026-06-19 13:49:12,126 - __main__ - INFO - 品質保証システム適用開始 (EWMベース, timeframe=W1)
2026-06-19 13:49:12,127 - __main__ - INFO - 品質保証適用: 12個の特徴量 (timeframe=W1)
2026-06-19 13:49:12,128 - __main__ - INFO - 品質保証適用完了: 12列
2026-06-19 13:49:12,128 - __main__ - INFO - グループ計算完了: group_4b_atr_extended - 12個の特徴量
2026-06-19 13:49:12,260 - __main__ - INFO - [Phase D-3] artifact 抽出完了 (engine_1_C): 12 features (group_4b_atr_extended)
2026-06-19 13:49:12,303 - __main__ - INFO - グループ処理開始: group_5a_oscillators_basic (9個の特徴量)
2026-06-19 13:49:12,304 - __main__ - INFO - グループ計算開始: group_5a_oscillators_basic
2026-06-19 13:49:12,304 - __main__ - INFO - オシレーター特徴量計算開始
2026-06-19 13:49:12,305 - __main__ - INFO - オシレーター特徴量計算完了: 30個
2026-06-19 13:49:12,306 - __main__ - INFO - 品質保証システム適用開始 (EWMベース, timeframe=W1)
2026-06-19 13:49:12,306 - __main__ - INFO - 品質保証適用: 9個の特徴量 (timeframe=W1)
2026-06-19 13:49:12,307 - __main__ - INFO - 品質保証適用完了: 9列
2026-06-19 13:49:12,308 - __main__ - INFO - グループ計算完了: group_5a_oscillators_basic - 9個の特徴量
2026-06-19 13:49:12,399 - __main__ - INFO - [Phase D-3] artifact 抽出完了 (engine_1_C): 9 features (group_5a_oscillators_basic)
2026-06-19 13:49:12,444 - __main__ - INFO - グループ処理開始: group_5b_oscillators_extended (21個の特徴量)
2026-06-19 13:49:12,445 - __main__ - INFO - グループ計算開始: group_5b_oscillators_extended
2026-06-19 13:49:12,445 - __main__ - INFO - オシレーター特徴量計算開始
2026-06-19 13:49:12,446 - __main__ - INFO - オシレーター特徴量計算完了: 30個
2026-06-19 13:49:12,447 - __main__ - INFO - 品質保証システム適用開始 (EWMベース, timeframe=W1)
2026-06-19 13:49:12,447 - __main__ - INFO - 品質保証適用: 21個の特徴量 (timeframe=W1)
2026-06-19 13:49:12,449 - __main__ - INFO - 品質保証適用完了: 21列
2026-06-19 13:49:12,450 - __main__ - INFO - グループ計算完了: group_5b_oscillators_extended - 21個の特徴量
2026-06-19 13:49:12,673 - __main__ - INFO - [Phase D-3] artifact 抽出完了 (engine_1_C): 21 features (group_5b_oscillators_extended)
2026-06-19 13:49:12,718 - __main__ - INFO - グループ処理開始: group_6a_momentum_basic (8個の特徴量)
2026-06-19 13:49:12,719 - __main__ - INFO - グループ計算開始: group_6a_momentum_basic
2026-06-19 13:49:12,719 - __main__ - INFO - モメンタム特徴量計算開始
2026-06-19 13:49:12,720 - __main__ - INFO - モメンタム特徴量計算完了: 17個
2026-06-19 13:49:12,721 - __main__ - INFO - 品質保証システム適用開始 (EWMベース, timeframe=W1)
2026-06-19 13:49:12,722 - __main__ - INFO - 品質保証適用: 8個の特徴量 (timeframe=W1)
2026-06-19 13:49:12,723 - __main__ - INFO - 品質保証適用完了: 8列
2026-06-19 13:49:12,723 - __main__ - INFO - グループ計算完了: group_6a_momentum_basic - 8個の特徴量
2026-06-19 13:49:12,802 - __main__ - INFO - [Phase D-3] artifact 抽出完了 (engine_1_C): 8 features (group_6a_momentum_basic)
2026-06-19 13:49:12,846 - __main__ - INFO - グループ処理開始: group_6b_momentum_extended (9個の特徴量)
2026-06-19 13:49:12,846 - __main__ - INFO - グループ計算開始: group_6b_momentum_extended
2026-06-19 13:49:12,847 - __main__ - INFO - モメンタム特徴量計算開始
2026-06-19 13:49:12,847 - __main__ - INFO - モメンタム特徴量計算完了: 17個
2026-06-19 13:49:12,848 - __main__ - INFO - 品質保証システム適用開始 (EWMベース, timeframe=W1)
2026-06-19 13:49:12,848 - __main__ - INFO - 品質保証適用: 9個の特徴量 (timeframe=W1)
2026-06-19 13:49:12,850 - __main__ - INFO - 品質保証適用完了: 9列
2026-06-19 13:49:12,850 - __main__ - INFO - グループ計算完了: group_6b_momentum_extended - 9個の特徴量
2026-06-19 13:49:12,940 - __main__ - INFO - [Phase D-3] artifact 抽出完了 (engine_1_C): 9 features (group_6b_momentum_extended)
2026-06-19 13:49:12,985 - __main__ - INFO - グループ処理開始: group_7_moving_averages (15個の特徴量)
2026-06-19 13:49:12,985 - __main__ - INFO - グループ計算開始: group_7_moving_averages
2026-06-19 13:49:12,986 - __main__ - INFO - 移動平均線特徴量計算開始
2026-06-19 13:49:12,987 - __main__ - INFO - 移動平均線特徴量計算完了: 39個
2026-06-19 13:49:12,988 - __main__ - INFO - 品質保証システム適用開始 (EWMベース, timeframe=W1)
2026-06-19 13:49:12,989 - __main__ - INFO - 品質保証適用: 15個の特徴量 (timeframe=W1)
2026-06-19 13:49:12,990 - __main__ - INFO - 品質保証適用完了: 15列
2026-06-19 13:49:12,990 - __main__ - INFO - グループ計算完了: group_7_moving_averages - 19個の特徴量
2026-06-19 13:49:13,151 - __main__ - INFO - [Phase D-3] artifact 抽出完了 (engine_1_C): 15 features (group_7_moving_averages)
2026-06-19 13:49:13,192 - __main__ - INFO - グループ処理開始: group_8_advanced (14個の特徴量)
2026-06-19 13:49:13,193 - __main__ - INFO - グループ計算開始: group_8_advanced
2026-06-19 13:49:13,193 - __main__ - INFO - 高度な指標特徴量計算開始
2026-06-19 13:49:13,194 - __main__ - INFO - 高度な指標特徴量計算完了: 14個
2026-06-19 13:49:13,195 - __main__ - INFO - 品質保証システム適用開始 (EWMベース, timeframe=W1)
2026-06-19 13:49:13,197 - __main__ - INFO - 品質保証適用: 14個の特徴量 (timeframe=W1)
2026-06-19 13:49:13,198 - __main__ - INFO - 品質保証適用完了: 14列
2026-06-19 13:49:13,198 - __main__ - INFO - グループ計算完了: group_8_advanced - 15個の特徴量
2026-06-19 13:49:13,357 - __main__ - INFO - [Phase D-3] artifact 抽出完了 (engine_1_C): 14 features (group_8_advanced)
2026-06-19 13:49:13,401 - __main__ - INFO - グループ処理開始: group_9_moving_extended (24個の特徴量)
2026-06-19 13:49:13,402 - __main__ - INFO - グループ計算開始: group_9_moving_extended
2026-06-19 13:49:13,402 - __main__ - INFO - 移動平均線特徴量計算開始
2026-06-19 13:49:13,404 - __main__ - INFO - 移動平均線特徴量計算完了: 39個
2026-06-19 13:49:13,405 - __main__ - INFO - 品質保証システム適用開始 (EWMベース, timeframe=W1)
2026-06-19 13:49:13,405 - __main__ - INFO - 品質保証適用: 24個の特徴量 (timeframe=W1)
2026-06-19 13:49:13,407 - __main__ - INFO - 品質保証適用完了: 24列
2026-06-19 13:49:13,408 - __main__ - INFO - グループ計算完了: group_9_moving_extended - 30個の特徴量
2026-06-19 13:49:13,691 - __main__ - INFO - [Phase D-3] artifact 抽出完了 (engine_1_C): 24 features (group_9_moving_extended)
2026-06-19 13:49:13,736 - __main__ - INFO - 全グループ計算完了。ファイルの結合を開始します...
2026-06-19 13:49:14,443 - __main__ - INFO - NaN埋め処理完了: 184個の特徴量 (basic=7, ホワイトリスト方式)
2026-06-19 13:49:14,467 - __main__ - INFO - 保存完了: features_e1c_W1.parquet (0.07MB, 0.02秒)
2026-06-19 13:49:14,468 - __main__ - INFO - === 通常処理完了: W1 - 3.80秒 ===
2026-06-19 13:49:14,469 - __main__ - INFO - === 通常処理開始: timeframe=MN ===
2026-06-19 13:49:14,469 - __main__ - INFO - DataEngine初期化: /workspace/data/XAUUSD/stratum_1_base/master_processed
2026-06-19 13:49:14,470 - __main__ - INFO - 一時ディレクトリ作成: /tmp/features_e1c_boys_0vp
2026-06-19 13:49:14,470 - __main__ - INFO - CalculationEngine初期化: e1c_
2026-06-19 13:49:14,474 - __main__ - INFO - OutputEngine初期化: /workspace/data/XAUUSD/stratum_2_features/feature_value_a_vast_universeC
2026-06-19 13:49:14,504 - __main__ - INFO - データサマリー: {'columns': ['timeframe', 'timestamp', 'open', 'high', 'low', 'close', 'volume', 'disc', 'log_return', 'rolling_volatility', 'rolling_avg_volume', 'price_direction', 'price_momentum', 'volume_ratio'], 'dtypes': {'timeframe': 'String', 'timestamp': "Datetime(time_unit='ns', time_zone=None)", 'open': 'Float64', 'high': 'Float64', 'low': 'Float64', 'close': 'Float64', 'volume': 'Int64', 'disc': 'Boolean', 'log_return': 'Float64', 'rolling_volatility': 'Float64', 'rolling_avg_volume': 'Float64', 'price_direction': 'Int8', 'price_momentum': 'Float64', 'volume_ratio': 'Float64'}, 'sample_rows': 4, 'memory_usage_mb': 0.00035572052001953125}
2026-06-19 13:49:14,511 - __main__ - INFO - グループ処理開始: group_1a_rsi_basic (4個の特徴量)
2026-06-19 13:49:14,511 - __main__ - INFO - グループ計算開始: group_1a_rsi_basic
2026-06-19 13:49:14,512 - __main__ - INFO - RSI特徴量計算開始
2026-06-19 13:49:14,512 - __main__ - INFO - RSI特徴量計算完了: 12個
2026-06-19 13:49:14,513 - __main__ - INFO - 品質保証システム適用開始 (EWMベース, timeframe=MN)
2026-06-19 13:49:14,514 - __main__ - INFO - 品質保証適用: 6個の特徴量 (timeframe=MN)
2026-06-19 13:49:14,514 - __main__ - INFO - 品質保証適用完了: 6列
2026-06-19 13:49:14,515 - __main__ - INFO - グループ計算完了: group_1a_rsi_basic - 6個の特徴量
2026-06-19 13:49:14,576 - __main__ - INFO - [Phase D-3] artifact 抽出完了 (engine_1_C): 6 features (group_1a_rsi_basic)
2026-06-19 13:49:14,618 - __main__ - INFO - グループ処理開始: group_1b_rsi_extended (4個の特徴量)
2026-06-19 13:49:14,619 - __main__ - INFO - グループ計算開始: group_1b_rsi_extended
2026-06-19 13:49:14,619 - __main__ - INFO - RSI特徴量計算開始
2026-06-19 13:49:14,620 - __main__ - INFO - RSI特徴量計算完了: 12個
2026-06-19 13:49:14,621 - __main__ - INFO - 品質保証システム適用開始 (EWMベース, timeframe=MN)
2026-06-19 13:49:14,621 - __main__ - INFO - 品質保証適用: 4個の特徴量 (timeframe=MN)
2026-06-19 13:49:14,622 - __main__ - INFO - 品質保証適用完了: 4列
2026-06-19 13:49:14,622 - __main__ - INFO - グループ計算完了: group_1b_rsi_extended - 4個の特徴量
2026-06-19 13:49:14,664 - __main__ - INFO - [Phase D-3] artifact 抽出完了 (engine_1_C): 4 features (group_1b_rsi_extended)
2026-06-19 13:49:14,707 - __main__ - INFO - グループ処理開始: group_1c_rsi_stochastic (2個の特徴量)
2026-06-19 13:49:14,708 - __main__ - INFO - グループ計算開始: group_1c_rsi_stochastic
2026-06-19 13:49:14,708 - __main__ - INFO - RSI特徴量計算開始
2026-06-19 13:49:14,708 - __main__ - INFO - RSI特徴量計算完了: 12個
2026-06-19 13:49:14,709 - __main__ - INFO - 品質保証システム適用開始 (EWMベース, timeframe=MN)
2026-06-19 13:49:14,710 - __main__ - INFO - 品質保証適用: 2個の特徴量 (timeframe=MN)
2026-06-19 13:49:14,710 - __main__ - INFO - 品質保証適用完了: 2列
2026-06-19 13:49:14,711 - __main__ - INFO - グループ計算完了: group_1c_rsi_stochastic - 2個の特徴量
2026-06-19 13:49:14,732 - __main__ - INFO - [Phase D-3] artifact 抽出完了 (engine_1_C): 2 features (group_1c_rsi_stochastic)
2026-06-19 13:49:14,775 - __main__ - INFO - グループ処理開始: group_1d_rsi_divergence (2個の特徴量)
2026-06-19 13:49:14,775 - __main__ - INFO - グループ計算開始: group_1d_rsi_divergence
2026-06-19 13:49:14,775 - __main__ - INFO - RSI特徴量計算開始
2026-06-19 13:49:14,776 - __main__ - INFO - RSI特徴量計算完了: 12個
2026-06-19 13:49:14,777 - __main__ - INFO - 品質保証システム適用開始 (EWMベース, timeframe=MN)
2026-06-19 13:49:14,777 - __main__ - INFO - 品質保証適用: 2個の特徴量 (timeframe=MN)
2026-06-19 13:49:14,778 - __main__ - INFO - 品質保証適用完了: 2列
2026-06-19 13:49:14,778 - __main__ - INFO - グループ計算完了: group_1d_rsi_divergence - 2個の特徴量
2026-06-19 13:49:14,805 - __main__ - INFO - [Phase D-3] artifact 抽出完了 (engine_1_C): 2 features (group_1d_rsi_divergence)
2026-06-19 13:49:14,846 - __main__ - INFO - グループ処理開始: group_2a_macd_standard (3個の特徴量)
2026-06-19 13:49:14,847 - __main__ - INFO - グループ計算開始: group_2a_macd_standard
2026-06-19 13:49:14,847 - __main__ - INFO - MACD特徴量計算開始
2026-06-19 13:49:14,848 - __main__ - INFO - MACD特徴量計算完了: 9個
2026-06-19 13:49:14,849 - __main__ - INFO - 品質保証システム適用開始 (EWMベース, timeframe=MN)
2026-06-19 13:49:14,849 - __main__ - INFO - 品質保証適用: 3個の特徴量 (timeframe=MN)
2026-06-19 13:49:14,850 - __main__ - INFO - 品質保証適用完了: 3列
2026-06-19 13:49:14,850 - __main__ - INFO - グループ計算完了: group_2a_macd_standard - 3個の特徴量
2026-06-19 13:49:14,882 - __main__ - INFO - [Phase D-3] artifact 抽出完了 (engine_1_C): 3 features (group_2a_macd_standard)
2026-06-19 13:49:14,925 - __main__ - INFO - グループ処理開始: group_2b_macd_variants (6個の特徴量)
2026-06-19 13:49:14,925 - __main__ - INFO - グループ計算開始: group_2b_macd_variants
2026-06-19 13:49:14,925 - __main__ - INFO - MACD特徴量計算開始
2026-06-19 13:49:14,926 - __main__ - INFO - MACD特徴量計算完了: 9個
2026-06-19 13:49:14,927 - __main__ - INFO - 品質保証システム適用開始 (EWMベース, timeframe=MN)
2026-06-19 13:49:14,927 - __main__ - INFO - 品質保証適用: 6個の特徴量 (timeframe=MN)
2026-06-19 13:49:14,928 - __main__ - INFO - 品質保証適用完了: 6列
2026-06-19 13:49:14,929 - __main__ - INFO - グループ計算完了: group_2b_macd_variants - 6個の特徴量
2026-06-19 13:49:14,987 - __main__ - INFO - [Phase D-3] artifact 抽出完了 (engine_1_C): 6 features (group_2b_macd_variants)
2026-06-19 13:49:15,031 - __main__ - INFO - グループ処理開始: group_3a_bb_20 (10個の特徴量)
2026-06-19 13:49:15,032 - __main__ - INFO - グループ計算開始: group_3a_bb_20
2026-06-19 13:49:15,032 - __main__ - INFO - ボリンジャーバンド特徴量計算開始
2026-06-19 13:49:15,033 - __main__ - INFO - ボリンジャーバンド特徴量計算完了: 54個
2026-06-19 13:49:15,035 - __main__ - INFO - 品質保証システム適用開始 (EWMベース, timeframe=MN)
2026-06-19 13:49:15,036 - __main__ - INFO - 品質保証適用: 14個の特徴量 (timeframe=MN)
2026-06-19 13:49:15,038 - __main__ - INFO - 品質保証適用完了: 14列
2026-06-19 13:49:15,038 - __main__ - INFO - グループ計算完了: group_3a_bb_20 - 16個の特徴量
2026-06-19 13:49:15,197 - __main__ - INFO - [Phase D-3] artifact 抽出完了 (engine_1_C): 14 features (group_3a_bb_20)
2026-06-19 13:49:15,240 - __main__ - INFO - グループ処理開始: group_3b_bb_30_50 (26個の特徴量)
2026-06-19 13:49:15,241 - __main__ - INFO - グループ計算開始: group_3b_bb_30_50
2026-06-19 13:49:15,241 - __main__ - INFO - ボリンジャーバンド特徴量計算開始
2026-06-19 13:49:15,243 - __main__ - INFO - ボリンジャーバンド特徴量計算完了: 54個
2026-06-19 13:49:15,245 - __main__ - INFO - 品質保証システム適用開始 (EWMベース, timeframe=MN)
2026-06-19 13:49:15,246 - __main__ - INFO - 品質保証適用: 30個の特徴量 (timeframe=MN)
2026-06-19 13:49:15,249 - __main__ - INFO - 品質保証適用完了: 30列
2026-06-19 13:49:15,249 - __main__ - INFO - グループ計算完了: group_3b_bb_30_50 - 38個の特徴量
2026-06-19 13:49:15,628 - __main__ - INFO - [Phase D-3] artifact 抽出完了 (engine_1_C): 30 features (group_3b_bb_30_50)
2026-06-19 13:49:15,673 - __main__ - INFO - グループ処理開始: group_3c_bb_variants (6個の特徴量)
2026-06-19 13:49:15,674 - __main__ - INFO - グループ計算開始: group_3c_bb_variants
2026-06-19 13:49:15,674 - __main__ - INFO - ボリンジャーバンド特徴量計算開始
2026-06-19 13:49:15,676 - __main__ - INFO - ボリンジャーバンド特徴量計算完了: 54個
2026-06-19 13:49:15,678 - __main__ - INFO - 品質保証システム適用開始 (EWMベース, timeframe=MN)
2026-06-19 13:49:15,679 - __main__ - INFO - 品質保証適用: 6個の特徴量 (timeframe=MN)
2026-06-19 13:49:15,680 - __main__ - INFO - 品質保証適用完了: 6列
2026-06-19 13:49:15,680 - __main__ - INFO - グループ計算完了: group_3c_bb_variants - 6個の特徴量
2026-06-19 13:49:15,745 - __main__ - INFO - [Phase D-3] artifact 抽出完了 (engine_1_C): 6 features (group_3c_bb_variants)
2026-06-19 13:49:15,788 - __main__ - INFO - グループ処理開始: group_4a_atr_basic (4個の特徴量)
2026-06-19 13:49:15,789 - __main__ - INFO - グループ計算開始: group_4a_atr_basic
2026-06-19 13:49:15,789 - __main__ - INFO - ATR特徴量計算開始
2026-06-19 13:49:15,790 - __main__ - INFO - ATR特徴量計算完了: 16個
2026-06-19 13:49:15,790 - __main__ - INFO - 品質保証システム適用開始 (EWMベース, timeframe=MN)
2026-06-19 13:49:15,791 - __main__ - INFO - 品質保証適用: 4個の特徴量 (timeframe=MN)
2026-06-19 13:49:15,792 - __main__ - INFO - 品質保証適用完了: 4列
2026-06-19 13:49:15,792 - __main__ - INFO - グループ計算完了: group_4a_atr_basic - 4個の特徴量
2026-06-19 13:49:15,834 - __main__ - INFO - [Phase D-3] artifact 抽出完了 (engine_1_C): 4 features (group_4a_atr_basic)
2026-06-19 13:49:15,876 - __main__ - INFO - グループ処理開始: group_4b_atr_extended (12個の特徴量)
2026-06-19 13:49:15,876 - __main__ - INFO - グループ計算開始: group_4b_atr_extended
2026-06-19 13:49:15,876 - __main__ - INFO - ATR特徴量計算開始
2026-06-19 13:49:15,877 - __main__ - INFO - ATR特徴量計算完了: 16個
2026-06-19 13:49:15,878 - __main__ - INFO - 品質保証システム適用開始 (EWMベース, timeframe=MN)
2026-06-19 13:49:15,879 - __main__ - INFO - 品質保証適用: 12個の特徴量 (timeframe=MN)
2026-06-19 13:49:15,880 - __main__ - INFO - 品質保証適用完了: 12列
2026-06-19 13:49:15,880 - __main__ - INFO - グループ計算完了: group_4b_atr_extended - 12個の特徴量
2026-06-19 13:49:16,006 - __main__ - INFO - [Phase D-3] artifact 抽出完了 (engine_1_C): 12 features (group_4b_atr_extended)
2026-06-19 13:49:16,050 - __main__ - INFO - グループ処理開始: group_5a_oscillators_basic (9個の特徴量)
2026-06-19 13:49:16,051 - __main__ - INFO - グループ計算開始: group_5a_oscillators_basic
2026-06-19 13:49:16,051 - __main__ - INFO - オシレーター特徴量計算開始
2026-06-19 13:49:16,052 - __main__ - INFO - オシレーター特徴量計算完了: 30個
2026-06-19 13:49:16,053 - __main__ - INFO - 品質保証システム適用開始 (EWMベース, timeframe=MN)
2026-06-19 13:49:16,053 - __main__ - INFO - 品質保証適用: 9個の特徴量 (timeframe=MN)
2026-06-19 13:49:16,054 - __main__ - INFO - 品質保証適用完了: 9列
2026-06-19 13:49:16,055 - __main__ - INFO - グループ計算完了: group_5a_oscillators_basic - 9個の特徴量
2026-06-19 13:49:16,142 - __main__ - INFO - [Phase D-3] artifact 抽出完了 (engine_1_C): 9 features (group_5a_oscillators_basic)
2026-06-19 13:49:16,186 - __main__ - INFO - グループ処理開始: group_5b_oscillators_extended (21個の特徴量)
2026-06-19 13:49:16,187 - __main__ - INFO - グループ計算開始: group_5b_oscillators_extended
2026-06-19 13:49:16,187 - __main__ - INFO - オシレーター特徴量計算開始
2026-06-19 13:49:16,188 - __main__ - INFO - オシレーター特徴量計算完了: 30個
2026-06-19 13:49:16,188 - __main__ - INFO - 品質保証システム適用開始 (EWMベース, timeframe=MN)
2026-06-19 13:49:16,189 - __main__ - INFO - 品質保証適用: 21個の特徴量 (timeframe=MN)
2026-06-19 13:49:16,191 - __main__ - INFO - 品質保証適用完了: 21列
2026-06-19 13:49:16,191 - __main__ - INFO - グループ計算完了: group_5b_oscillators_extended - 21個の特徴量
2026-06-19 13:49:16,418 - __main__ - INFO - [Phase D-3] artifact 抽出完了 (engine_1_C): 21 features (group_5b_oscillators_extended)
2026-06-19 13:49:16,461 - __main__ - INFO - グループ処理開始: group_6a_momentum_basic (8個の特徴量)
2026-06-19 13:49:16,462 - __main__ - INFO - グループ計算開始: group_6a_momentum_basic
2026-06-19 13:49:16,462 - __main__ - INFO - モメンタム特徴量計算開始
2026-06-19 13:49:16,463 - __main__ - INFO - モメンタム特徴量計算完了: 17個
2026-06-19 13:49:16,464 - __main__ - INFO - 品質保証システム適用開始 (EWMベース, timeframe=MN)
2026-06-19 13:49:16,465 - __main__ - INFO - 品質保証適用: 8個の特徴量 (timeframe=MN)
2026-06-19 13:49:16,466 - __main__ - INFO - 品質保証適用完了: 8列
2026-06-19 13:49:16,466 - __main__ - INFO - グループ計算完了: group_6a_momentum_basic - 8個の特徴量
2026-06-19 13:49:16,544 - __main__ - INFO - [Phase D-3] artifact 抽出完了 (engine_1_C): 8 features (group_6a_momentum_basic)
2026-06-19 13:49:16,586 - __main__ - INFO - グループ処理開始: group_6b_momentum_extended (9個の特徴量)
2026-06-19 13:49:16,587 - __main__ - INFO - グループ計算開始: group_6b_momentum_extended
2026-06-19 13:49:16,587 - __main__ - INFO - モメンタム特徴量計算開始
2026-06-19 13:49:16,588 - __main__ - INFO - モメンタム特徴量計算完了: 17個
2026-06-19 13:49:16,588 - __main__ - INFO - 品質保証システム適用開始 (EWMベース, timeframe=MN)
2026-06-19 13:49:16,589 - __main__ - INFO - 品質保証適用: 9個の特徴量 (timeframe=MN)
2026-06-19 13:49:16,590 - __main__ - INFO - 品質保証適用完了: 9列
2026-06-19 13:49:16,590 - __main__ - INFO - グループ計算完了: group_6b_momentum_extended - 9個の特徴量
2026-06-19 13:49:16,683 - __main__ - INFO - [Phase D-3] artifact 抽出完了 (engine_1_C): 9 features (group_6b_momentum_extended)
2026-06-19 13:49:16,726 - __main__ - INFO - グループ処理開始: group_7_moving_averages (15個の特徴量)
2026-06-19 13:49:16,727 - __main__ - INFO - グループ計算開始: group_7_moving_averages
2026-06-19 13:49:16,727 - __main__ - INFO - 移動平均線特徴量計算開始
2026-06-19 13:49:16,729 - __main__ - INFO - 移動平均線特徴量計算完了: 39個
2026-06-19 13:49:16,730 - __main__ - INFO - 品質保証システム適用開始 (EWMベース, timeframe=MN)
2026-06-19 13:49:16,731 - __main__ - INFO - 品質保証適用: 15個の特徴量 (timeframe=MN)
2026-06-19 13:49:16,732 - __main__ - INFO - 品質保証適用完了: 15列
2026-06-19 13:49:16,732 - __main__ - INFO - グループ計算完了: group_7_moving_averages - 19個の特徴量
2026-06-19 13:49:16,891 - __main__ - INFO - [Phase D-3] artifact 抽出完了 (engine_1_C): 15 features (group_7_moving_averages)
2026-06-19 13:49:16,935 - __main__ - INFO - グループ処理開始: group_8_advanced (14個の特徴量)
2026-06-19 13:49:16,936 - __main__ - INFO - グループ計算開始: group_8_advanced
2026-06-19 13:49:16,936 - __main__ - INFO - 高度な指標特徴量計算開始
2026-06-19 13:49:16,937 - __main__ - INFO - 高度な指標特徴量計算完了: 14個
2026-06-19 13:49:16,938 - __main__ - INFO - 品質保証システム適用開始 (EWMベース, timeframe=MN)
2026-06-19 13:49:16,940 - __main__ - INFO - 品質保証適用: 14個の特徴量 (timeframe=MN)
2026-06-19 13:49:16,941 - __main__ - INFO - 品質保証適用完了: 14列
2026-06-19 13:49:16,941 - __main__ - INFO - グループ計算完了: group_8_advanced - 15個の特徴量
2026-06-19 13:49:17,091 - __main__ - INFO - [Phase D-3] artifact 抽出完了 (engine_1_C): 14 features (group_8_advanced)
2026-06-19 13:49:17,135 - __main__ - INFO - グループ処理開始: group_9_moving_extended (24個の特徴量)
2026-06-19 13:49:17,135 - __main__ - INFO - グループ計算開始: group_9_moving_extended
2026-06-19 13:49:17,136 - __main__ - INFO - 移動平均線特徴量計算開始
2026-06-19 13:49:17,137 - __main__ - INFO - 移動平均線特徴量計算完了: 39個
2026-06-19 13:49:17,138 - __main__ - INFO - 品質保証システム適用開始 (EWMベース, timeframe=MN)
2026-06-19 13:49:17,139 - __main__ - INFO - 品質保証適用: 24個の特徴量 (timeframe=MN)
2026-06-19 13:49:17,141 - __main__ - INFO - 品質保証適用完了: 24列
2026-06-19 13:49:17,142 - __main__ - INFO - グループ計算完了: group_9_moving_extended - 30個の特徴量
2026-06-19 13:49:17,415 - __main__ - INFO - [Phase D-3] artifact 抽出完了 (engine_1_C): 24 features (group_9_moving_extended)
2026-06-19 13:49:17,462 - __main__ - INFO - 全グループ計算完了。ファイルの結合を開始します...
2026-06-19 13:49:18,171 - __main__ - INFO - NaN埋め処理完了: 184個の特徴量 (basic=7, ホワイトリスト方式)
2026-06-19 13:49:18,191 - __main__ - INFO - 保存完了: features_e1c_MN.parquet (0.06MB, 0.02秒)
2026-06-19 13:49:18,191 - __main__ - INFO - === 通常処理完了: MN - 3.72秒 ===
2026-06-19 13:49:18,217 - __main__ - INFO - [Phase D-3] QAState artifact 保存完了: /workspace/data/XAUUSD/stratum_3_artifacts/qa_states_v5/qa_state_e1c.pkl (2576 entries)
